track_id,artists,album_name,track_name,popularity,duration_ms,explicit,danceability,energy,key,loudness,mode,speechiness,acousticness,instrumentalness,liveness,valence,tempo,time_signature,track_genre,community_id
25yup6WYnPoITrfzhkBLmt,Powfu;Sarcastic Sounds,"Some Boring, Love Stories",I Can't Sleep,61,152500,True,0.805,0.479,6,-9.238,0,0.363,0.182,3.41e-06,0.346,0.363,80.454,4,sad,0
2Nup8oYRzBaqtPSU9qnkls,Connor Price;John Roa,Don't Tell Me,Don't Tell Me,51,177620,False,0.598,0.464,10,-11.27,0,0.0713,0.16,0.0,0.0978,0.264,113.815,4,sad,0
4WvApvScQ8ofzDIqgpScmb,Eric Reprid,June Blues,June Blues,48,187964,True,0.941,0.551,1,-5.659,0,0.0534,0.331,2.97e-05,0.106,0.702,98.014,4,sad,0
6TVqffNTpDAlfCtDIKyFbZ,Connor Price;4Korners,Marathon,Marathon,62,136062,False,0.855,0.405,0,-10.189,0,0.199,0.0415,8.39e-06,0.209,0.522,87.007,4,sad,0
4E4DQVf8GNBvvOaLfvIcvZ,Dybbukk;Sabrina Gomes;Dybbukk Covers,It's Not So Bad,It's Not So Bad,69,140617,False,0.758,0.488,1,-9.124,1,0.109,0.00468,0.294,0.418,0.399,137.506,4,sad,0
3JhO0BxHyvU5oUVm0JDGnJ,Rxseboy;Julia Alexa;Zaini,i don't wanna be me anymore (feat. Julia Alexa & Zaini),i don't wanna be me anymore (feat. Julia Alexa & Zaini),50,163658,False,0.718,0.4,1,-10.982,1,0.265,0.796,0.0,0.177,0.398,71.534,4,sad,0
5OdIMoELVs6AE5KifEOWWw,Thr13tn,I'm Not Okay,I'm Not Okay,40,188000,True,0.582,0.298,8,-11.6,0,0.0439,0.731,0.000116,0.0914,0.114,120.147,4,sad,0
4LMlIX9Y8qziRafzW30mGc,Skinny Atlas;Snøw;cøzybøy,you never meant it,you never meant it,67,117692,True,0.792,0.551,7,-5.769,1,0.037,0.307,0.0,0.101,0.45,103.967,4,sad,0
7fTQ6WNMNr7WaEYyeFp0GG,poofi.,My My My Girl,My My My Girl,44,130908,False,0.673,0.354,11,-15.846,0,0.0553,0.686,0.787,0.0787,0.282,102.623,4,sad,0
6hbK9zJUAlB5PYL15SzKtB,Powfu;Rxseboy,Letters in December,Letters in December,51,150000,False,0.634,0.32,1,-9.514,1,0.093,0.911,0.000159,0.0859,0.41,79.931,4,sad,0
2vjzbykgEw97mF7kxfL8cW,Powfu;Scapegoat,some boring love stories pt 5,no promises (feat. Scapegoat),51,188800,False,0.684,0.457,0,-7.248,1,0.0491,0.559,0.0,0.189,0.46,75.018,4,sad,0
6csnwIgGERqEg8QukutAGV,Yxngxr1,Childhood Dreams,"Damn, She Just Broke Up w/ Me",53,126000,True,0.807,0.588,6,-9.476,1,0.198,0.835,0.0,0.0936,0.661,89.931,4,sad,0
7KW1AtQKFToSoF1kmyk2wE,Powfu;Jaden;Sarcastic Sounds,tell me your feelings and i won't tell you mine,snowflake (feat. Jaden & Sarcastic Sounds),64,187500,True,0.419,0.408,9,-10.899,0,0.25,0.95,0.0,0.35,0.502,62.829,4,sad,0
6mXr2u0mnE65w1jUCQb35s,Shozzy,City Nights,City Nights,36,154749,False,0.713,0.747,1,-5.311,0,0.0368,0.239,0.0,0.109,0.404,101.057,4,sad,0
4ZLzoOkj0MPWrTLvooIuaa,Kina;Snøw,Get You The Moon (feat. Snøw),Get You The Moon (feat. Snøw),80,179080,False,0.498,0.235,1,-16.541,0,0.188,0.72,0.0,0.144,0.0895,118.917,4,sad,0
4XG1Qzm7iqLzntA22qeI7M,cryy;Snøw,until sunrise,until sunrise,50,103200,False,0.784,0.146,10,-18.221,1,0.0552,0.739,0.00523,0.0991,0.191,75.035,4,sad,0
5XQursPvzq4c0bIrSF0oJk,Dro Kenji,WITH OR WITHOUT YOU,VANISH,53,130612,True,0.749,0.665,4,-6.8,0,0.0303,0.159,3.63e-05,0.116,0.471,146.968,4,sad,0
6MZ91tbZxwwqimJffOoLsW,Lui Joseph,Computer Crash,Computer Crash,62,169508,False,0.782,0.52,7,-9.338,0,0.171,0.174,0.0,0.0747,0.495,113.958,4,sad,0
69XgyxmE6zl5SmHf2NvjqU,Powfu,"some boring love stories, pt. 4",when things were awkward,44,136438,False,0.506,0.33,6,-12.362,1,0.0892,0.782,0.0,0.132,0.696,72.871,4,sad,0
6HdrRVMieDZtv0vldfZxqg,Rarin,Day Ones,Day Ones,47,134913,True,0.739,0.639,9,-8.636,1,0.253,0.119,0.0,0.119,0.482,143.044,4,sad,0
64XGKpzNUEBskFPdMAjeEU,Yusei,Tell Me Pretty Lies,Tell Me Pretty Lies,57,269295,False,0.627,0.316,3,-15.572,0,0.314,0.962,0.91,0.115,0.124,114.643,4,sad,0
0bCgcTDkZ1RhguEeuUhZ9k,Yusei,Aesthetic Girl,Aesthetic Girl,54,258144,False,0.707,0.486,9,-8.16,0,0.174,0.973,0.916,0.529,0.519,169.945,4,sad,0
2PqRGBqhO6QoIPyhvQSFCl,Mishaal;Powfu,Life's a Ride,Friends (feat. Powfu),44,155320,False,0.711,0.589,8,-5.866,1,0.0431,0.103,0.0,0.161,0.241,87.965,4,sad,0
3nIlBeSIVnDbWFO3mExxV2,Aries,"BELIEVE IN ME, WHO BELIEVES IN YOU",FOOL'S GOLD,60,149843,False,0.662,0.525,6,-8.546,0,0.0341,0.281,0.0,0.199,0.577,133.937,4,sad,0
52ZWNeOEBXdrVb2Im3Anht,Kina;Galvanic;Silent Child,6 ft deep (feat. Galvanic & Silent Child),6 ft deep (feat. Galvanic & Silent Child),48,196000,False,0.515,0.53,10,-8.767,1,0.0444,0.197,0.00012,0.108,0.0764,120.474,4,sad,0
2kx5sQgmjYug0GiDh1a4sU,Cheriimoya;Sierra Kidd,"Living Life, In The Night","Living Life, In The Night",83,122517,True,0.624,0.499,0,-9.962,0,0.0495,0.82,0.0,0.12,0.298,143.249,4,sad,0
3h0xzCrYEVVFhhycY7jGBs,Aries,WELCOME HOME,SAYONARA,58,180789,True,0.548,0.63,5,-6.1,1,0.0343,0.0111,0.000721,0.128,0.338,75.972,4,sad,0
5ypAP72387351HVZfZoWAO,Ollie,Auburn Skies,Auburn Skies,52,136740,False,0.671,0.326,1,-5.369,1,0.0528,0.701,0.00792,0.0936,0.342,60.484,4,sad,0
4KDPmYwyLXASBKqKW3W9BW,TheHxliday,Mega Hits Autumn/Fall 2022,Doses,1,192578,False,0.839,0.542,7,-5.189,0,0.0455,0.128,0.0,0.141,0.726,91.011,4,sad,0
6sx0LC4zyYKtFsW3fmDfsk,Lofi Temptation,two of us,two of us,38,135582,False,0.88,0.194,11,-13.696,1,0.0936,0.768,0.858,0.105,0.352,155.825,4,sad,0
0opflBNj8NQehW3Q0oXueA,LIL DUSTY G,UNDERGROWTH,IDENTITIES,59,115662,False,0.75,0.618,1,-4.633,0,0.0761,0.0273,0.149,0.102,0.548,83.004,4,sad,0
4ueFzFDxIKvff2dgDHot3v,Ollie,Sunsets & Goodbyes,sad sad,37,241584,False,0.801,0.392,10,-6.458,1,0.229,0.865,0.00289,0.127,0.495,80.008,4,sad,0
72fp5rYlQIZ3Dqtwq2uVy0,Powfu;Jomie,watch me miss (feat. Jomie),watch me miss (feat. Jomie),57,156585,False,0.73,0.555,8,-4.62,1,0.0514,0.534,0.0,0.137,0.502,81.968,4,sad,0
4VwZ9jqqM8rl5SqjdxHVka,Khantrast,You Got Jokes,You Got Jokes,55,145379,True,0.754,0.677,10,-9.005,0,0.224,0.119,0.0,0.261,0.756,101.91,4,sad,0
4pbcWPWlVftf3uSTDE3NQD,Ely Waves,Just Hold Me,Just Hold Me,52,204771,False,0.704,0.566,10,-10.917,0,0.346,0.258,0.0,0.0564,0.323,118.142,4,sad,0
3SHvIoVmLn9OgTPY5GYAR3,Lofi Temptation,the girl next door,the girl next door,50,151973,False,0.813,0.266,6,-15.492,1,0.042,0.862,0.47,0.112,0.434,114.0,4,sad,0
0ZtrTzAmOEtzxtn8TK9a1S,6o,Caution,Caution,46,121874,True,0.514,0.661,2,-5.485,0,0.246,0.45,0.0,0.171,0.483,80.605,4,sad,0
7BrbGr8S8rjrnlGLqtfFwA,the bootleg boy;Maberry,i still think of you,i still think of you,55,125052,False,0.575,0.193,2,-15.494,1,0.179,0.951,0.0443,0.156,0.308,118.589,4,sad,0
6oQvlgt4C8sAPP4X7N0rFQ,CORBAL;Shiloh Dynasty;itssvd,Love Is the Same as Sadness,Tried to Be Patient with You,53,78662,False,0.793,0.158,6,-18.91,0,0.123,0.927,0.0992,0.355,0.63,109.649,4,sad,0
6WTMUBQXNEU2usO5aekg64,creamy;untrusted;11:11 Music Group,chandelier,chandelier,23,127908,False,0.407,0.736,2,-5.94,0,0.0404,0.0324,5.56e-05,0.136,0.348,130.443,3,sad,0
5Gox2FHWcB882eGsRIkdrt,LIL DUSTY G;Marshmello,Preached,Preached,49,159292,False,0.688,0.414,2,-7.841,1,0.0354,0.415,2.18e-05,0.13,0.435,112.98,4,sad,0
2tlUC0uTsVmx5c1Fuu5MNT,Stract;Shiloh Dynasty,Losing Interest (Slowed),Losing Interest - Slowed,40,231225,False,0.871,0.428,1,-14.031,0,0.127,0.39,0.0549,0.281,0.403,101.162,4,sad,0
2L2mNkEWo818IE4fKbnP0O,Powfu;Rxseboy,Letter's You Never Received,Would Look Perfect,59,149000,False,0.788,0.537,9,-4.966,0,0.107,0.844,0.0,0.117,0.434,85.03,4,sad,0
6jkpnvfMM9pEWYe68yNIYt,iamjakehill,dying lately,dying lately,56,221147,False,0.708,0.59,4,-7.848,1,0.0374,0.3,0.0,0.359,0.874,140.031,4,sad,0
2RJo6RNV5dpjLh6Co4nPsI,Lui Joseph,Strawberry,Strawberry,52,173923,False,0.764,0.402,2,-10.282,0,0.0519,0.332,0.0,0.109,0.508,99.972,4,sad,0
4nlry8WISrv04S1E619p3A,Kina;Essence;Madson Project.,Are You Still With Him,Are You Still With Him,47,193567,True,0.611,0.322,2,-14.461,1,0.0367,0.922,0.000818,0.35,0.315,119.957,4,sad,0
6qsVVFBn0CuPrEgx9u4QzK,MASN;Mishaal,How To Kill A Rockstar,Hold Me (feat. Mishaal),48,220121,False,0.791,0.372,5,-8.365,0,0.0752,0.467,0.0,0.337,0.519,126.071,4,sad,0
75q4L8UwfjvikWETyfKx57,Addict.;SEA,Are You Afraid?,Are You Afraid?,46,126130,False,0.815,0.233,5,-12.326,1,0.0369,0.657,0.209,0.132,0.106,115.098,4,sad,0
4MUDfWDyMDUJ8Qhe855G7D,cøzybøy,dispøsed,what did yøu think i meant when i said i løve yøu,53,181894,True,0.6,0.537,5,-9.81,0,0.0258,0.112,8.19e-05,0.109,0.446,94.992,4,sad,0
1haZCYSR61JHOAivPNOuQH,Kina;Mishaal,Tell Me About You (feat. Mishaal),Tell Me About You (feat. Mishaal),55,194400,False,0.38,0.292,0,-14.282,1,0.054,0.498,0.0262,0.126,0.0777,75.572,3,sad,0
2PyGdZHmYOCjYHIis4CpCC,Pat Carroll;Disney,The Little Mermaid Greatest Hits,"Poor Unfortunate Souls (from ""The Little Mermaid"") - From ""The Little Mermaid"" / Soundtrack Version",22,290440,False,0.425,0.384,0,-8.483,1,0.0871,0.746,0.0,0.336,0.419,77.617,4,disney,0
4D07w1m1dMNyHWRSl8a5Lv,Julia Scheeser;Crewkid,Silbertablett,Legendär,23,207680,False,0.867,0.563,0,-7.438,0,0.192,0.383,0.0,0.114,0.601,131.965,4,disney,0
4gT1pxP86WMFlSB9ylpWsa,Rob Cantor,Disney Junior Music: Lullabies Vol. 2,Vampire Lullaby,32,85282,False,0.489,0.148,7,-13.927,1,0.0407,0.987,0.962,0.0652,0.315,105.921,3,disney,0
47IslmEoXGYieRLUj07Uqy,Alan Menken;Hy Anzell;Lee Wilkof;Jennifer Leigh Warren;Sheila Kay Davis;Leilani Jones,Little Shop Of Horrors,Ya Never Know - 1982 Original Cast,19,176773,False,0.612,0.628,7,-11.127,0,0.361,0.652,0.0,0.591,0.836,149.345,4,disney,0
0YQdQzvp8yWNn6UrdZkLss,Magdalena Wasylik;Katarzyna Łaska;Czeslaw Mozil;Paweł Ciołkosz,Kraina lodu: Przygoda Olafa (Ścieżka dźwiękowa polskiej wersji),Kiedy mamy siebie,31,170400,False,0.448,0.311,11,-10.409,1,0.0322,0.87,0.0,0.106,0.353,108.074,3,disney,0
2WAfleJHAmKpVa0tK0zoiE,Marcin Franc,Aladyn (Ścieżka Dźwiękowa z Filmu),O skok (repryza 2),19,66417,False,0.234,0.14,4,-14.465,0,0.0377,0.926,1.27e-05,0.1,0.0772,83.464,4,disney,0
3pmg5gO8X6tC0bnnJ0ajeZ,SHIKI THEATRE COMPANY,ディズニー 『アナと雪の女王』 ミュージカル <劇団四季> (オリジナル・サウンドトラック),二人から少しずつ,20,135133,False,0.548,0.285,4,-7.996,1,0.077,0.804,0.0,0.0916,0.599,89.632,3,disney,0
4hoN5zYJUFOsAoR5cDizuq,Vajen van den Bosch,Bitterzoet,Bitterzoet,25,167280,False,0.456,0.185,7,-14.531,1,0.044,0.917,2.17e-06,0.0949,0.369,93.449,5,disney,0
5oRxqr6DCdWPSgOHXCpGID,Disney Peaceful Piano;Disney,Disney Peaceful Piano: Magical,The Family Madrigal,52,254335,False,0.503,0.225,1,-16.996,1,0.0452,0.978,0.924,0.114,0.334,103.367,4,disney,0
4gHVJrW7FY160u1XA5ddJ9,Larry Morey;Frank Churchill;Ed Plumb,Bambi,"Man Returns - From ""Bambi""/Score",20,123533,False,0.239,0.229,1,-19.128,1,0.0454,0.845,0.717,0.633,0.519,174.08,3,disney,0
5qFdlIUWfQe6Xjih7mgfeG,Gustav Nilsen,Frost 2 (Originalt Norsk Soundtrack/Deluxe Edition),Når jeg blir voksen,31,111426,False,0.566,0.299,10,-9.262,0,0.101,0.611,0.0,0.158,0.58,116.333,3,disney,0
2h9uCNUYH0mJkeEwQChtT8,Randy Newman,Randy Newman,Love Story (You and Me),20,202533,False,0.277,0.14,9,-17.253,1,0.0476,0.932,0.0,0.0708,0.155,89.095,5,disney,0
6H7EmhW9m91u2TBLgbZXdn,The Cheetah Girls,The Cheetah Girls - The Party's Just Begun Concert,Amigas Cheetahs - Live Concert Version,19,320386,False,0.358,0.908,1,-4.067,0,0.188,0.0943,3.52e-06,0.771,0.217,118.942,4,disney,0
2A50GDZY4zUrMMoqY53dP7,Antti Paakkonen,Aladdin (Alkuperäinen Suomalainen Soundtrack),Arabian yöt,22,83760,False,0.386,0.324,9,-11.742,0,0.0425,0.778,2.74e-06,0.117,0.304,128.493,4,disney,0
1fd79WvGkexgTRj3nVtQgV,Cátia Moreira,Frozen 2: O Reino do Gelo (Banda Sonora Original em Português/Deluxe Edition),O Que Está Certo,19,216773,False,0.414,0.109,0,-12.547,0,0.0413,0.798,3.05e-06,0.607,0.141,83.746,4,disney,0
6VjOagED3F6eXOgICAUq6t,Ugo Maria Morosi;Chorus - Brave,Ribelle (The Brave) [Colonna Sonora Originale],La canzone di Mor’du,22,135693,False,0.661,0.671,7,-6.289,1,0.169,0.653,6.6e-05,0.121,0.372,120.956,4,disney,0
3qT31z2vXWObgwPkGDThmr,The Jud Conlon Chorus,Peter Pan (Original Motion Picture Soundtrack),"Home Again / Mermaids, Pirates, and Indians / FInale (You Can Fly! You Can Fly! You Can Fly!)",25,130013,False,0.308,0.174,2,-13.869,1,0.0437,0.919,0.00442,0.0685,0.225,96.429,3,disney,0
2QxSweibULGvxvM1WC1cXj,Debby van Dooren;Tommy Amper;Friedel Morgenstern,Die bunte Seite des Monds (Musik zum Netflix Film),Im Mondenschein,20,91466,False,0.285,0.471,7,-7.567,1,0.0319,0.918,0.0,0.105,0.589,157.909,4,disney,0
2asTot5iKm6fKOMmicYVrB,María Caneda;Carlos Báez;Sandra Carvajal,'Más allá de la Luna' (música de la película de Netflix),En la Luna,25,91466,False,0.305,0.456,9,-7.347,0,0.0328,0.964,5.86e-05,0.106,0.475,63.651,3,disney,0
1jkfH07RYJnOD5MS2PtX2e,Germaine Franco,Encanto (Deutscher Original Film-Soundtrack),Jagd nach der Vergangenheit,21,146400,False,0.286,0.473,6,-10.579,1,0.0871,0.341,0.828,0.198,0.0615,110.278,3,disney,0
4FjWlqvyYOPf6EMkVO1cHx,Little Piano Player,Encanto,Surface Pressure,21,133853,False,0.398,0.0267,4,-28.011,0,0.0444,0.994,0.954,0.0988,0.142,75.96,4,disney,0
2z7vmXYcjOTNl3MH3XiCP3,Paweł Ciołkosz,Kraina lodu: Przygoda Olafa (Ścieżka dźwiękowa polskiej wersji),Ballada o Flegmisławie,28,44360,False,0.587,0.359,2,-13.472,1,0.0664,0.933,2.01e-06,0.0713,0.536,108.371,3,disney,0
58Oqis9Tp5n1fmvdYyvWLs,Jon Sarta,A Wonderful World of Magical Songs and Lullabies,I'm Wishing,21,213209,False,0.607,0.0698,5,-22.982,1,0.0441,0.983,0.9,0.107,0.137,120.531,4,disney,0
4dUdp3SThqYRFFwFnA1cFa,Analy,Mulán (Banda Sonora Original en Español),Reflejo,39,146013,False,0.312,0.218,9,-13.74,1,0.0353,0.8,3.69e-05,0.336,0.0801,92.171,4,disney,0
5QfDNDMjIfM0ogPx5IpmEc,SHIKI THEATRE COMPANY,ディズニー 『アナと雪の女王』 ミュージカル <劇団四季> (オリジナル・サウンドトラック),誰でも完璧じゃない,19,237880,False,0.45,0.627,0,-7.352,0,0.182,0.355,0.0,0.056,0.611,100.286,4,disney,0
6Da8UAxhDkCPKQmqwpIdZj,Haruhiko Joh;Ben Hiura;Tomie Kataoka,The Lion King (Original Motion Picture Soundtrack/Japan Release Version),Be Prepared - Japanese Version,24,217933,False,0.629,0.451,9,-15.715,0,0.187,0.528,0.0,0.154,0.365,121.999,4,disney,0
6bGMF5BiGsVUaDOEBidP3O,Ewa Prus;Julia Totoszko;Jakub Strach;Mateusz Panasiuk,Mary Poppins powraca (Ścieżka Dźwiękowa z Filmu),Czy ktoś uwierzy w to?,22,262640,False,0.562,0.416,8,-11.119,1,0.129,0.818,0.0,0.258,0.474,117.046,4,disney,0
7KnFT8NQPRYtWOZXhWcGGZ,Mark Northam,Up: Music From The Pixar Films For Solo Piano,"Married Life (From ""Up"")",37,275335,False,0.463,0.0595,0,-19.427,1,0.0673,0.995,0.913,0.123,0.131,132.531,4,disney,0
1BSwmq1uATkU1jwX6HDvcS,Germaine Franco,Encanto (Trilha Sonora Original em Português),Bruno's Tower,24,52466,False,0.165,0.058,0,-28.367,1,0.0474,0.793,0.892,0.143,0.0343,147.948,3,disney,0
4HQatJkQlk3nVZUmRrGQlZ,Randy Newman,"The Randy Newman Songbook, Vol. 2",Birmingham,19,141360,False,0.623,0.277,2,-13.038,1,0.0413,0.969,0.0166,0.134,0.484,117.294,4,disney,0
1pIynPOpqprpV4WguxHFIy,Atsuko Takezawa;Erika Shiraishi;Hozumi Shibata;Mayumi Makino;Yukari Fujii,Hercules (Original Motion Picture Soundtrack/Japanese Version),Zero to Hero - Japanese Version,29,138013,False,0.48,0.594,0,-12.283,1,0.233,0.564,0.0,0.801,0.81,164.668,4,disney,0
6im26HFTi5JCagPnroYGzq,Doctora Juguetes;Felpita;Lambie;Hallie,Doctora Juguetes: Ya Llegó la Doctora,Agua Agua,28,50773,False,0.395,0.868,0,-4.233,1,0.182,0.519,0.000591,0.127,0.936,148.415,4,disney,0
7cDjiRGT0vbQ4XEV1BmEcm,Andy Tallent,You Are There,You Are There,24,212750,False,0.335,0.00273,3,-40.114,1,0.0469,0.989,0.869,0.0874,0.0555,95.453,4,disney,0
2X3H4S2XQT9oJU8OHMnnyj,Sami Arva;Ulla Hakola,Aladdin (Alkuperäinen Suomalainen Soundtrack),Se on kuin yö,25,161493,False,0.23,0.269,9,-11.073,0,0.033,0.897,0.0,0.0971,0.289,69.067,3,disney,0
2bfWwNMtgW1ocrCBzBBwJb,The Sleep Diaries,Lullabies from The Nightmare before Christmas,"Poor Jack (from ""The Nightmare Before Christmas"")",17,112893,False,0.532,0.0378,11,-19.545,0,0.0667,0.964,0.936,0.127,0.16,135.808,4,disney,0
0T0mrpQhuZeqRXc2dssUvY,Germaine Franco,Encanto (Deutscher Original Film-Soundtrack),Ich war es,18,80813,False,0.217,0.0754,11,-16.629,0,0.0327,0.901,0.914,0.135,0.201,142.026,5,disney,0
4cfC3ABVV4BfbeLgXLtnts,Heidi Ruud Ellingsen;Espen Grjotheim;Nils Jørgen Kaalstad;Anders Bye,Løvenes Konge (Originalt Norsk Soundtrack),Fyll ditt sinn med kjærlighet,22,182613,False,0.39,0.288,5,-9.812,1,0.041,0.698,0.0,0.0891,0.431,107.484,3,disney,0
6khtZPhvJZO2jKRKknyv51,Oliver Wallace,Alice In Wonderland (Original Motion Picture Soundtrack),A Serpent!,25,69400,False,0.378,0.0652,10,-15.952,1,0.0367,0.906,0.106,0.0841,0.182,88.86,3,disney,0
6N8kuV2hbiF23B7DFSLeyl,Alan Menken,Walt Disney Records The Legacy Collection: The Little Mermaid,She's Got Legs - Remastered 2014,19,82733,False,0.576,0.0501,0,-19.799,1,0.0513,0.976,0.0362,0.131,0.381,120.052,4,disney,0
5Zzu0RPeREj0aIjlO2WYIR,Germaine Franco,Encanto (Deutscher Original Film-Soundtrack),Mirabels Weg,18,129826,False,0.658,0.634,7,-10.671,1,0.0328,0.445,0.957,0.148,0.61,99.949,3,disney,0
5ZF3YU3oOEe7QsnJxz4CQV,Randy Newman,Good Old Boys,Birmingham - 2002 Remaster,28,166360,False,0.468,0.34,4,-12.484,1,0.0287,0.829,0.00545,0.25,0.315,106.362,4,disney,0
6wCsDkBf2SLZecm1M7p7aJ,Cast - Sofia the First,Sofia the First,Princess Things,47,126386,False,0.507,0.694,7,-5.092,1,0.0946,0.364,0.0,0.0579,0.581,173.783,4,disney,0
1gilgPrTkkZTp09Xf8zCmK,Kristen Bell,Frozen 2 (Original Motion Picture Soundtrack/Deluxe Edition),The Next Right Thing,60,216773,False,0.296,0.119,0,-14.256,0,0.0475,0.839,1.59e-05,0.385,0.146,170.037,4,disney,0
5k4LCR4dYBqvEXLmnHVR22,Germaine Franco,Encanto (Deutscher Original Film-Soundtrack),Tango-Chaos,22,162440,False,0.426,0.195,6,-12.159,1,0.0377,0.617,0.26,0.25,0.524,96.086,4,disney,0
1Wt68Y5zNHmCVRPRiHsLAJ,Tokyo DisneySea,Tokyo Disney Resort Autumn Best (Special Edition),Minnie's Wishing Ring: Wishes Come True - Dramatic DisneySea 2005 at Tokyo DisneySea,23,87893,False,0.287,0.766,5,-4.926,1,0.0541,0.598,0.0,0.202,0.265,81.879,4,disney,0
1h9sbBtqXjji9nnBsxaxNR,Disney Peaceful Piano;Disney,Disney Peaceful Piano: Lullaby,Beauty and the Beast,60,167055,False,0.432,0.0877,8,-27.006,1,0.068,0.995,0.922,0.117,0.149,79.203,4,disney,0
3mBz8VzcVFg49ddbWc0Sjy,Willemijn Verkaik,Olaf's Frozen Avontuur (Originele Nederlandstalige Soundtrack),Luid de kerst in (Reprise),27,76120,False,0.468,0.0893,9,-14.224,1,0.0338,0.987,0.0038,0.104,0.258,86.749,4,disney,0
1heYxjPhoCBgVYaFDQ0iZp,Randy Newman,Bad Love,Every Time It Rains,18,212000,False,0.485,0.244,10,-11.248,1,0.0266,0.552,0.00309,0.086,0.147,89.003,4,disney,0
1lsI6Ckl0HHtZGFYDyB2Ox,The Sleep Diaries,"Someone's Waiting For You (from ""The Rescuers"")","Someone's Waiting For You (from ""The Rescuers"")",20,132334,False,0.312,0.0435,2,-24.635,1,0.044,0.953,0.942,0.108,0.197,74.396,4,disney,0
0TrF0LxRQAMWtdAQLOmLsr,Doctora Juguetes;Felpita;Lambie;Ronda Rescate,Doctora Juguetes: Ya Llegó la Doctora,Tu Amigo por Siempre Soy,26,53600,False,0.672,0.932,0,-3.096,1,0.096,0.545,0.0,0.305,0.581,141.824,4,disney,0
4D4iN6ISkDuDAnILbHskAF,Kuana Torres Kahele,Kahele,Waipi'o Paeaea,23,297093,False,0.353,0.383,2,-8.027,1,0.0283,0.715,0.0,0.131,0.408,173.794,4,guitar,0
4CXmwZ2JJkBkxesEmfADhh,Sergio & Odair Assad,Saga Dos Migrantes,Agua e vinho,20,181666,False,0.363,0.0367,7,-26.841,0,0.0401,0.993,0.917,0.0868,0.138,91.562,4,guitar,0
7bHkQLgxPTVC44Ty5A99Jm,Cuco Sánchez;Fernando Zenaido Maldonado,Blues,Caminos de Ayer,27,179511,False,0.508,0.228,5,-13.729,1,0.032,0.895,0.000559,0.0967,0.445,79.675,4,guitar,0
0tL8cNoUgDw6Yr9GKNO6SS,Los Amores Recientes,Villa Traful,Villa Traful,50,191500,False,0.425,0.137,2,-15.965,1,0.0843,0.985,0.956,0.117,0.232,180.524,4,guitar,0
77mgPXrIdAkZNow330PdiW,João Gilberto;Caetano Veloso;Gilberto Gil,Brazil,Bahia com H,28,315840,False,0.468,0.134,4,-20.262,1,0.0668,0.844,0.00704,0.0787,0.607,91.07,4,guitar,0
7wu8kCBLnGmhIGGiT14yWr,Las Perlas Negras,Mallorca,Mallorca,31,177000,False,0.573,0.179,9,-15.424,0,0.099,0.981,0.929,0.112,0.125,145.233,3,guitar,0
2w23qUiIWjvqK5ndnl6woP,Henrik Janson,Classical Baby Sleep Music,Ave Maria by Bach,29,143571,False,0.74,0.189,0,-11.493,1,0.0559,0.941,0.94,0.111,0.343,125.961,4,guitar,0
2n7NBbbEIyUo9tNZ963ivB,Los Apus,El Imperio de los Apus,Challwaschallay,37,254506,False,0.658,0.519,6,-4.819,0,0.052,0.665,9.97e-05,0.317,0.882,139.099,4,guitar,0
6djqsnLDgphGuxlPheKndy,Jesse Rice,The Pirate Sessions,Coco Cay,21,258320,False,0.671,0.597,5,-7.617,1,0.0337,0.216,0.0,0.183,0.71,79.122,4,guitar,0
7aPGbYjbgft9MPkUm8bTQQ,Jesse Rice,The Pirate Sessions IV,Boca Ciega,20,226384,False,0.633,0.597,7,-7.583,1,0.0343,0.373,1.22e-06,0.102,0.708,76.993,4,guitar,0
6wIdMDessARGYc3xkf63a5,Agustín Barrios Mangoré;Thibaut García,Bach Inspirations,Barrios Mangoré: La Catedral: III. Allegro solemne,23,181453,False,0.22,0.207,11,-22.469,0,0.0387,0.979,0.89,0.0755,0.665,128.469,4,guitar,0
3SgshUlk02dwRHeLm0ztOi,Yngwie Malmsteen,Odyssey,Rising Force,50,264066,False,0.321,0.958,8,-10.495,1,0.0872,0.103,7.43e-05,0.0994,0.106,117.875,4,guitar,0
66w9fvqZyZIzpelteTbGvM,Celestial Conscience,In The End (Acoustic Guitar),In The End - Acoustic Guitar,39,99422,False,0.637,0.143,3,-17.337,0,0.0376,0.913,0.906,0.105,0.116,105.011,4,guitar,0
2tp2urheCpgDbkqfoaD0U1,Los Tecolines,Los Tecolines: Bolero Romantico,Albricias,36,140146,False,0.751,0.405,9,-14.941,1,0.0384,0.716,0.00593,0.143,0.729,130.666,4,guitar,0
3Oj3qgVvYddVbPrNBDEWO3,Viktor Kvist,The Times They Are a-Changin’,The Times They Are a-Changin’,51,142645,False,0.599,0.0455,7,-21.333,1,0.0595,0.97,0.946,0.112,0.146,112.894,4,guitar,0
3ouKfFUeTpCHPAqxhi0pCK,Pepe Jara,Pepe Jara Interpreta A Alvaro Carrillo,Como Se Lleva Un Lunar,31,182308,False,0.583,0.229,9,-12.061,0,0.0658,0.882,0.00108,0.0837,0.302,98.037,4,guitar,0
2OiHENlQL5MbKuA2gkkKfz,Beyond The Guitar,"Guitar Covers, Vol. 5","The Godfather Theme (From ""The Godfather"")",29,147119,False,0.559,0.034,2,-20.771,0,0.0789,0.991,0.933,0.101,0.43,131.529,4,guitar,0
5OWMJcSZG0bkRJP7AI45xH,Sergio & Odair Assad,Heitor Villa-Lobos: Complete works for solo guitar,Estudo No. 12,21,135240,False,0.308,0.546,9,-14.399,0,0.0305,0.95,0.795,0.0896,0.36,145.65,3,guitar,0
7CSmSsk9fGBW6VtbekC757,Hitman Blues Band,"Not My Circus, Not My Monkey",No Place Like Home,24,281600,False,0.637,0.516,0,-8.725,1,0.028,0.655,0.0151,0.156,0.178,117.811,4,guitar,0
1XEYkaVYMC6bT5LRmVn4Aq,Kiko Revatta,Ayacucho En El Corazon De Todos Vol. 1,Plegaria,29,221026,False,0.521,0.526,7,-6.87,0,0.0349,0.552,0.00156,0.198,0.577,107.663,3,guitar,0
6LdtCV5bgLQhfGn72fpSvY,Tommy Emmanuel,Endless Road,Somewhere Over the Rainbow,36,260066,False,0.377,0.185,9,-19.942,1,0.0355,0.943,0.768,0.0961,0.105,117.955,4,guitar,0
1bDQY7asH4uLK5XeKQs1GE,Leonard Kwan;Rare Debut Recording;The Red Album;Slack Key Master;Slack Key Tunings,The Legendary Leonard Kwan : The Complete Early Recordings,Hawaiian Chimes,21,170306,False,0.591,0.31,5,-15.65,1,0.0513,0.84,0.931,0.144,0.551,108.998,4,guitar,0
0NNep3grWO95CVGp04gMM4,Joe Satriani,Surfing With The Alien,"Always with Me, Always with You",52,202533,False,0.575,0.295,11,-12.584,1,0.0326,0.484,0.703,0.0639,0.394,144.366,3,guitar,0
0mAZZ0dvYIwzrZrcXi5z4U,Toninho Horta;Orquestra Fantasma,Terra dos Pássaros,Terra Dos Pássaros / Beijo Partido,21,354560,False,0.262,0.352,11,-13.142,0,0.0358,0.569,0.00443,0.189,0.133,88.714,4,guitar,0
1y5iaPQLBJQDLGwpvTcBoj,Noriyasu Takeuchi,JPOPギターベスト2,今夜月の見える丘に,23,273586,False,0.553,0.0659,4,-19.94,0,0.061,0.991,0.954,0.11,0.298,141.546,4,guitar,0
0ZFq3raMFdXllZJoTbBRnQ,Steve Pulvers,Acoustic Lullaby,Untainted Innocence,26,133500,False,0.586,0.115,7,-20.442,1,0.0563,0.836,0.926,0.11,0.885,179.941,4,guitar,0
5QFoUJ4XD88IEA5FYst3e6,Chamin Madero,La Guitarra de Mexico,Amaneci En Tus Brazos,20,225573,False,0.676,0.382,2,-15.342,1,0.0274,0.741,0.876,0.14,0.691,92.166,4,guitar,0
6blHj7Ow8CSV7frB0n7ncY,John Pizzarelli,Midnight McCartney,No More Lonely Nights,24,307360,False,0.543,0.336,9,-10.701,0,0.0371,0.824,0.0472,0.117,0.292,98.955,4,guitar,0
4aidYt8pl6BbRLmSxJUwzS,Los Apus,Tengo Que Olvidarme de Tí,Que Me Importa a Mí,35,284239,False,0.714,0.826,10,-3.463,1,0.0348,0.452,0.0,0.238,0.865,100.297,4,guitar,0
75JhH3GCl11pwACm5n6Ikx,Simon Kouskounis,Olives,From Sounio to Sevilla,19,276735,False,0.668,0.666,11,-6.335,0,0.0279,0.729,0.82,0.0999,0.639,100.023,4,guitar,0
3RSKSNv8odGUcE8jzDhEo1,Manuelcha Prado,Guitarra y Canto del Ande,Panorama ayacuchano,23,341210,False,0.501,0.356,7,-7.461,1,0.0779,0.857,0.853,0.112,0.181,98.445,4,guitar,0
1JdigPGH5UWl2P8OqxSg0s,Marc Ribot y Los Cubanos,Sesión Nocturnal,Aurora en pekin,21,331400,False,0.7,0.0851,2,-18.169,0,0.0647,0.92,0.256,0.108,0.152,87.588,4,guitar,0
6qQhWIowgtVSz6UFJvG5Ku,Ahmoudou Madassane,Zerzura (Original Soundtrack Recording),Akaline Akaline,35,187345,False,0.427,0.525,6,-8.739,0,0.0462,0.852,0.91,0.106,0.386,99.842,4,guitar,0
7z9UGTOKk4iGOu9uKQiOd8,Duo Retama,Wistu Vida,Quien No Lloro por Amor,30,271786,False,0.345,0.545,7,-6.957,1,0.0419,0.856,0.0449,0.177,0.529,81.38,4,guitar,0
6WiykMhEcWvMzL5SQhtdrY,Maneli Jamal,Soul Odyssey,Full Bloom,34,162000,False,0.456,0.264,8,-11.432,1,0.0297,0.916,0.767,0.111,0.0773,147.927,4,guitar,0
3T8Q3pKqqpyz7E2U3VKiwn,Oliver Young,Solus,Solus,49,241196,False,0.672,0.106,7,-14.727,1,0.0526,0.951,0.884,0.105,0.297,94.949,4,guitar,0
0OiMOaoZzKb8eNlOj70d4V,Danny Carvalho,Slack Key Journey - On My Way,Aloha 'Oe,21,170200,False,0.371,0.22,0,-17.693,1,0.0361,0.947,0.94,0.108,0.209,89.041,4,guitar,0
16qpwUfKEa6FImzuRv6y4C,Los Indios Tacunau,Grandes Exitos,Del Algarrobo al Ombu,30,147426,False,0.545,0.697,8,-8.325,0,0.0342,0.876,0.00578,0.0701,0.769,149.845,1,guitar,0
1t5zaioi3VUJF0eYjBX2II,Dúo Hnos. Gaitán Castro,Elegia,"Mi Propuesta (Amor, Amor)",33,258453,False,0.603,0.485,7,-7.631,1,0.0452,0.747,0.00022,0.109,0.551,77.074,4,guitar,0
5MeYnUO0OxUb8t5rQQ0EFI,Ichika Nito,I'm not ready to say goodbye to autumn,I'm not ready to say goodbye to autumn,44,117689,False,0.743,0.357,8,-10.705,1,0.0486,0.669,0.691,0.21,0.447,79.981,4,guitar,0
6QJGYEjT8f7lNqWM0hESC9,Manuelcha Prado,Saqra,Huaylas ancestral,29,214987,False,0.676,0.641,7,-13.536,1,0.0391,0.165,0.585,0.0808,0.822,98.949,4,guitar,0
18ImQ01cPOBVQCCaHwEnNE,"Jim ""Kimo"" West",Guitar Stories,Song for Fess,21,197000,False,0.472,0.141,1,-14.136,1,0.03,0.933,0.486,0.0974,0.258,78.009,3,guitar,0
7jeRSPactmZ4MdwsbgszdG,Los Tres Caballeros,Los Tres Caballeros,Chamaca,29,198751,False,0.799,0.353,6,-5.888,1,0.0344,0.931,0.000136,0.224,0.713,87.566,4,guitar,0
2ybN948uZHifojsLs6ZqJA,Brittni Paiva,Island Style Ukulele,Kawika,23,181213,False,0.601,0.512,5,-11.424,1,0.0338,0.856,0.885,0.106,0.536,110.031,4,guitar,0
5WLjP6MFfkFBTXbssVnscj,George Dalaras,O Giorgos Dalaras Tragoudai Stavro Kougioumtzi,To Sakaki Mou Ki An Stazi - Live,24,66026,False,0.605,0.72,6,-4.952,0,0.0438,0.377,0.0,0.417,0.522,129.044,4,guitar,0
4Im0speRB37D00RNeKpMk3,Los Tres Caballeros,RCA 100 Anos De Musica - Segunda Parte (40 Diferentes Grandes Trios - Unica E Inigualable Coleccion),El Preso Número 9,30,186013,False,0.611,0.436,2,-6.819,0,0.0505,0.859,6.94e-06,0.0994,0.573,123.499,3,guitar,0
2i9XfzVIaSxV855mu3iEmM,Little Symphony,Serenity,Gelion,27,102857,False,0.203,0.215,0,-23.772,1,0.0548,0.74,0.567,0.299,0.182,118.355,4,guitar,0
5kvoedT57zW9dRzdPNBt9W,George Dalaras;Mariza Rizou,Mia Stigmi Gia Pada (Ap' To Tango Ton Hristougennon),Mia Stigmi Gia Pada - Ap' To Tango Ton Hristougennon,26,260419,False,0.489,0.376,0,-13.247,0,0.0383,0.345,0.0,0.0627,0.325,113.176,4,guitar,0
6tRcgIoOXfYbpJnTsUyK97,Keola & Kapono Beamer,Honolulu City Lights,Nanakuli,22,170200,False,0.719,0.365,7,-18.87,1,0.0397,0.312,0.0106,0.115,0.837,139.064,4,guitar,0
1w3PYey5h6WBp4Y8W3e3vM,Ramon Dona-Dio,Lo Mejor en Guitarras,Guadalajara,23,151786,False,0.495,0.322,3,-16.595,1,0.0609,0.85,0.855,0.114,0.468,125.24,4,guitar,0
7LNiAjyg9P2GKINTtN6Yt8,The Beatles,The Beatles 1962 - 1966 (Remastered),We Can Work It Out - Remastered 2009,52,136120,False,0.381,0.608,2,-10.061,1,0.0268,0.113,0.0,0.148,0.742,106.299,4,psych-rock,0
2PuUFT13yCzUOZun94WOXv,"Crosby, Stills & Nash","Crosby, Stills & Nash",Suite: Judy Blue Eyes - 2005 Remaster,61,444053,False,0.458,0.364,9,-13.126,1,0.0431,0.467,0.0,0.197,0.3,154.215,4,psych-rock,0
67HxeUADW4H3ERfaPW59ma,The Doors,Strange Days,Love Me Two Times,65,195106,False,0.684,0.698,9,-6.219,1,0.041,0.332,5.16e-06,0.122,0.839,132.846,4,psych-rock,0
6VojZJpMyuKClbwyilWlQj,The Beach Boys,Greatest Hits,Wouldn't It Be Nice,59,153866,False,0.385,0.657,5,-6.975,1,0.0342,0.724,0.0,0.105,0.672,124.895,4,psych-rock,0
1IIRFdnVhwx0VMOZ9cDfkd,Rana Alagöz;Selçuk Alagöz,Biz Sizin Şarkılarınızla Büyüdük,Her Şey Bitmiştir Artık,41,180120,False,0.216,0.663,9,-8.324,0,0.0474,0.64,0.000842,0.227,0.891,199.214,3,psych-rock,0
7AL6qzIDHIX7pEUWrzNiIs,Donovan,The Hurdy Gurdy Man,Hurdy Gurdy Man,58,193466,False,0.405,0.463,0,-16.167,1,0.0542,0.00379,0.0442,0.392,0.542,79.451,4,psych-rock,0
2xSNVNnrUvvSOWuy0tFqRC,Wishbone Ash,Pilgrimage,Vas Dis,30,282733,False,0.513,0.564,7,-13.563,1,0.0439,0.000246,0.0423,0.385,0.493,105.699,4,psych-rock,0
6EdSN1iGtLPhcz43QDRkdK,The Beatles,Love,Help!,58,138285,False,0.552,0.734,6,-7.126,0,0.0291,0.221,0.0,0.116,0.846,94.887,4,psych-rock,0
07W9HcJyjXPnKQSMbUcWZU,Deep Purple,Perfect Strangers,Wasted Sunsets,47,235960,False,0.374,0.67,7,-7.694,1,0.0307,0.0156,0.000414,0.0924,0.362,136.548,4,psych-rock,0
0JhJX1qOVhmg1EGQ8dd3Sr,Spidergawd,Spidergawd VI,Oceanchild,26,281194,False,0.436,0.896,11,-4.722,0,0.0583,1.34e-05,0.000653,0.0698,0.494,115.977,4,psych-rock,0
6qwHoxJKma0CGaGz3EpArE,Grinspoon,Guide To Better Living,Post Enebriated Anxiety,27,158293,False,0.468,0.83,0,-5.293,1,0.14,0.000524,0.00521,0.105,0.847,168.242,3,psych-rock,0
7FCiDC7ojdm19CJePq6QAe,Pink Floyd,The Wall,Vera,52,93356,False,0.179,0.162,4,-22.191,0,0.162,0.678,0.022,0.119,0.0869,34.821,4,psych-rock,0
1c2LdNIFXH6jQvpi5qq8sQ,Melody's Echo Chamber,Bon Voyage,Shirim,46,286628,False,0.642,0.707,0,-10.967,1,0.067,0.0456,0.445,0.256,0.506,101.133,4,psych-rock,0
3Y8gNcoJu1uJ5L1BZuGvqB,Pink Floyd,The Piper at the Gates of Dawn,Astronomy Domine,49,251278,False,0.348,0.633,2,-11.527,1,0.048,0.376,0.473,0.346,0.0805,124.096,4,psych-rock,0
3b7OG6vJYLvLw5cD2vJGiJ,Courting,David Byrne's Badside,David Byrne's Badside,27,197393,False,0.328,0.906,0,-5.707,1,0.0709,0.00133,6.52e-06,0.349,0.571,149.674,4,psych-rock,0
0JNZGIavoUrdup1NsgJOQs,The Doors,The Doors,Alabama Song (Whisky Bar),57,197400,False,0.568,0.645,5,-8.363,1,0.0416,0.543,0.0,0.191,0.901,170.676,4,psych-rock,0
13yxz52EwElyue9PLrqcZY,Perfume Genius,No Shape,Slip Away,53,165329,False,0.603,0.509,1,-6.824,1,0.0311,0.374,2.91e-05,0.0627,0.572,136.592,4,psych-rock,0
1hTUFqJuQAMjXVGwUPWDqi,The Beatles,1 (Remastered),We Can Work It Out - Remastered 2015,61,135693,False,0.378,0.677,2,-8.63,1,0.0298,0.0635,0.0,0.183,0.648,106.071,4,psych-rock,0
1raiIrqaqRAqZmQWZlLuBd,The Beatles,1 (Remastered),Lady Madonna - Remastered 2015,58,136826,False,0.65,0.777,2,-4.984,1,0.0294,0.141,0.343,0.215,0.574,109.608,4,psych-rock,0
15RXL05X13S8iZaQ9LPKOj,Badfinger,Magic Christian Music (Remastered 2010 / Deluxe Edition),Maybe Tomorrow - Remastered 2010,46,180600,False,0.363,0.397,9,-10.053,1,0.0398,0.585,0.0,0.0983,0.23,81.192,4,psych-rock,0
5hoohf7svzh7xKSxSurFkV,Lambchop,OH (ohio),Ohio,29,144853,False,0.687,0.259,0,-18.267,0,0.034,0.917,0.595,0.0895,0.369,112.379,4,psych-rock,0
22URSyxKPT9jJDZ7ggsaBL,Flört,Anadolu Beat,Dün Trt'de İzledim,35,165573,False,0.681,0.759,7,-6.597,0,0.0557,0.107,0.0,0.784,0.696,140.364,4,psych-rock,0
0Q7sFMIqfp3eMtjF3w3S6F,Deep Purple,Slaves and Masters (Bonus Track Version),Love Conquers All,46,224680,False,0.233,0.42,9,-8.104,0,0.0286,0.264,8.7e-05,0.0884,0.0704,107.779,4,psych-rock,0
5fBIGJhkavIcEYb5EcaLAL,Navicula,Love Bomb,Metropolutan,29,160320,False,0.323,0.718,1,-3.38,1,0.0713,0.00708,1.53e-06,0.425,0.766,126.875,4,psych-rock,0
6fT8LXtNA1JxpqifsNAoLx,Barış Manço,"Mançoloji, Vol. 1",Nazar Eyle,31,193619,False,0.73,0.507,7,-9.102,0,0.0308,0.583,0.0,0.109,0.936,129.907,5,psych-rock,0
3pKKxkeB1pOUMHwWBmKc3Y,The Beatles,Sgt. Pepper's Lonely Hearts Club Band (Remastered),Fixing A Hole - Remastered 2009,54,156826,False,0.469,0.507,0,-8.917,0,0.0451,0.382,0.0,0.0783,0.619,112.984,4,psych-rock,0
5U94kDnOenuSxzkUM6KNfh,Emitt Rhodes,The Emitt Rhodes Recordings (1969-1973),Lullabye,49,65773,False,0.483,0.0584,0,-21.374,1,0.0322,0.919,0.154,0.0953,0.695,97.57,4,psych-rock,0
6hEwlV2sVno421TZtnduKY,Nekromantix,Brought Back To Life,Nekrofelia,27,166253,False,0.557,0.763,0,-13.532,1,0.0397,0.00817,0.00703,0.103,0.652,138.519,4,psych-rock,0
7ajPDMxJkj2UCCGE2tnC9u,Pink Floyd,Pulse (Live),Comfortably Numb - Live,49,570560,False,0.219,0.453,11,-13.599,0,0.0368,0.0364,0.0036,0.82,0.239,123.169,4,psych-rock,0
4I77FZbsed188zTLXXXWfQ,Mild High Club,Skiptracing,Skiptracing,57,219646,False,0.72,0.677,11,-9.203,0,0.0245,0.0749,9.65e-05,0.397,0.821,109.405,4,psych-rock,0
5wYbPCvMiUQfZgXvEne6wR,Cem Karaca,"Cem Karaca Anısına, Vol. 3",İhtarname,26,226600,False,0.648,0.833,5,-11.633,1,0.0948,0.746,0.00108,0.233,0.358,103.128,4,psych-rock,0
6bIPHR8AJG5HAcn9oF21Ma,Pink Floyd,The Division Bell,Marooned,56,330385,False,0.396,0.341,7,-14.836,1,0.0303,0.384,0.568,0.12,0.148,74.203,4,psych-rock,0
1H7gMYGykdtwZOV6s1N0by,The Beatles,Rubber Soul (Remastered),Norwegian Wood (This Bird Has Flown) - Remastered 2009,70,124693,False,0.425,0.369,4,-11.876,1,0.0379,0.183,0.00126,0.112,0.65,176.625,3,psych-rock,0
1soxeK1ZBX9SsSjK4j4ECa,UFO,Phenomenon (2007 Remaster),Doctor Doctor - 2007 Remaster,61,252453,False,0.361,0.799,2,-6.962,0,0.0392,0.000173,9.13e-05,0.496,0.576,143.077,4,psych-rock,0
6KlA8odiutHAnHfbLHuktO,Tess Parks,And Those Who Were Seen Dancing,Suzy & Sally's Eternal Return,25,200533,False,0.514,0.394,9,-10.131,1,0.0245,0.352,0.0759,0.333,0.53,81.06,4,psych-rock,0
5JzM7QO7lYUaCkechDWAeG,Barış Manço,Hal Hal,Bahçede Hanımeli,34,128733,False,0.405,0.0659,5,-20.696,0,0.0599,0.971,0.0,0.181,0.219,120.961,4,psych-rock,0
5aHHf6jrqDRb1fcBmue2kn,The Beatles,Abbey Road (Remastered),The End - Remastered 2009,56,141613,False,0.647,0.487,11,-10.119,0,0.0689,0.00101,0.285,0.138,0.222,123.444,1,psych-rock,0
6FBPOJLxUZEair6x4kLDhf,Pink Floyd,The Dark Side of the Moon,Any Colour You Like,61,206429,False,0.277,0.672,0,-12.582,1,0.0901,0.197,0.936,0.423,0.505,150.587,4,psych-rock,0
2dxfyqdrI8XVOT3H1YcOsU,Pink Floyd,The Division Bell,A Great Day for Freedom,49,256986,False,0.386,0.348,0,-12.239,1,0.0291,0.626,0.00123,0.236,0.265,84.376,3,psych-rock,0
3PydQylzb5E2XDLQS0UIbf,Cem Karaca,Bindik Bir Alamete,Yolumuz Gurbete Düştü,31,357642,False,0.584,0.902,9,-6.129,1,0.0731,0.00477,1.52e-05,0.18,0.636,113.984,4,psych-rock,0
4TNkbRrsbfpttq1p9gQwIq,Boogarins,Lá Vem a Morte,Elogio à Instituição do Cinismo,27,207517,False,0.485,0.768,10,-5.474,1,0.0701,7.3e-05,0.00371,0.372,0.333,120.05,4,psych-rock,0
21j1PsCiTaO8ZW88UZrh3A,Pink Floyd,Wish You Were Here,Shine On You Crazy Diamond (Pts. 6-9),58,747325,False,0.288,0.485,7,-13.162,0,0.0491,0.576,0.9,0.322,0.124,135.87,3,psych-rock,0
4vpeKl0vMGdAXpZiQB2Dtd,Jefferson Airplane,Surrealistic Pillow,White Rabbit,72,150640,False,0.551,0.293,2,-12.503,1,0.0272,0.486,0.000273,0.0864,0.322,106.798,4,psych-rock,0
7rgUYidQh5tH0YlXCoKaYJ,The Beatles,With The Beatles (Remastered),You Really Got A Hold On Me - Remastered 2009,53,181346,False,0.373,0.388,9,-9.31,1,0.0337,0.525,0.0,0.267,0.687,77.643,4,psych-rock,0
29engDqjmMr3VLqMm0c0WE,The Velvet Underground;Nico,The Velvet Underground & Nico 45th Anniversary,Venus In Furs,57,312253,False,0.225,0.618,8,-9.922,0,0.0331,0.00137,0.616,0.079,0.567,144.724,4,psych-rock,0
3eTyKCPNAILqn6yMZQFgmr,Deep Purple,Original Album Classics,Sometimes I Feel Like Screaming,42,449133,False,0.467,0.704,0,-8.313,1,0.0293,0.00623,0.107,0.0861,0.188,89.658,4,psych-rock,0
161Q4l6VXpUwAg1TAp8T7t,The Beach Boys,Greatest Hits,Little Deuce Coupe,29,100480,False,0.663,0.564,1,-10.568,1,0.0338,0.225,0.00129,0.235,0.978,133.866,1,psych-rock,0
70WSr32oW4jC1na5I0j0D6,The Brian Jonestown Massacre,Their Satanic Majesties' Second Request,Anemone,61,334466,False,0.527,0.636,5,-12.888,0,0.0347,0.0599,0.843,0.204,0.607,83.101,4,psych-rock,0
5S126DaCBZ8z6yh7B1Lszr,Deep Purple,Machine Head (Remastered),Space Truckin' - Remastered 2012,52,272996,False,0.62,0.878,9,-9.064,1,0.0443,0.0264,0.776,0.235,0.708,129.236,4,psych-rock,0
0k0uAPdnrsrLyH2YHShWYP,The Beach Boys;Royal Philharmonic Orchestra,The Beach Boys With The Royal Philharmonic Orchestra,Darlin’,43,138607,False,0.605,0.819,11,-4.308,1,0.0263,0.00552,2.54e-06,0.359,0.931,127.563,4,psych-rock,0
7FwBtcecmlpc1sLySPXeGE,Bruce Springsteen,Born In The U.S.A.,Dancing In the Dark,78,241306,False,0.527,0.942,1,-5.64,0,0.0366,0.0115,0.0,0.188,0.495,148.723,4,singer-songwriter,0
7DbiRO14pfO3Lu5RQdDhGV,Keenan Te,Passing By,Passing By,55,207771,False,0.49,0.284,11,-8.941,1,0.0397,0.489,0.0,0.107,0.151,96.327,4,singer-songwriter,0
5tVA6TkbaAH9QMITTQRrNv,Tom Petty,Full Moon Fever,Free Fallin',77,256000,False,0.623,0.449,5,-13.333,1,0.0253,0.212,0.0,0.0613,0.572,84.383,4,singer-songwriter,0
0HEJUJcpslqRcH4r7Oro0p,Karthik Rao;Shilpa Surroch,Cubicles (A TVF Original Series Soundtrack),Socha Na Tha,35,178000,False,0.629,0.437,4,-11.567,1,0.143,0.755,0.000552,0.247,0.608,159.994,4,singer-songwriter,0
0AdoWBdFJUL5ejRBGFAAwq,Hayd,Changes - EP,Airplane Mode,52,203060,False,0.684,0.216,7,-15.894,1,0.0577,0.905,0.000112,0.122,0.26,133.186,4,singer-songwriter,0
6S3JlDAGk3uu3NtZbPnuhS,Badfinger,Straight Up (Remastered 2010 / Deluxe Edition),Baby Blue - Remastered 2010,67,217346,False,0.623,0.876,11,-7.788,1,0.066,0.0189,0.0134,0.0728,0.515,124.431,4,singer-songwriter,0
4C4Pduzp8LfAtQXHAGQWM5,Hozier,Hozier,Sedated,55,207669,False,0.66,0.61,9,-5.161,0,0.026,0.2,1.1e-05,0.105,0.29,85.999,4,singer-songwriter,0
7rgQx9d0qj0tgRGuhq4Fca,Bharat Chauhan,Muddat - Single,Muddat,33,254216,False,0.442,0.475,0,-10.85,1,0.0266,0.234,0.00574,0.163,0.188,170.041,4,singer-songwriter,0
1Wu5ERJDVhEUDKSim34CnP,Jax;JVKE,u love u (feat. JVKE),u love u (feat. JVKE),60,123568,False,0.793,0.462,8,-8.147,1,0.132,0.211,0.0,0.558,0.754,160.115,4,singer-songwriter,0
6hkLuLZ3x5hb5Vr3mbScZF,Neyhal,Lamhe Zaroori,Lamhe Zaroori,30,164518,False,0.638,0.658,10,-8.468,1,0.0278,0.575,0.0148,0.109,0.586,100.04,4,singer-songwriter,0
3pRaLNL3b8x5uBOcsgvdqM,Jeff Buckley,Grace,Hallelujah,71,413826,False,0.324,0.136,0,-10.33,1,0.0318,0.931,0.00117,0.176,0.0831,97.256,3,singer-songwriter,0
43qaPyDc2LJFpS334U4B5M,Keenan Te,Halfway There,Halfway There,52,182033,False,0.701,0.383,4,-10.002,1,0.059,0.674,0.0,0.112,0.317,117.982,4,singer-songwriter,0
37EQsOkuUxhqV1yJcPC1TY,Camylio,i tried,i tried,66,160790,False,0.567,0.468,7,-9.63,0,0.107,0.721,7.05e-06,0.13,0.238,139.922,4,singer-songwriter,0
5HWgP11CJLvBBQtMWkDdjd,Sophie Pecora,Overthinking,Overthinking,50,216000,False,0.745,0.573,0,-9.606,0,0.0789,0.558,0.0,0.104,0.479,100.041,4,singer-songwriter,0
4d2ZJ9W7dkQuITwUCTuD5n,Zach Hood,never knew a heart could break itself,never knew a heart could break itself,66,155223,False,0.579,0.454,9,-7.264,1,0.0427,0.465,0.0,0.0997,0.461,78.949,4,singer-songwriter,0
4qyfir5Yr7nfo05g6cyFMT,Ben Howard,Every Kingdom,Promise,64,384080,False,0.367,0.189,2,-15.736,1,0.0384,0.889,0.428,0.364,0.177,156.643,4,singer-songwriter,0
4tI1u9uQXYLnswRzcysxDo,Zevia,we're all sad here,"life, i'm over you",64,203470,False,0.495,0.322,11,-12.277,1,0.181,0.834,0.0,0.105,0.17,78.677,1,singer-songwriter,0
69rSEDWuvLS6yyNcESulCc,JORDY,Just Friends,Just Friends,58,189631,False,0.68,0.534,7,-7.001,1,0.08,0.0535,0.0,0.438,0.411,95.089,4,singer-songwriter,0
7ymdNx2cNrYVcue5vDvXmF,Silence Wang;BY2,万有引力,有点甜,60,235200,False,0.696,0.587,4,-6.801,1,0.0353,0.678,0.0,0.102,0.422,104.984,4,singer-songwriter,0
3LP5YM7IMwmffWXPE1VBf1,Hafdís Huld,Vögguvísur,Sólskin,44,99752,False,0.747,0.149,0,-11.752,1,0.0324,0.92,0.0,0.105,0.606,85.049,4,singer-songwriter,0
5jSV49gFlnc8FgpvjOCcM4,Rasmus Hagen;Ebba Bergendahl,Love & Hurt,Someone Just Like You,54,196235,False,0.657,0.582,1,-5.762,1,0.0776,0.0623,0.00211,0.215,0.291,169.971,4,singer-songwriter,0
69zxopckIPTya73oBGdE2v,Jasleen Royal;Fresh Talent Studios,Nit Nit (Lofi Version),Nit Nit - Lofi Version,34,248181,False,0.461,0.429,10,-10.742,1,0.0322,0.835,0.433,0.403,0.316,87.97,4,singer-songwriter,0
2FpzO4dqbCUPtZUQDjcLL3,Gloria Laing,Why Can't I Have You,Why Can't I Have You,58,285209,False,0.827,0.195,7,-17.651,1,0.0638,0.662,0.141,0.0987,0.229,137.966,4,singer-songwriter,0
2q3LzfknBzye3xXjgiJBjS,Gatton;Brooke Young,...When Scars Become Art,When Scars Become Art,67,287560,False,0.524,0.114,11,-17.027,1,0.0507,0.929,0.0,0.917,0.314,119.818,4,singer-songwriter,0
2kMAKtrAu16HVWxBnOwuhd,Fleurie;Tommee Profitt,Love and War,Hurts Like Hell,58,232000,False,0.433,0.152,9,-13.384,0,0.0369,0.727,5.19e-05,0.107,0.0974,129.792,3,singer-songwriter,0
6GvEjUmxUoVOMJMPK0STYZ,Ashu Shukla,Tumhare Aane Se,Tumhare Aane Se,50,208888,False,0.698,0.293,3,-10.413,1,0.0303,0.352,2.9e-05,0.101,0.867,108.08,4,singer-songwriter,0
0tgHIZlb1corln6Mbe7zFg,Tanay Mimani,Chai Ki Katori,Chai Ki Katori,33,244247,True,0.792,0.329,1,-11.15,1,0.0595,0.269,0.0,0.101,0.461,112.869,4,singer-songwriter,0
0dOg1ySSI7NkpAe89Zo0b9,Bruce Springsteen,Born In The U.S.A.,Born in the U.S.A.,74,278680,False,0.398,0.952,4,-6.042,1,0.061,0.000373,7.75e-05,0.1,0.584,122.093,4,singer-songwriter,0
6bw3WXPnJuyk42dtBuRhrn,Ramil Ganjoo,Daastaan,Daastaan,41,196744,False,0.489,0.387,5,-11.834,1,0.0341,0.587,4.1e-05,0.121,0.42,172.135,3,singer-songwriter,0
5xo1Gj4WTssjQgQ0w03cf2,Hozier,Hozier,Jackie And Wilson,60,223120,False,0.566,0.712,6,-4.201,1,0.0334,0.0687,1.3e-05,0.124,0.753,82.193,4,singer-songwriter,0
6CRMSbYypKAf9XubEsmvkN,Sara Kays,Traffic Lights,Traffic Lights,55,204877,False,0.52,0.531,11,-7.63,1,0.0428,0.633,0.0,0.101,0.309,121.839,4,singer-songwriter,0
3G7tRC24Uh09Hmp1KZ7LQ2,The Monkees,More of The Monkees (Deluxe Edition),I'm a Believer - 2006 Remaster,74,167373,False,0.526,0.775,0,-6.05,1,0.0352,0.707,2.05e-05,0.217,0.962,80.106,4,singer-songwriter,0
1kcYfi1mkfhnJYntYSi9gb,Prateek Kuhad,Prateek Kuhad on Audiotree Live,Drown - Audiotree Live Version,34,194214,False,0.501,0.0713,4,-20.001,1,0.0554,0.95,0.00195,0.11,0.418,163.324,4,singer-songwriter,0
0p5xEJ10MMJEGTuwJbngbn,Stephen Sanchez,Kayla,Kayla,50,175200,False,0.41,0.256,8,-8.653,1,0.0284,0.845,6.31e-06,0.116,0.308,137.741,4,singer-songwriter,0
2nekCvC9XRXQckWNnkIp2l,Neil Young,"Eat, Pray, Love",Harvest Moon,68,299106,False,0.645,0.321,2,-12.15,1,0.0263,0.521,0.000186,0.129,0.427,112.938,4,singer-songwriter,0
4gs07VlJST4bdxGbBsXVue,John Mayer,Battle Studies,Heartbreak Warfare,65,269720,False,0.624,0.554,2,-8.113,1,0.0225,0.191,0.00131,0.299,0.311,97.031,4,singer-songwriter,0
0ZNYGrmcehorhh9JOeg5Iv,José González,Stay Alive (From The Secret Life Of Walter Mitty),Stay Alive,67,266906,False,0.714,0.306,6,-12.111,1,0.0388,0.726,0.168,0.0924,0.314,129.984,4,singer-songwriter,0
0wcEUeOslMI8dPB7QjUMiW,John Mayer,Sob Rock,All I Want Is to Be With You,59,244200,False,0.522,0.426,0,-7.445,1,0.0242,0.106,0.674,0.224,0.304,93.049,4,singer-songwriter,0
7eTy1IzCaICfm6JYy1BV4u,Prateek Kuhad,cold/mess,with you/for you,46,231897,False,0.731,0.317,6,-13.775,1,0.0358,0.812,0.149,0.106,0.33,114.078,4,singer-songwriter,0
0KMGxYKeUzK9wc5DZCt3HT,Chicago,Chicago X,If You Leave Me Now,74,235373,False,0.434,0.563,11,-6.784,1,0.0268,0.0197,0.000824,0.128,0.275,104.183,4,singer-songwriter,0
1b5qdsOkBg9R0S12ng3Ees,Zoe Clark,Zero Feelings,Zero Feelings,62,154759,True,0.743,0.495,0,-6.462,1,0.048,0.0309,0.0,0.252,0.396,102.117,4,singer-songwriter,0
34evGV6SaoRLHTcXXUVOpb,Jax,90s Kids,90s Kids,64,163815,True,0.714,0.657,0,-6.436,1,0.118,0.0802,0.0,0.35,0.725,151.898,4,singer-songwriter,0
3ODxqsvcsdmG7ucehNSxn1,Umer Farooq;Moosa Saleem,Duur Se,Duur Se,37,262399,False,0.632,0.608,0,-9.558,1,0.0296,0.184,0.000211,0.105,0.332,93.013,4,singer-songwriter,0
5GcjIiSS47T64N1DFxn1UK,Ankur Tewari;The Ghalat Family,Side A,Wagairah Wagairah,37,217626,False,0.741,0.295,9,-11.044,1,0.0446,0.0245,0.0,0.142,0.236,125.936,4,singer-songwriter,0
3OiUOulzZiEfaADvJNR7wa,Kate Bush,Planet 80's,Army Dreamers,3,174026,False,0.703,0.225,4,-11.366,0,0.0511,0.731,4.59e-06,0.102,0.399,143.248,3,singer-songwriter,0
3tCexBo7fH5BspYwQ0mr1g,Anupam Roy,Ghare & Baire (Original Motion Picture Soundtrack),Tui Ki Kore Dili,33,198350,False,0.762,0.511,10,-9.448,1,0.0307,0.534,0.0,0.232,0.755,115.895,4,singer-songwriter,0
0CQqvd7bTiiRTDZzNmjifI,Bharat Chauhan,Usne Kaha Tha,Usne Kaha Tha,32,260894,True,0.527,0.296,1,-11.478,1,0.0286,0.579,0.675,0.119,0.0733,110.615,4,singer-songwriter,0
1w9L6dvttZalWd8XqFYvSa,Zach Hood,Isabelle,Isabelle,72,135000,False,0.678,0.716,10,-4.403,1,0.0342,0.196,0.0,0.102,0.627,109.981,4,singer-songwriter,0
6gXrEUzibufX9xYPk3HD5p,Eagles,Hotel California (2013 Remaster),Life in the Fast Lane - 2013 Remaster,72,286219,False,0.667,0.755,9,-7.246,1,0.069,0.0966,6.94e-05,0.0523,0.883,109.535,4,singer-songwriter,0
42ZSEXG0TtHAHbWOho7GDS,Sam MacPherson,How Do You Dress for the Rain?,How Do You Dress for the Rain?,58,160533,False,0.605,0.311,10,-12.105,1,0.0813,0.787,4.86e-05,0.113,0.165,149.794,4,singer-songwriter,0
7l6N2T3KMbBLGCeG0YpooM,Kailash Kher,Shiv Lingashtkam,Shiv Lingashtkam,41,197444,False,0.661,0.611,4,-7.852,0,0.0465,0.269,1.02e-05,0.161,0.313,87.925,4,folk,0
63hdFZIL9g8LYE41aBuWHS,Fossils,Fossils 4,Haajar Bichhana,32,414629,False,0.535,0.886,9,-6.101,1,0.0466,0.00721,0.0,0.146,0.306,136.014,4,folk,0
7wKwX3QFmx3icbH7iKVPe4,Kabir Cafe,Panchrang,Matkar Maya Ko Ahankar,54,365672,False,0.796,0.517,1,-6.289,1,0.0257,0.613,1.28e-05,0.138,0.614,107.475,1,folk,0
5PX54UGyH80kDwLP5duZoT,Achint;Vatsal Sanjay Joshi (Vatxl);Atharva Sanjay Joshi,Scam 1992 Theme Song,Scam 1992 Theme Song,37,180915,False,0.548,0.704,4,-7.57,1,0.146,0.178,0.0,0.314,0.617,173.993,4,folk,0
2ahgiL1Ok30MbkZOqIHqeX,Fossils,"Fossils, Vol. 2",Keno Karle,36,412030,False,0.587,0.525,4,-4.899,0,0.0276,0.552,0.0,0.125,0.152,72.516,4,folk,0
2CsyY7qWmco3ZMfXF70Zeg,Parthiv Gohil,Dandiya Dance Mix,Kesariyo Rang,39,300042,False,0.772,0.869,10,-7.322,0,0.0798,0.259,0.0139,0.201,0.814,113.912,4,folk,0
6iOBherEG0U5BjXpMPxA5N,Kabir Cafe,Panchrang,Tod Diya,32,286933,False,0.564,0.847,5,-4.27,1,0.159,0.0941,1.19e-05,0.129,0.828,127.934,4,folk,0
4eJwBBKJOqADZHVlndzvGu,Nusrat Fateh Ali Khan,DilLagi,Jitne Bhi Zakham Hain Dil Par,42,814158,False,0.484,0.683,10,-11.136,0,0.105,0.0932,1.12e-06,0.245,0.766,108.145,4,folk,0
0iOZM63lendWRTTeKhZBSC,Simon & Garfunkel,Bookends,"Mrs. Robinson - From ""The Graduate"" Soundtrack",75,244026,False,0.606,0.457,6,-14.035,0,0.0497,0.713,2.53e-05,0.0747,0.813,92.033,4,folk,0
5hCPyBJTeFoMj5B9RhlxoY,Kailash Kher;Vishnupriya Ravi,Chitralahari (Original Motion Picture Soundtrack),Prayathname,36,167812,False,0.667,0.606,9,-9.087,0,0.0509,0.396,1.78e-05,0.168,0.289,96.062,4,folk,0
6PL07DkNaAqFPbJBbIX1ZY,Vance Joy,Feeling Good - Adult Pop Favorites,Bonnie & Clyde,0,194080,False,0.714,0.611,0,-5.448,1,0.0367,0.891,0.011,0.0969,0.412,117.872,4,folk,0
0dNc4kZNk8JrdQCmrVPBqI,Tom Walker;Masked Wolf,Something Beautiful (feat. Masked Wolf),Something Beautiful (feat. Masked Wolf),59,186951,False,0.615,0.746,10,-5.196,0,0.0683,0.186,0.0,0.233,0.361,89.872,4,folk,0
75HE0EDpAfKQhwCsezAyhO,Sardool Sikander,O Ho !,Ek Charkha Gali De Vich,35,297426,False,0.672,0.65,6,-13.373,1,0.0744,0.0738,0.0,0.0769,0.959,88.833,4,folk,0
3K2U5XjczEXKxlY1i1WSj6,Nusrat Fateh Ali Khan,Best Urdu Qawwalies,Tum Ek Gorakh Dhanda Ho,40,1817447,False,0.535,0.764,6,-6.867,1,0.0726,0.381,0.0,0.318,0.823,107.729,4,folk,0
794CtxRRtPthMlWTy6T1U2,Papon;Hopun Saikia,Haate Haat Dhori,Haate Haat Dhori,36,228926,False,0.448,0.463,4,-8.773,1,0.0647,0.774,0.00269,0.0961,0.526,164.794,3,folk,0
5JJPfHpByZ66XsEyCNVi2p,Matt Maltese,Krystal,Krystal,68,220244,False,0.521,0.509,3,-8.059,1,0.0276,0.738,0.784,0.119,0.37,153.563,4,folk,0
7x46YkKAwp3yZpaa72n5Mu,The Lumineers,The Lumineers (Deluxe Edition),Stubborn Love,68,279000,False,0.596,0.544,0,-11.759,1,0.0362,0.604,0.017,0.262,0.262,115.022,4,folk,0
0ekuaPp7dcww2tlJsa3imW,Salim–Sulaiman;Ayisha Abdul Basith;Salim Merchant,Salaam,Salaam,38,306994,False,0.511,0.468,7,-8.218,0,0.0305,0.762,0.0,0.0869,0.353,139.97,4,folk,0
4VmWfFp2jmMv3FccGdsE71,Papon,Jonaki Raati,Phagunare Pasuwa Baa,34,328594,False,0.464,0.396,4,-11.889,1,0.0388,0.842,0.00078,0.367,0.423,139.695,4,folk,0
4IOJeKuObmBVXq2RQ01BqH,Joy Oladokun,West Coast,sorry isn't good enough,0,187543,True,0.618,0.554,2,-7.39,0,0.0464,0.029,7.76e-05,0.179,0.575,140.038,4,folk,0
5yvXCtOc2m4bSxG24lumPb,Kailash Kher;Paresh Kamath;Naresh Kamath,Rediscovered Gems: Kailash Kher,Piya Ghar Aavenge,51,342026,False,0.516,0.28,4,-11.833,0,0.0275,0.76,0.00582,0.0616,0.175,111.381,1,folk,0
2yRFB6Ry3wegaQObkpo8NH,Nusrat Fateh Ali Khan,Kali Kali Zulfon Ke Phande Na,Kali Kali Zulfon Ke Phande Na - Complete Original Version,34,859345,False,0.4,0.694,3,-8.486,1,0.0621,0.573,0.0,0.874,0.727,153.902,3,folk,0
2ixsaeFioXJmMgkkbd4uj1,George Ezra,Wanted on Voyage (Expanded Edition),Budapest,79,200733,False,0.717,0.455,5,-8.303,1,0.0276,0.0846,0.0,0.11,0.389,127.812,4,folk,0
7KKRPM4fUsfCkJnd1zPhHf,Kailash Kher,Best Of Kailash Kher,"Ya Rabba (From ""Salaam-E-Ishq"")",51,418880,False,0.648,0.414,2,-10.933,1,0.0314,0.26,1.72e-05,0.0748,0.583,143.971,4,folk,0
34nS6WRPPd7esHmg9v3DgD,Mercedes Sosa,Pañuelos al viento,"Duerme, Negrito",0,144320,False,0.765,0.262,0,-14.848,1,0.0384,0.913,0.172,0.108,0.453,121.235,4,folk,0
2axUpfRiluw1Ou3FLZ1psA,Nusrat Fateh Ali Khan;A1Melodymaster,Reformed,Tumhen Dillagi,46,261345,False,0.636,0.972,6,-1.808,1,0.228,0.429,5.29e-05,0.101,0.807,95.009,4,folk,0
6m4pOsHiyoJkipPDtkc1p2,Jorge Acosta,Kachaka Paraguay,Vestidito Negro,42,183000,False,0.63,0.791,4,-5.602,1,0.0338,0.277,0.000698,0.109,0.96,79.248,4,folk,0
2bQA5NdKMwfXc2R1M7nr5y,Nusrat Fateh Ali Khan,Love and Devotion,Biba Sada Dil Morr De,42,435560,False,0.47,0.526,1,-14.041,1,0.0787,0.263,4.76e-05,0.185,0.608,109.577,4,folk,0
3Y7fpFZbHLpAvWJJYGehz0,Xavier Rudd,Spirit Bird,Follow The Sun,71,256266,False,0.611,0.394,0,-10.757,1,0.0416,0.534,4.68e-05,0.108,0.202,123.941,4,folk,0
2TuXsld8011wMWRR7L4dbM,Papon;Anurag Saikia,Gullak: Season 3 (Music from the Original Series),Jhonka,35,272000,False,0.639,0.386,11,-11.403,1,0.0409,0.917,0.000147,0.109,0.249,119.95,1,folk,0
7xfHgo7hFniM8UxxOldfPC,Parthiv Gohil;Jahnvi Shrimankar,Ek Patan Sher Ni (Live),Ek Patan Sher Ni (Live),36,109623,False,0.697,0.956,7,-6.92,1,0.0552,0.267,6.11e-06,0.248,0.894,121.375,4,folk,0
5a35ERbTGE2i7zepYMab0P,Nusrat Fateh Ali Khan;Afternight Vibes,"Revamped, Vol. 3 (Remix)",Bina Maahi,36,375405,False,0.762,0.763,0,-4.025,0,0.0996,0.583,3.72e-06,0.197,0.444,93.037,4,folk,0
3IF8tIMbF7EcXWUyaWJQIr,Kailash Kher,Guru Shishyaru,Nade Mundhe,34,173470,False,0.792,0.769,9,-9.014,1,0.0995,0.475,6.88e-06,0.307,0.555,109.997,4,folk,0
2TO5jIBt0iGFRGNMHSdyFR,Nusrat Fateh Ali Khan,Shahen-Shah (Real World Gold),Meri Ankhon KO Bakhshee Hain Aansoo,38,655760,False,0.297,0.655,9,-13.709,1,0.055,0.662,0.00404,0.347,0.861,194.539,4,folk,0
30VzStlih56Ukx9ZCG0oi4,Mercedes Sosa,Música para casa,Inconsciente Colectivo - Live,0,237493,False,0.527,0.287,9,-13.616,1,0.0354,0.691,6.41e-06,0.124,0.375,180.459,4,folk,0
1rVuE47xDTFEtQeLfBSV0r,Divya Kumar,Hit - The First Case,Kahani Baaki Hai,34,171154,False,0.589,0.82,6,-5.61,1,0.1,0.0342,0.0,0.183,0.811,170.05,4,folk,0
6cA0wDujtrbg5W2rgNTJR9,Woodlock,I Loved You Then,I Loved You Then (And I Love You Still),66,158000,False,0.685,0.324,11,-11.848,1,0.0352,0.642,0.000152,0.108,0.301,119.836,3,folk,0
0oXI8lgAbT3XNDhUb7wtd5,Piyush Mishra,Gulaal,Duniya,33,407613,False,0.34,0.511,10,-11.193,1,0.0969,0.837,0.0,0.107,0.284,172.981,3,folk,0
6Qwuw0eOeszVlewLpu24gR,Vance Joy,Nation of Two,I'm with You,67,239786,False,0.657,0.396,7,-9.255,1,0.0293,0.805,1.58e-06,0.103,0.115,110.003,3,folk,0
5NpmzFJuPJr6tHVGlJlSeE,Salim–Sulaiman;Amitabh Bhattacharya,Band Baaja Baaraat,Mitra,36,242573,False,0.612,0.604,0,-8.664,1,0.0226,0.0977,1.34e-05,0.151,0.423,95.003,4,folk,0
4JLcAU2xY90qTkTSNM1lUa,Nancy Sinatra,How Does That Grab You?,Bang Bang (My Baby Shot Me Down),66,162446,False,0.433,0.174,5,-18.791,0,0.0537,0.982,0.101,0.111,0.366,95.802,4,folk,0
3iewNLhxQyJXdYVYFKj86Y,Prateek Kuhad,Prateek Kuhad on Audiotree Live,cold / mess - Audiotree Live Version,33,260424,False,0.5,0.0981,10,-13.88,1,0.0412,0.926,0.000938,0.115,0.324,148.376,3,folk,0
0nJsYcZ6gr6198qwFLbA1G,Faridkot,Raftaar Wahi Hogi,Raftaar Wahi Hogi,33,156831,False,0.617,0.599,9,-7.705,1,0.035,0.758,0.0,0.0661,0.431,100.954,4,folk,0
2xlV2CuWgpPyE9e0GquKDN,Vancouver Sleep Clinic,Revival,Someone To Stay,72,254013,False,0.436,0.473,1,-7.24,1,0.0307,0.588,4.35e-05,0.103,0.242,108.906,4,folk,0
2ImegcJfmRAUExdSm4tzqG,Nusrat Fateh Ali Khan,Kande Utte Mehrman Way Vol. 40,Je Toon Akhian De Samne Nahin Rehna,36,587906,False,0.404,0.728,1,-12.82,1,0.071,0.221,0.0,0.408,0.771,110.385,4,folk,0
71CXzHYYOyNqgtVFpNdeCS,Lobo,Of A Simple Man,I'd Love You to Want Me,67,247640,False,0.431,0.543,10,-9.96,1,0.0394,0.122,0.000123,0.0598,0.44,77.507,4,folk,0
6aF4I3c26SowhiDCZLUqAY,Salim–Sulaiman;Pawandeep Rajan,Jai Ho Bhole,Jai Ho Bhole,33,228909,False,0.566,0.514,0,-7.964,1,0.0288,0.653,0.0,0.0828,0.425,102.891,1,folk,0
2M9ro2krNb7nr7HSprkEgo,Tracy Chapman,Tracy Chapman,Fast Car,78,296800,False,0.711,0.292,4,-15.523,0,0.037,0.313,0.0,0.131,0.194,103.951,4,folk,0
31TxQlV1owDhlyFiJvMfuW,Salim–Sulaiman;Shreya Ghoshal,Heroine (Original Motion Picture Soundtrack),Khwahishein,42,237026,False,0.466,0.478,11,-6.221,0,0.0312,0.609,0.0,0.0837,0.107,145.112,3,folk,0
0accUS40FDGknFOcwbnDiu,Kailash Kher,Mirchi,Nee Choopula,33,58809,False,0.573,0.529,9,-9.441,1,0.0365,0.561,0.000246,0.0979,0.308,167.939,1,folk,0
2cAJkVpApCQuM6fYvioE9M,brb.,honeymoon,honeymoon,60,167832,False,0.71,0.639,1,-10.024,1,0.0367,0.0443,0.0151,0.231,0.869,143.019,4,chill,0
4Nw7kywWurWS6ceinn1cHK,Jenevieve,Division,Baby Powder,68,176760,False,0.799,0.452,1,-7.641,0,0.0466,0.238,0.000133,0.0878,0.732,78.461,3,chill,0
6WiAC2oM0a96F64xjH3YWv,Holem;Shiloh Dynasty,In My Feelings,Black Shirt,52,72000,False,0.876,0.149,7,-22.986,1,0.143,0.827,0.775,0.19,0.212,109.975,4,chill,0
15Br2J1kEKCNXCuDtxtfFf,Beowülf,savior,savior,63,110943,False,0.832,0.181,11,-20.989,1,0.0603,0.835,0.0304,0.117,0.213,106.032,4,chill,0
3t7RY4sxCMWETXyvzDq2e3,remy;Public Library Commute,checked out (feat. Public Library Commute),checked out (feat. Public Library Commute),56,137400,False,0.716,0.619,5,-8.029,1,0.0372,0.444,0.0,0.108,0.648,122.941,4,chill,0
6zaayoVlfFp5YmQArKWkRG,thuy,playing tricks,playing tricks,61,184257,False,0.67,0.412,4,-8.213,0,0.0779,0.638,1.75e-05,0.0678,0.281,130.005,3,chill,0
0ugJ012NKkZWS2G2Smdwax,SHRK;Shiloh Dynasty,Lost in Love,Would That Make You Love Me?,57,139833,False,0.829,0.391,1,-21.041,1,0.29,0.282,0.816,0.0653,0.629,129.989,4,chill,0
2khJckZKgm10rTK583uKuQ,Sarah Kang;Takahiro Izumikawa,about time,about time,56,193047,False,0.713,0.421,11,-8.692,1,0.0362,0.657,2.32e-06,0.139,0.59,79.005,3,chill,0
7B4UxdHwRKJYRhvXxmgZhM,thuy,i hope u see this,universe,67,186627,False,0.636,0.452,11,-8.298,1,0.0329,0.136,1.97e-06,0.104,0.0678,80.004,4,chill,0
5imUsSGjd1ok68w4HXh1My,The Millennial Club,summer nights,feel the same,58,131866,False,0.792,0.659,9,-5.796,1,0.102,0.602,7.06e-05,0.0543,0.621,102.985,4,chill,0
0hVvkB1j1SC9FQHShpQoYU,Alex1,Late Night Trips,Late Night Trips,63,97436,True,0.824,0.459,0,-12.061,0,0.42,0.24,1.06e-06,0.139,0.4,137.999,4,chill,0
6Jfn2Ut4F7snIXmOp7LLco,SwitchOTR,Clearest of Signs,Clearest of Signs,65,135416,False,0.768,0.606,9,-7.075,1,0.214,0.085,0.0,0.117,0.681,95.958,5,chill,0
2TJs37x1zLNpRpFSHiMeVr,omarr;Mia Smith,Lonely,Was I Not Good Enough?,50,145669,False,0.642,0.251,1,-13.259,1,0.0633,0.943,0.0013,0.265,0.111,127.024,4,chill,0
6elDvgK5qSrVcSf8dAkzGf,Vluestar,I’ll Keep You Safe,Reminiscing,55,73557,True,0.701,0.335,1,-11.377,1,0.598,0.772,3.62e-06,0.135,0.28,84.35,4,chill,0
1qdir2JszOGcAJORiRvtZH,Pep Starling,Adeus,Adeus,47,135201,False,0.756,0.824,8,-1.486,1,0.327,0.384,0.874,0.11,0.581,173.941,4,chill,0
41r2Q4UEDdU9cktfgQETnx,Dvwn,"Dawn Defibrillation, Vol.1",Last,60,235666,False,0.695,0.39,7,-5.439,1,0.0342,0.117,0.0,0.104,0.455,123.985,3,chill,0
491c4G5XxA8I80zNvR1rLR,Lund,Downhill,Downhill,55,176013,True,0.846,0.419,4,-8.957,0,0.0499,0.198,1.15e-05,0.0415,0.527,119.992,4,chill,0
5SJ7wxV5pDvhxs4xjgb2cW,Elijah Gonzales;Shiloh Dynasty,Trust Nobody,Trust Nobody,55,166217,False,0.693,0.191,1,-18.597,0,0.115,0.789,0.342,0.102,0.784,208.001,4,chill,0
39BjmE63Oum0jR2QpHYSJv,Nohidea,Esuna,falling down,63,96053,False,0.778,0.309,8,-16.688,1,0.324,0.915,0.0925,0.343,0.556,80.115,4,chill,0
6D6HVKe7Qu3imn4zzJD0W9,keshi,always,drunk,71,227031,False,0.691,0.389,4,-8.247,1,0.0367,0.765,0.0,0.0941,0.306,104.952,4,chill,0
4XWHfXGE0MvK1qMjpSbTiB,80purppp,Violet High,Soleil,65,109295,True,0.732,0.483,6,-13.656,1,0.13,0.742,0.326,0.107,0.464,126.053,4,chill,0
06E5KyqnDTueEbdT22FFvM,Hisohkah;WMD,School Rooftop,School Rooftop,63,167967,False,0.85,0.28,1,-8.77,1,0.23,0.0931,0.606,0.0867,0.28,82.872,4,chill,0
492G9mKNRkoTJFybP2BItb,K1,Why you gotta lie?,Why you gotta lie?,59,156053,True,0.786,0.627,7,-7.296,1,0.166,0.328,6.92e-06,0.132,0.697,140.048,4,chill,0
4KlL5Bwlm4yHYxr0B2rHci,Tom Odell,Long Way Down (Deluxe),Heal,74,193080,False,0.445,0.179,1,-12.938,1,0.0396,0.952,0.00056,0.107,0.119,72.246,4,chill,0
4w0rTd0QIbsvVykYij8M7L,dhruv,rapunzel,retrograde,47,215269,False,0.49,0.229,4,-12.11,0,0.0273,0.804,0.00489,0.126,0.281,90.205,4,chill,0
2GtksLOwApBFKXsm4jsw8o,Zaini,dead,dead,52,171166,False,0.472,0.287,6,-11.173,0,0.21,0.83,0.247,0.433,0.481,179.891,3,chill,0
28WoBIA4EDVvxiraTv2KZ2,JUNNY;lullaboy,nostalgia,solo,54,183360,False,0.626,0.584,0,-6.913,1,0.102,0.782,0.0,0.208,0.408,102.045,4,chill,0
4i9zZb6mPKfQRXRb5HKjSw,hevel;Evito,STAR CITY CAFE,STAR CITY CAFE,57,139780,False,0.742,0.415,9,-9.024,1,0.06,0.453,0.0,0.108,0.414,91.093,4,chill,0
4sqzk0CNJfagxwMSEytoGe,Kayou.;Kaxi,wish u the best,wish u the best,40,143528,False,0.656,0.301,0,-14.382,0,0.0391,0.859,3.73e-06,0.099,0.272,149.87,4,chill,0
3BajoSb3TjPbcOC873OjbD,Luke Chiang;Alexis Kim,May I Ask,May I Ask,61,230592,False,0.716,0.369,2,-9.216,1,0.0468,0.353,0.0,0.0897,0.389,146.021,4,chill,0
5o4cciCu6ncIIs92h9Fp5M,yaeow,my first songs,fade away(losing you),48,132800,False,0.666,0.386,10,-13.636,0,0.0417,0.244,0.113,0.605,0.312,75.023,4,chill,0
4jXvLe7ERO8yIYETDZGU0m,Finlep,Farewell Summer,Brookline,56,191869,False,0.511,0.11,2,-20.248,1,0.0769,0.987,0.947,0.11,0.13,95.946,4,chill,0
0irTtcKzsy7I8QVdoGWv77,IWL;bearbare,eyes blue like the atlantic,eyes blue like the atlantic,51,105600,False,0.507,0.446,0,-9.497,1,0.107,0.157,0.00825,0.119,0.154,149.994,4,chill,0
7g1251d41qVR8kq6yz9XXa,dyl dion,pouring outside,pouring outside,66,156250,False,0.783,0.589,7,-8.32,1,0.0381,0.677,0.0685,0.108,0.326,107.494,4,chill,0
0g4YAv5RPE4PdIzYqy692o,Pink Sweat$;Gustixa,At My Worst (Gustixa Remix),At My Worst (Gustixa Remix),50,142499,False,0.754,0.6,0,-7.027,1,0.0446,0.798,0.0149,0.344,0.351,92.02,4,chill,0
6x2vJWVX5xaYvkISLVu7Kz,prxz;Shiloh Dynasty,Love Wounds,Love Is More Depressing Than Depression,64,133267,False,0.793,0.215,9,-16.636,0,0.24,0.733,0.0426,0.143,0.335,100.141,4,chill,0
6jaJfp0EPr7m2FubqfO9la,SHRK;Shiloh Dynasty,Sad Hours,Keep You Safe,63,136329,False,0.807,0.343,1,-18.298,1,0.205,0.89,0.77,0.145,0.342,109.996,4,chill,0
15IfeWfzxJtcKBgx6oDHvl,dhruv,Blur,Blur,57,220550,False,0.747,0.789,0,-3.789,0,0.039,0.0651,2.42e-05,0.0727,0.646,118.035,4,chill,0
16sYs3ObeOoyPtWjIoyPfw,Justin Park,I Can See The Stars From Here,You Don't Know,55,95258,False,0.655,0.345,10,-10.025,1,0.0868,0.356,0.0,0.1,0.614,125.981,4,chill,0
5NF5TV9zGZ9QLKLf7Oq05T,Luke Chiang,Used to Me,Used to Me,59,179544,False,0.797,0.512,5,-7.315,0,0.143,0.318,8.98e-06,0.352,0.691,100.029,4,chill,0
3PPD1wg591kQnsws16mlkS,thuy;DCMBR,i hope u see this,chances,67,167312,False,0.748,0.472,3,-9.15,0,0.0557,0.0822,0.0,0.0525,0.605,141.93,4,chill,0
52UDFFwUueOBfJ2vB5BqRr,GSoul,Hate Everything,Hate Everything,63,205773,False,0.474,0.229,10,-9.47,1,0.0329,0.858,0.0,0.11,0.289,118.827,4,chill,0
5VcFzH97JEHgXgedErp4cP,Jayla Darden,"Ideas, Vol. 2",Idea 686,53,163235,False,0.712,0.347,0,-10.363,0,0.041,0.378,0.0212,0.111,0.5,135.975,4,chill,0
4T2UFptnPrq5O4PTNU7e6h,Sky McCreery,just to break my heart,just to break my heart,62,152727,False,0.651,0.205,9,-10.572,1,0.0465,0.719,0.000832,0.122,0.123,110.016,4,chill,0
3K8tRD2Prik7FXbD8lZ6DC,Gentle Bones,I Wouldn't Know Any Better Than You,I Wouldn't Know Any Better Than You,62,151041,False,0.708,0.485,2,-5.552,1,0.0699,0.21,0.0,0.104,0.281,139.99,4,chill,0
4RfhCB13UBa5iWdj3pSLvX,Keepitinside,caffeine and dopamine,caffeine and dopamine,48,150857,True,0.716,0.674,1,-7.801,1,0.132,0.0122,1.28e-05,0.0948,0.31,140.019,4,chill,0
3gruOqIpPBQq2xmmOOPfr0,Miró,A Través del Reflejo,Guardián,37,258200,False,0.598,0.804,9,-5.864,1,0.0292,0.0583,0.000544,0.198,0.439,123.02,4,chill,0
1tyxZ2buhi3Zn32j5LEpb5,Sarah Kang;Jesse Barrera,Fall for You,Fall for You,60,175942,False,0.574,0.462,1,-7.928,1,0.0324,0.661,2.71e-05,0.0855,0.501,139.909,4,chill,0
3j4P8ytkoDpBFePPrXHEbe,Bennett Coast,Moonboy,Moonboy,56,132230,True,0.507,0.375,9,-10.637,1,0.0256,0.855,0.00981,0.11,0.0519,90.006,4,chill,0
3xpY2T84iSw9bAbJ8zl7Dt,thuy,girls like me don't cry,u should feel special,53,157199,True,0.786,0.381,5,-11.215,0,0.031,0.332,4.58e-05,0.115,0.425,109.994,4,chill,0
373ovGYBDvfPLo1NNRNMYE,The Cameron Collective,What If We Rewrite The Stars,The Greatest Showman - Rewrite The Stars (Acoustic),33,214860,False,0.758,0.206,9,-14.68,1,0.0729,0.628,0.0,0.148,0.25,124.873,4,acoustic,0
7KqahQEtWTG2xPKE4Kriad,Masaharu Fukuyama,伝言,追憶の雨の中 (Original Version),27,238866,False,0.345,0.919,2,-8.154,1,0.0751,0.189,0.0,0.17,0.407,174.147,4,acoustic,0
2gc1XwdI3kKipqAXTdMcwY,JJ Heller,Neighbor,Neighbor (Piano Version),25,236000,False,0.446,0.142,0,-12.119,1,0.0373,0.91,1.57e-06,0.0943,0.192,115.911,3,acoustic,0
5Z8O4RFAmjA13jrOYIgyXA,Kina Grannis,Oh What A Love,Oh What A Love,46,235135,False,0.457,0.064,6,-19.928,1,0.0339,0.941,0.108,0.107,0.0647,147.824,3,acoustic,0
6pRaRbJVkHyQdlW3MGvkgT,Pigeon Pit,Treehouse,Hot Knives,30,252760,True,0.501,0.44,6,-8.167,1,0.0352,0.818,0.0,0.104,0.311,89.881,4,acoustic,0
302k5Cd7lIeZvekkjWcU3k,Harley Poe,7 Inches of Hell,You're a Witch,28,172121,True,0.529,0.936,5,-4.061,0,0.0757,0.256,0.000454,0.752,0.849,91.952,4,acoustic,0
2PIlBukQ6limukVR8Ubb5o,Gabrielle Aplin,English Rain,Please Don't Say You Love Me,59,181400,False,0.479,0.541,0,-9.862,1,0.0545,0.737,0.0,0.108,0.321,85.994,4,acoustic,0
7saOSM2fUxclPXFAFJQACk,Johnnyswim,Diamonds,A Million Years,28,219853,False,0.71,0.782,2,-6.276,1,0.0835,0.0684,8.66e-06,0.0845,0.523,123.04,4,acoustic,0
5CU7ewecONNlWAJHu04HJQ,The Bridge City Sinners,Bridge City Sinners,Come on In,28,204926,False,0.544,0.911,9,-2.73,1,0.204,0.661,0.0,0.344,0.851,114.776,4,acoustic,0
03VNgdCL9t8aPyvwZecglI,Jason Mraz;Meghan Trainor,Know.,More Than Friends (feat. Meghan Trainor),54,181360,False,0.451,0.528,2,-6.984,1,0.0364,0.366,0.0,0.0811,0.527,139.28,5,acoustic,0
6xKeQgzfjixSUld14qUezm,Andrew Foy;Renee Foy,ily (i love you baby),ily (i love you baby),56,129750,False,0.706,0.112,2,-18.098,1,0.0391,0.827,4.03e-06,0.125,0.414,110.154,4,acoustic,0
5sVyefkGgQeYCgnqr4KslQ,Joy Williams,Front Porch,Front Porch,64,231813,False,0.567,0.224,1,-10.024,1,0.0299,0.887,0.0,0.109,0.2,124.44,4,acoustic,0
23Mcmg5O8rBKAOzxvrTjnD,Kitri,Hikare Inochi,Sympathy,49,210760,False,0.69,0.423,2,-9.194,0,0.0294,0.883,0.0123,0.111,0.59,130.121,4,acoustic,0
1NByMwpOZY69Mmy4l7jYRF,Frank Turner,The Gathering,The Gathering,27,159019,True,0.424,0.942,7,-3.338,1,0.118,0.0025,1.14e-06,0.23,0.447,143.671,4,acoustic,0
1KHdq8NK9QxnGjdXb55NiG,Landon Pigg,The Boy Who Never,Falling in Love at a Coffee Shop,58,244986,False,0.489,0.561,4,-7.933,1,0.0274,0.2,4.56e-05,0.179,0.238,83.457,3,acoustic,0
6lfxq3CG4xtTiEg7opyCyx,Kina Grannis,Crazy Rich Asians (Original Motion Picture Soundtrack),Can't Help Falling In Love,71,201933,False,0.266,0.0596,0,-18.515,1,0.0363,0.905,7.07e-05,0.132,0.143,181.74,3,acoustic,0
3V0NxWbbUTa3BUAnchm11i,Ichiko Aoba,amuletum bouquet,bouquet,56,256361,False,0.298,0.044,5,-20.176,1,0.035,0.983,0.124,0.101,0.115,85.708,4,acoustic,0
5Bfdu7gVB7njCCCQHC0kkI,Days N Daze,Show Me the Blueprints.,Fast Track,26,144009,False,0.446,0.621,10,-5.065,1,0.037,0.721,0.0,0.0881,0.867,113.896,4,acoustic,0
0dnRlO7IDzbN9ixVld7hz6,The Perishers,Let There Be Morning (Bonus Track Version),Pills,51,189240,False,0.543,0.288,0,-8.608,0,0.0258,0.667,0.0,0.113,0.293,95.435,4,acoustic,0
1tPYm2PqXjYL6lM0AfH5aT,Adam Christopher,Boulevard of Broken Dreams (Acoustic),Boulevard of Broken Dreams (Acoustic),41,207400,False,0.586,0.149,5,-13.369,1,0.0348,0.881,0.0,0.187,0.341,75.121,4,acoustic,0
1POSMvQ2TKVN0D7GwOgK0W,Frank Turner,Positive Songs For Negative People,Josephine,28,202400,False,0.442,0.898,5,-4.662,1,0.0613,0.000158,4.11e-06,0.1,0.446,144.299,4,acoustic,0
353rT3h7ABEWWBe6Hr7EZD,Days N Daze,The Oogle Deathmachine,"Little Blue Pills, Pt. 2",31,265195,True,0.501,0.672,2,-10.225,0,0.0637,0.674,0.000162,0.0674,0.961,122.041,4,acoustic,0
7rIBp3U5Igzn44l7Z7mOtE,Gen Hoshino,YELLOW DANCER,SUN,48,241466,False,0.782,0.684,1,-5.774,1,0.0398,0.021,0.0,0.125,0.858,108.171,4,acoustic,0
7FNugksLRXsu3Ie96TiWpG,Meiko,Lovers & Fighters,You're Mine (The Chase),31,208386,False,0.532,0.667,11,-7.065,0,0.0295,0.14,0.0194,0.193,0.67,144.901,4,acoustic,0
5epYcmFhgMsZcyKk8A2Qi5,Chad Hates George,Chad Hates George,"Fry, Bacon, Fry (Die Pigs!)",26,203702,False,0.531,0.289,0,-13.246,0,0.0505,0.854,0.0,0.0918,0.611,124.157,4,acoustic,0
6mFsYlDjG2Esy5hXhNy78t,Get Dead,Tall Cans & Loose Ends,This One's for Johnny,31,195640,False,0.482,0.772,1,-5.128,1,0.0318,0.0265,0.0,0.269,0.586,129.91,4,acoustic,0
73oHkllHIT8fdbzpxiXW40,Jason Mraz,Waiting for My Rocket to Come (Expanded Edition),"On Love, in Sadness",19,208793,False,0.56,0.832,9,-5.595,1,0.0352,0.108,0.0,0.232,0.802,100.957,4,acoustic,0
0c99BUd87HQfzgUUQqRyds,Kina Grannis,In the Waiting,For Now,57,198403,False,0.394,0.249,5,-10.484,1,0.0396,0.927,0.0,0.115,0.329,79.549,4,acoustic,0
1HfxPaJggVwFsvOtHbVzMz,Kris Allen,Kris Allen,Live Like We're Dying,55,212506,False,0.589,0.893,0,-2.948,1,0.0397,0.0273,0.0,0.343,0.94,92.011,4,acoustic,0
4ckCgKE0aIy4TNSGdm36QT,Frank Turner,The Second Three Years,Linoleum,26,88626,False,0.548,0.666,4,-2.277,1,0.036,0.281,0.0,0.231,0.582,98.806,4,acoustic,0
4YgEwanzISFU4xa27saTux,YUZU,Land,Reason,47,304320,False,0.363,0.819,7,-3.128,1,0.0634,0.0591,0.0,0.0988,0.468,122.527,4,acoustic,0
5wQci5VCUjdbKnRD61XYwu,Joshua Hyslop,In Deepest Blue (Bonus Track Version),The Flood,60,261640,False,0.577,0.446,6,-11.343,1,0.0313,0.554,0.0782,0.116,0.262,81.005,4,acoustic,0
1BECZPXBXzobsfmlzj0g3I,Jason Mraz,Waiting for My Rocket to Come (Expanded Edition),"Tonight, Not Again - Live",19,264280,False,0.56,0.278,3,-12.501,1,0.0921,0.733,0.0,0.112,0.594,102.187,4,acoustic,0
7DUnyslSCb05yeSmGGTJ81,Brett Dennen;Benedict Cumberbatch,August: Osage County (Original Motion Picture Soundtrack),Can't Keep It Inside,45,77093,False,0.519,0.0646,2,-18.898,1,0.0433,0.982,3.84e-06,0.105,0.395,121.696,4,acoustic,0
6JAXWoK53LV3hYARf4TzzP,Thomas Daniel,Symphony,Symphony - Acoustic,49,192389,False,0.359,0.208,7,-10.567,1,0.036,0.943,0.0,0.0931,0.105,83.155,3,acoustic,0
3dglCYsVMjPbDlU2CC9Vq7,Jason Mraz,Know.,Let's See What The Night Can Do,53,245186,False,0.392,0.423,7,-7.813,1,0.0348,0.27,0.0,0.117,0.288,113.537,4,acoustic,0
4qTHoIp62ngNDpUJwW3hZ7,Boyce Avenue,"Cover Sessions, Vol. 6",Can’t Help Falling in Love,57,131000,False,0.402,0.197,5,-10.775,1,0.0295,0.858,1.05e-06,0.114,0.148,100.044,3,acoustic,0
3g61xRaqII8q1wlQDzv550,Boyce Avenue,"Cover Sessions, Vol. 4",Beautiful Soul,62,216612,False,0.483,0.506,9,-6.058,1,0.0347,0.394,0.0,0.0946,0.705,87.337,4,acoustic,0
5hCgm1tDb7ZZKmRtucTTjh,C.W. Stoneking,Jungle Blues,The Love Me or Die,47,234600,False,0.609,0.53,3,-5.465,0,0.0648,0.84,2.02e-05,0.133,0.919,150.405,4,acoustic,0
4qScDvgzJs0Oo30kFaJIuy,Sakura Fujiwara,SUPERMARKET,Waver,29,207933,False,0.626,0.682,6,-5.656,1,0.0397,0.277,0.000325,0.0985,0.636,75.02,4,acoustic,0
4H7MpMZ4p3Cc06B11bcgL7,Jack Savoretti,Days Gone (Original Soundtrack),Soldier's Eyes,50,171760,False,0.666,0.289,7,-12.404,1,0.0317,0.641,8.2e-06,0.109,0.415,109.965,4,acoustic,0
05b6SX5DjBpvd5rYIxmwOz,The Civil Wars,Barton Hollow,To Whom It May Concern,44,211360,False,0.309,0.159,7,-13.101,1,0.0315,0.912,0.000264,0.1,0.139,87.493,4,acoustic,0
4VbDTk82rqWqVgoQC93CkC,Andrew Belle,Dive Deep (Hushed),Dive Deep (Hushed),58,218531,False,0.507,0.378,9,-9.019,1,0.0332,0.852,0.000212,0.0937,0.085,135.86,4,acoustic,0
7mQmu0JSoEyYU763IJXhIA,Jon Bryant,Headphones,Headphones,56,204998,False,0.559,0.455,5,-8.937,1,0.0306,0.421,2.08e-06,0.103,0.396,159.985,4,acoustic,0
1m3Lsbhkn6yL8apzsCiukd,Ben Woodward,Memories (Acoustic),Memories (Acoustic),46,183337,False,0.802,0.183,8,-17.1,1,0.403,0.809,0.0,0.109,0.664,91.078,4,acoustic,0
2EkGF5wYi3QrxTMMQftm4a,Mia Rollo,Saktong Akustik,Beer,29,254306,False,0.473,0.493,11,-6.733,1,0.0302,0.84,6.57e-06,0.0915,0.54,169.998,4,acoustic,0
5OWl1kO0gRlPxmp1wFyIWZ,Eddie Vedder,Into The Wild (Music For The Motion Picture),Guaranteed - Humming Version,48,162309,False,0.292,0.339,7,-13.153,1,0.032,0.923,0.879,0.111,0.343,100.69,4,acoustic,0
26TzE0IIiuqPKLaWfcsj4C,Jason Mraz,Now That's What I Call Music 2012-13,I Won’t Give Up,16,240640,False,0.543,0.329,4,-9.46,1,0.0449,0.69,0.0,0.112,0.141,136.549,3,acoustic,0
3TnFkFik1REVmx8V58n6Uu,Masaharu Fukuyama,HUMAN,恋の魔力,27,278613,False,0.495,0.865,7,-3.21,1,0.0414,0.000791,6.68e-06,0.247,0.881,156.924,4,acoustic,0
60Ul9B9xErs1tAikGkBEfL,Mindy Smith,Chillin' It - Mellow Day Country,It's Amazing,0,220213,False,0.612,0.484,9,-9.773,1,0.0319,0.643,0.0,0.118,0.254,138.961,4,acoustic,0
17M1JFSr2eEvo5dQnCIQim,Leo Sayer,The Show Must Go On: The Leo Sayer Anthology,More Than I Can Say - Remastered,56,222133,False,0.726,0.506,10,-12.77,1,0.0239,0.213,3.41e-05,0.332,0.72,96.5,4,country,0
7yYcd2Fqa4E9sjOLPhnwpc,Kacey Musgraves;Willie Nelson,Christmas Country Songs 2022,A Willie Nice Christmas,0,203640,False,0.622,0.636,0,-7.397,1,0.0352,0.775,0.000161,0.136,0.759,151.2,4,country,0
6gm1mSNmXj8GqIo7c12hmm,Simon Casey,My Lord and My God,My Lord and My God,48,67500,False,0.199,0.119,4,-15.13,0,0.0381,0.99,0.269,0.0912,0.0991,95.292,4,country,0
1Y1lY3CMLxuvtsW7YVxJAi,Maddie & Tae,A Merry Modern Christmas,Christmas (Baby Please Come Home),0,182506,False,0.424,0.451,3,-7.486,1,0.0285,0.821,1.46e-06,0.124,0.184,161.992,3,country,0
6ndj9mwGI2t50WWLPwLzIM,Zach Bryan,Finest Country,Heavy Eyes,0,190780,False,0.471,0.912,5,-3.032,1,0.0724,0.032,0.0,0.343,0.613,139.667,4,country,0
41ufY2GlLLZB5ZrTfsb0u0,Loretta Lynn,Sweet Home Alabama,"I Love You, I Love You",0,160050,False,0.565,0.234,7,-8.089,1,0.0286,0.723,0.000354,0.0854,0.484,85.274,3,country,0
6u3HTPvOxhVWllNhu07vvA,38 Special,80s Bangers Vol. 2,Hold On Loosely,0,279754,False,0.565,0.707,9,-5.65,1,0.0298,0.0101,8.16e-05,0.0851,0.831,127.222,4,country,0
0QJfzIyIei7vm1Jrmh34HN,Gabby Barrett,Oklahoma Smokeshow - Breakout Country,Pick Me Up,0,169440,False,0.472,0.701,2,-4.563,1,0.0369,0.0387,0.0,0.107,0.515,79.805,4,country,0
1GIFDbwxGx1jVfroBbzmwh,Josh Turner;Chris Janson,Country USA,Country State Of Mind,0,242022,False,0.594,0.833,1,-5.559,1,0.0337,0.0119,0.0,0.315,0.592,118.512,4,country,0
20PD57jNOHToaTbVi9ZHpa,BRELAND,Easy Country,For What It’s Worth,0,175212,False,0.661,0.749,1,-4.851,1,0.0371,0.0579,0.0,0.0898,0.682,146.079,4,country,0
59kHPbwyyCApYA8RQQEuXm,Alan Jackson,A Lot About Livin' (And A Little 'Bout Love),Chattahoochee,72,148160,False,0.606,0.706,0,-9.665,1,0.0379,0.362,0.0,0.16,0.819,174.533,4,country,0
57ltwsHkFOIlblAUF0gUQ0,Loretta Lynn,Christmas Country Songs 2022,Country Christmas,0,126120,False,0.783,0.386,9,-10.36,1,0.0395,0.795,4.92e-05,0.129,0.834,99.322,4,country,0
2KBudV1Lf6ZDIS9hi60Lc5,Rascal Flatts,Nothing Like This,I Won't Let Go,52,227760,False,0.557,0.406,4,-7.083,1,0.0278,0.742,0.0,0.113,0.222,131.96,4,country,0
5D2cMPwNY9Ftb7vqInLLQK,Zach Bryan,Highway Boys,From Austin,43,207453,False,0.5,0.485,0,-7.94,1,0.0422,0.633,1.26e-06,0.107,0.379,109.755,4,country,0
6m3GKOLADaMvOT6iwT5FZ4,Joe Diffie,16 Biggest Hits,John Deere Green,45,271960,False,0.701,0.805,2,-5.584,1,0.0272,0.106,0.0,0.0581,0.696,130.406,4,country,0
59Yb6w8DywcHViQUsd85Go,Casey Donahew,Lost Days,Stockyards,46,184306,False,0.708,0.622,0,-8.154,1,0.0409,0.0104,0.0,0.0735,0.777,134.023,4,country,0
3GCVKDkxKwMHHHOurpI6qR,Billy Ray Cyrus,Country USA,Some Gave All,0,245200,False,0.633,0.442,7,-8.463,1,0.0296,0.036,7.57e-06,0.0672,0.241,121.617,4,country,0
64xp2l0AuDU8HkTvjuH50K,Tomgang,Hjortefall,Hjortefall,45,224260,False,0.538,0.646,9,-7.093,1,0.0423,0.0805,0.00671,0.0887,0.459,160.129,4,country,0
7CApeRUBX1cqQHmyCC1ofY,Kacey Musgraves;Troye Sivan,The Very Best Christmas Songs 2022,Glittery - From The Kacey Musgraves Christmas Show Soundtrack,0,143596,False,0.595,0.275,8,-9.815,0,0.0309,0.864,0.0,0.107,0.345,85.752,4,country,0
1YKTp5PVGuOSivCw5x3IQM,Koe Wetzel,Sellout,Lubbock,42,179704,True,0.562,0.948,6,-3.89,1,0.0359,0.0323,0.0,0.369,0.94,106.021,4,country,0
4L6mJJhYx3PNhKhaXX4BCw,Lynyrd Skynyrd,Country Car Hits,Simple Life,1,197106,False,0.549,0.891,6,-4.044,1,0.0351,0.0141,0.00323,0.0661,0.508,111.996,4,country,0
2z9qzLuCkfRdGNI1u08EyO,Hellbillies,Søvnlaus,20 år på vegen,46,246626,False,0.356,0.568,5,-5.264,1,0.0295,0.191,0.0,0.183,0.42,77.35,4,country,0
7BD50ATrF3Vab5FQy7vtK8,LeAnn Rimes,Greatest Hits,How Do I Live,69,266973,False,0.577,0.462,2,-7.989,1,0.0279,0.128,0.0,0.0822,0.258,128.303,4,country,0
4WZ3liyYz5ZzDcL4ibAuOi,Kane Brown,Grand,Grand,70,178973,False,0.583,0.856,6,-5.446,0,0.0445,0.00484,0.0,0.224,0.48,168.053,4,country,0
4cDX4xSAxCH2ckaU6cJM25,Dan + Shay;Mushroom People,Am I Ready - Pop Night Out,Tequila - Mushroom People Remix,0,197817,False,0.545,0.713,8,-6.944,0,0.0543,0.0187,0.0,0.0775,0.476,189.985,4,country,0
0EzEP3y1Q5XTFk4P2SZ60t,Upchurch,Creeker,Rattlin Chains,51,151307,True,0.244,0.754,10,-6.082,1,0.0646,0.0726,0.0,0.236,0.45,169.899,4,country,0
7k6tAZp4m93oswrPqSfBbc,Thomas Rhett;Kane Brown;Ava Max,SCOOB! The Album,On Me (feat. Ava Max),60,164683,False,0.548,0.721,8,-4.466,1,0.0472,0.0119,0.0,0.216,0.594,177.918,4,country,0
34chhNX59Wo9HMFCsI3K8Y,Kane Brown;blackbear,Memory,Memory,72,153337,False,0.434,0.889,9,-5.684,1,0.0509,0.395,0.0,0.273,0.845,113.326,5,country,0
4DNBm8arpcX9ryR99JYE4y,Justin Moore,Sad Country Songs,She Ain’t Mine No More,1,217227,False,0.606,0.795,6,-5.03,1,0.0284,0.0411,0.0,0.0892,0.599,109.069,4,country,0
5ALPzPUKl3Np5BrYTFs4Pb,Jason Aldean,9,Talk About Georgia,46,164786,False,0.434,0.889,2,-4.243,1,0.0649,0.0232,0.0,0.0464,0.527,154.088,3,country,0
3hTB92pIwUNcIvpjvpyzDA,Gabby Barrett,Finest Country,Footprints on the Moon,0,190223,False,0.506,0.749,8,-4.982,0,0.0388,0.00648,2.03e-05,0.223,0.372,151.928,4,country,0
6TW8hTa1G41tVZ2RVEr9YI,Ashley McBryde,Never Leave - Country Magic,One Night Standards,0,190973,False,0.537,0.686,5,-5.022,1,0.0293,0.0287,0.00704,0.0988,0.611,78.051,4,country,0
2Bhq7YTxIZgkdbmRC1tZSZ,Three Dog Night,On air 70's Hits,An Old Fashioned Love Song - Single Version,0,226600,False,0.456,0.555,10,-10.615,1,0.0369,0.508,0.0194,0.106,0.776,101.31,4,country,0
1CfnMFQtuay15XHlNGpCQa,Roger Miller,The Greatest Jazz Mix,King Of The Road - Single Version,0,148280,False,0.69,0.366,11,-10.414,1,0.0634,0.62,0.0,0.121,0.544,118.289,4,country,0
2hyP9WkqwrydvQZ7IrCe0N,Blake Shelton,Finest Country,Austin,0,230333,False,0.603,0.609,7,-7.063,1,0.0278,0.188,0.0,0.0982,0.275,119.911,4,country,0
6lDWfsPviEeDc5xexjPOzF,Keith Urban;P!nk,Tailgate Country,One Too Many,0,203800,False,0.702,0.53,4,-6.403,1,0.0558,0.211,0.0,0.396,0.561,82.983,4,country,0
0mYUlkqXRLYYfiIMEYRuf9,RaeLynn,Country Road Songs,Tailgate,0,182289,False,0.608,0.755,1,-5.156,0,0.114,0.0525,0.0,0.0998,0.75,176.046,4,country,0
41fQMNPgj3QnyAFJhEepKx,Gunnar & The Grizzly Boys,Standard American,Standard American,43,209053,False,0.72,0.922,11,-4.827,0,0.113,0.0323,0.0,0.452,0.687,93.004,4,country,0
3ovpz51ql3sXfcDc66DNFb,Thomas Rhett,Country USA,Country Again,0,221240,False,0.467,0.481,2,-6.947,1,0.0255,0.227,0.000189,0.11,0.248,147.886,4,country,0
66ERrn57fmkbOq9zhELGPv,Zach Bryan,rainy day indie,November Air,2,243709,False,0.429,0.197,3,-9.798,1,0.032,0.774,3.02e-06,0.146,0.197,128.49,4,country,0
0HLZjlJQj7msam8bnAfDLn,Salebarbes,Gin à l'eau salée,Good Lord,45,188251,False,0.54,0.932,7,-5.488,1,0.0551,0.0427,0.0,0.337,0.905,151.923,4,country,0
5gviJgBATmGFHnWiQyx4xI,BRELAND;Keith Urban,Good Times Country,Throw It Back,1,188936,False,0.79,0.73,0,-4.98,1,0.0926,0.0586,0.0,0.0878,0.513,93.985,4,country,0
7GAaTpSoTWUTbP2Yxlt4Hd,Lady A,Need You Now,Need You Now,74,236440,False,0.581,0.717,4,-4.433,1,0.0318,0.0298,0.000186,0.243,0.316,107.884,4,country,0
5M8goiFYynmNxhueYW6grR,Blake Shelton;Gwen Stefani,Fully Loaded: God's Country,Nobody But You (Duet with Gwen Stefani),66,194866,False,0.463,0.653,0,-5.515,1,0.0273,0.111,0.000136,0.172,0.233,143.912,4,country,0
6m239N2EPkMYkN5unIYT9F,Tim McGraw,Sad Country Songs,Doggone,1,215906,False,0.629,0.538,1,-7.386,1,0.029,0.416,1.07e-05,0.107,0.353,121.256,4,country,0
36kJAxLb04RxqtTETruUKM,Midland,Tailgate Country,East Bound And Down,0,177098,False,0.62,0.974,7,-4.175,1,0.0717,0.041,1.61e-05,0.339,0.711,118.06,4,country,0
1eUagnbOw9MjesonPWNkNQ,Parker McCollum,The Limestone Kid,Galveston Bay,46,246466,False,0.527,0.375,0,-6.387,1,0.0243,0.482,0.0,0.132,0.318,81.92,3,country,0
0qkdE1C0ufnUISKwhg8Wh6,Lady A,Ocean,What If I Never Get Over You,64,206597,False,0.576,0.724,0,-5.147,1,0.0274,0.016,0.0,0.107,0.34,93.029,4,country,0
5qWwotKwu8uj7IoSFvbAmk,Carrie Underwood,Country Christmas Greatest Hits,Favorite Time Of Year,1,195320,False,0.509,0.881,0,-5.302,1,0.0497,0.00489,0.0,0.359,0.509,141.881,4,country,0
5hwySzV76a0LyYExMoK5tq,BEIST;Stjørna Heimbrentslag,Kongen av campen,Kongen av campen,45,162013,False,0.65,0.844,2,-7.664,1,0.116,0.418,0.0,0.291,0.341,152.993,4,country,0
1G361ryM99zEbcnA55b4Q1,Enrique Guzman,La Gran Colección del 60 Aniversario CBS - Enrique Guzmán,Las Hojas Muertas,34,217520,False,0.208,0.459,7,-5.928,0,0.0312,0.642,1.48e-06,0.414,0.232,80.359,4,rock-n-roll,0
1yeGawrdY1KquDyotx6bAy,Paco Cañedo,Paco Cañedo,Cuándo Volverás (Ginny Come Lately),33,163173,False,0.54,0.0794,9,-23.746,1,0.031,0.564,0.0,0.0436,0.601,99.866,4,rock-n-roll,0
0apq2ENNMlYg9Os1osfJ3Y,The Cascades,"Music To Park By ""20 Great Romantic Hits""",Rhythm Of The Rain,0,149160,False,0.761,0.561,4,-12.306,1,0.0354,0.129,7.71e-06,0.0833,0.966,117.483,4,rock-n-roll,0
2v9mhshNkMH1bc16GPgHt2,Los Freddy's,20 Éxitos Populares,Francamente,31,160760,False,0.8,0.441,3,-7.942,1,0.0317,0.499,0.0,0.207,0.463,104.122,4,rock-n-roll,0
7EJ98pT3b8tE96Eolngl9P,Mike Laure,Lo Mejor De Mike Laure,Grande De Caderas,34,150616,False,0.733,0.34,7,-11.752,1,0.0653,0.545,0.0,0.0678,0.777,108.747,4,rock-n-roll,0
5uvi6UhmUFn8jiSPxPOeIo,Los Apson Boys,Atras de la Raya,Cuando Era Jovencito,32,149629,False,0.5,0.561,4,-8.109,1,0.0356,0.55,0.0,0.0546,0.951,148.113,4,rock-n-roll,0
6ImmlZj8ysK2jDnqqbKp60,Ricky Nelson,Rick Is 21,"Hello Mary Lou, Goodbye Heart - Remastered",56,138546,False,0.602,0.633,9,-9.756,1,0.0314,0.502,0.0,0.0614,0.931,98.995,4,rock-n-roll,0
2Qhvi6R73Zj3cpzRYzcAww,Bobby Goldsboro,Honey,Honey,60,238733,False,0.399,0.278,7,-13.122,1,0.0291,0.674,0.000694,0.203,0.597,93.189,4,rock-n-roll,0
6u37hNmGrLcHaKJdau3dlF,Roberto Jordan,RCA 100 Años De Musica,La Chica de los Ojos Café - Brown Eyed Girl,32,178666,False,0.519,0.536,7,-7.267,1,0.0284,0.233,0.0,0.095,0.874,76.848,4,rock-n-roll,0
2EVbRYZx9m4dZh1W1OHXcI,Frankie y Los Matadores,Rock Latino: Oldies,Conozco a los dos,30,175786,False,0.774,0.365,7,-8.688,1,0.0398,0.707,0.000874,0.196,0.649,110.668,4,rock-n-roll,0
2ko3qA1QJZ7nla7XDImYHv,Los Apson,12 Grandes exitos Vol. 2,Barba azul - Let's Do The limbo,32,170000,False,0.669,0.728,7,-7.796,1,0.0501,0.426,0.0,0.152,0.788,137.174,4,rock-n-roll,0
5iH9T60XDWhYNY8Jhv7stk,Los Pasteles Verdes,Canta Aldo,Alguien Cantó,36,234200,False,0.744,0.606,7,-5.729,0,0.03,0.0545,0.0,0.11,0.636,112.549,3,rock-n-roll,0
0E2qH2t1qUkl5Vbs5xLHcV,Gualberto Castro,La Gran Coleccion Del 60 Aniversario CBS - Gualberto Castro,Qué Mal Amada Estás,31,213200,False,0.368,0.64,8,-8.24,1,0.0488,0.392,0.0,0.166,0.542,168.027,4,rock-n-roll,0
4av2x96C9yjPyq0szOd63h,Johnny Rivers,Rewind,Tracks Of My Tears,31,180800,False,0.423,0.39,2,-13.829,1,0.0292,0.591,0.0,0.312,0.7,100.475,4,rock-n-roll,0
16IdUN5TSzVe2vwnSV9wRD,Enrique Guzman;Los Teen Tops,El Rock de los 60s,Mi Suegra Llego,33,164649,False,0.741,0.373,11,-13.263,1,0.0405,0.965,0.0,0.158,0.7,128.136,4,rock-n-roll,0
3sgM5LULIwLCe5ocE1jLtS,Los Pasteles Verdes,Volveré por Ti,Volveré por Ti,32,204445,False,0.23,0.582,4,-3.625,0,0.0331,0.0962,0.0,0.0558,0.409,173.36,4,rock-n-roll,0
08ksJGciam3UJhNdVJ7I4S,Los Chicanos,Tesoros De Coleccion - Los Chicanos,El Puente de Piedra,41,220866,False,0.465,0.433,7,-9.187,1,0.0268,0.507,0.0,0.142,0.447,96.513,4,rock-n-roll,0
2s53l8lFoLN7xWgYMnAdJX,Los Apson,La Leyenda Continúa (20 Éxitos),Cuándo Era Jovencito,37,160684,False,0.743,0.607,4,-8.336,1,0.032,0.0765,5e-05,0.314,0.895,135.975,4,rock-n-roll,0
3g1SvPCQWfw4uP2gjux94b,Los Hermanos Carrion,20 Kilates,Entre la Lluvia y Mi Llorar,29,176613,False,0.665,0.263,0,-16.086,1,0.0249,0.595,2.3e-06,0.126,0.484,92.031,4,rock-n-roll,0
6d8yBVzlw4wJzygt2TnpXw,Grupo Lluvia,15 Baladas Inolvidables Vol. 1 - Las Mejores,Mi Plegaria,39,194686,False,0.561,0.44,2,-11.675,1,0.0308,0.178,0.0,0.258,0.691,105.627,4,rock-n-roll,0
0VexJnnOkihunQtGSyPt3Y,Johnny Laboriel;Los Rebeldes Del Rock,La Hiedra Venenosa,Dulces Tonterias,33,138631,False,0.747,0.57,5,-7.776,1,0.0296,0.844,1.53e-06,0.076,0.906,127.249,4,rock-n-roll,0
63EGslqVxh4qwvqGMl3vMA,michael holliday,Anthology: The Deluxe Collection (Remastered),The Story of My Life - Remastered,30,135047,False,0.651,0.549,9,-7.528,1,0.0432,0.813,0.262,0.297,0.888,139.179,4,rock-n-roll,0
4FAmccI3DfqPgHxEt0119u,Los Apson,12 Grandes exitos Vol. 1,Susie Q,31,125653,False,0.464,0.74,9,-6.698,1,0.0374,0.471,0.00192,0.14,0.958,151.242,4,rock-n-roll,0
5kstxhvKTpuO3A8PYmYeKV,Los Hooligans,La Onda Juvenil 25 Aniversario,Agujetas de Color de Rosa (Pink Shoe Laces),34,133573,False,0.542,0.561,4,-11.493,1,0.0397,0.75,0.0,0.346,0.761,142.925,4,rock-n-roll,0
37LMtqQkT9aEVZEedBJfw5,Jorge Muñiz;Ana Cirré,Serenata Volumen 3 Confidencias De Amor,Confidencias De Amor - Piel Canela,33,299983,False,0.548,0.547,6,-7.225,0,0.0495,0.503,0.0,0.0943,0.694,95.002,4,rock-n-roll,0
5eei9FW7kTYWg9MRTzmee3,Raul Vale,25 Años de Éxitos,Quiéreme Tal Como Soy,28,205133,False,0.521,0.561,10,-9.972,1,0.0374,0.642,2e-06,0.0768,0.335,119.324,4,rock-n-roll,0
4K7Ts5I4VYhKrxkbMZmP2J,Cool Candys,Cool Candys 3,Mustaschen,29,170536,False,0.723,0.819,6,-5.643,1,0.0378,0.4,0.0,0.417,0.964,111.341,4,rock-n-roll,0
3beXSl75AZaBHxVxDRGZ63,Los Cinco Latinos,Los Cinco Latinos,Quiereme Siempre (Love Me Forever),30,138333,False,0.417,0.556,10,-8.398,1,0.0371,0.816,1.28e-05,0.414,0.841,154.486,4,rock-n-roll,0
1hZnDaUq0F8VLn800aAbJK,Los Apson,"Amores Incomparables, Vol. 3",Fue en un Cafe,47,191040,False,0.734,0.458,4,-5.547,1,0.0287,0.685,0.0,0.0877,0.718,106.25,4,rock-n-roll,0
6xMaSiMUGZCpkAKXXYSOXa,Jorge Muñiz,Azulejos 2,Culpable O No,35,249240,False,0.553,0.442,5,-8.506,0,0.0292,0.811,0.0,0.682,0.324,140.057,4,rock-n-roll,0
7545Q9VR0txjH6yJUzo42v,Estela Nuñez,RCA 100 Anos De Musica - Segunda Parte,Aires del Mayab,38,194306,False,0.512,0.346,5,-10.235,1,0.0339,0.576,0.00288,0.268,0.49,98.601,4,rock-n-roll,0
6NPTmYw2yMu0Oz0IJkoxeR,Los Tukas,10 de Colección,Mis Noches Te Recuerdan,33,134400,False,0.643,0.574,0,-5.427,1,0.035,0.583,0.0,0.0492,0.845,108.002,4,rock-n-roll,0
7caj6X6NMX3tlhWnu1du6V,Ritchie Valens,Ritchie Valens,We Belong Together,69,116626,False,0.684,0.247,5,-13.71,1,0.0281,0.872,0.000166,0.113,0.768,106.522,3,rock-n-roll,0
60QaBBHXudiV3W2sZDuYAb,Mike Laure,15 Éxitos,El Caiman (Se Va El Caiman),33,151973,False,0.5,0.501,9,-8.328,1,0.274,0.62,0.0,0.0738,0.92,207.952,4,rock-n-roll,0
2pFyqaViQHNs36eMyyn85q,Turbonegro,Apocalypse Dudes,"Don`t Say Motherfucker, Motherfucker",29,130520,False,0.321,0.938,4,-3.28,0,0.0405,1.05e-05,3.02e-05,0.311,0.762,165.068,4,rock-n-roll,0
3w7CYh1wbLGRC5MLFUhJer,Alberto Vazquez;Manolo Muñoz,Rancheras Inmortales,Ando Que Me Lleva,32,193671,False,0.374,0.336,7,-8.297,1,0.0304,0.31,3.91e-06,0.0577,0.511,146.65,3,rock-n-roll,0
0rZFY2cnAlMSu7t9GegK9M,The Good The Bad and The Zugly,Research and Destroy,Nostradumbass,30,201943,False,0.409,0.884,4,-5.604,0,0.0344,1.72e-05,0.0442,0.187,0.443,139.955,4,rock-n-roll,0
6zcdLtTcaqCT4KAtESlNiY,Nelson Ned,Antologia (Volumen 2),El Dia Que Me Acaricies Lloraré,32,231093,False,0.308,0.338,7,-12.735,1,0.0379,0.582,0.0,0.0881,0.336,185.328,4,rock-n-roll,0
4O355ylmQaA6ozipU6jd7G,Los Freddy's,16 Exitos Vol. 1,Amor de los dos,37,193453,False,0.368,0.482,4,-7.827,1,0.0695,0.751,0.0,0.0598,0.631,188.984,3,rock-n-roll,0
3aRfIEkRcpOun80SfQhi3o,Los Solitarios,Antología. . . Los Solitarios,No llores corazón,36,175146,False,0.384,0.542,0,-9.158,1,0.0304,0.706,0.0155,0.329,0.398,85.487,4,rock-n-roll,0
3ZlZMY6etWSckMd4HpYJhM,Cesar Costa,Corazón Loco,Corazón Loco (Cuore Mato),30,168613,False,0.705,0.648,6,-6.686,0,0.0383,0.562,0.000572,0.155,0.789,137.714,4,rock-n-roll,0
4VFgikNc8JVEjp4vo2svQl,Los Hermanos Carrion,"Hermanos Carrión, Vol 1",Un Viejo Amor,29,170135,False,0.724,0.261,7,-19.102,1,0.0306,0.835,0.000613,0.0767,0.716,87.868,4,rock-n-roll,0
2huvYgcL2c9ortiXWtHOIx,Owe Thörnqvist,14 x Owe Thörnqvist,Varm korv boogie,31,114786,False,0.364,0.841,7,-4.1,1,0.0728,0.401,0.0,0.175,0.933,175.067,4,rock-n-roll,0
5NVMq3Dsy3V6PDBkTyz6PH,Elio Roca,Contigo y Aquí,Contigo y Aqui,27,236360,False,0.393,0.35,6,-10.048,0,0.0339,0.562,0.00103,0.0977,0.544,98.423,3,rock-n-roll,0
1hQFF33xi8ruavZNyovtUN,Frankie Valli & The Four Seasons,Who Loves You,"December, 1963 (Oh What a Night!)",73,197146,False,0.737,0.495,1,-13.489,1,0.027,0.0588,9.12e-06,0.0542,0.967,104.409,4,rock-n-roll,0
7b94Oh1p69ue3mCdXsngrh,Mayte Gaos,Mayté...,El Gran Tomás (Norman),31,132680,False,0.716,0.195,9,-19.525,1,0.041,0.781,2.45e-05,0.149,0.943,132.025,4,rock-n-roll,0
34h9MSa3iPLTDe10PlDOM2,Alberto Vazquez;Manolo Muñoz,Rancheras Inmortales,Compadecete Mujer,28,176744,False,0.395,0.384,7,-7.398,1,0.0282,0.375,0.0,0.147,0.524,83.206,4,rock-n-roll,0
39zODpVtRvghMyfNjZ3BVK,Elvis Presley,"Elvis' Golden Records, Vol. 3",Stuck on You,54,139640,False,0.647,0.513,7,-12.372,1,0.0421,0.758,8.64e-06,0.108,0.955,131.641,4,rock-n-roll,0
1jgNuEBCiPZeDOfnTtGfJq,Marco Antonio Muñiz,o,De Lo Que Te Has Perdido,33,192800,False,0.549,0.495,5,-5.234,0,0.0375,0.535,0.0,0.134,0.597,133.598,4,rock-n-roll,0
2Sy45DT2A5xkhWzAbAlVIK,Los Crazy Boys,Los Exitos de Oro de Los Crazy Boy's,La Novia De Mi Mejor Amigo,32,150204,False,0.665,0.561,5,-13.227,1,0.0307,0.762,0.0,0.33,0.971,134.527,4,rock-n-roll,0
6UvFeT5raP554IVlhPRa6C,Jomanda,90s Dance Anthems,Got a Love for You,10,309266,False,0.833,0.604,8,-12.002,0,0.055,0.0103,0.000446,0.052,0.97,120.313,4,chicago-house,1
7d25Oab5IditBkf8XBnXeK,Larry Heard;Loosefingers,Soundtrack From the Duality Double-Play,"Glancing at the Moon - 12"" Version",13,251373,False,0.686,0.705,7,-11.567,0,0.0453,0.0173,0.942,0.0744,0.769,113.012,4,chicago-house,1
3bX36CK7B1HCckuLzqIGkG,Mike Dunn;Mousse T.,My House From All Angles (Remixes),If I Can't Get Down - Mousse T.'s Funky Shizzle Mix,45,227265,False,0.837,0.934,0,-3.575,1,0.0876,0.0116,0.627,0.38,0.847,124.044,4,chicago-house,1
1EHtT3QtSwJH6TSCslqxTi,"Steve ""Silk"" Hurley;Vernessa Mitchell;Ricky Dillard;New G.","Best Of Silk Entertainment, Vol.1",Higher - Steve Silk Hurley Original 12 Inch,10,412186,False,0.833,0.782,1,-5.742,1,0.039,0.000471,0.0536,0.292,0.744,123.994,4,chicago-house,1
3VB9BjDImMxSw4x7uuEyyL,Paul Johnson,Feel The Music,About Your Love,13,296906,False,0.748,0.676,11,-9.932,0,0.055,2.75e-05,0.785,0.0566,0.627,121.364,4,chicago-house,1
3JO8mh6EARGqr60JiuKMkB,Ralphi Rosario;Xavier Gold,You Used to Hold Me,You Used to Hold Me - Kenny's Mix,18,417640,False,0.808,0.388,8,-15.766,1,0.046,0.00366,0.00162,0.075,0.602,123.167,4,chicago-house,1
0w6qaUDNVY5nMrejNTVELp,Larry Heard;Loosefingers,Soundtrack From the Duality Double-Play,In Early May,12,306320,False,0.666,0.397,11,-14.295,0,0.216,0.0186,0.791,0.0932,0.697,216.108,4,chicago-house,1
1RhGNk4NTYWaAJxn2QS1TY,Bad Boy Bill;Nick Risk,Feeling Faded,Feeling Faded,6,155685,False,0.733,0.872,2,-4.032,1,0.0482,0.0771,0.859,0.0684,0.488,124.019,4,chicago-house,1
1xOlvxg5Wgi9ju3HBl7hIq,Sterling Void;DJ Spen;Reelsoul,It’s Alright (feat. Paris Brightledge),It’s Alright (feat. Paris Brightledge) - DJ Spen & Reelsoul Extended Mix,5,453870,False,0.766,0.729,0,-7.746,1,0.0556,0.0035,0.0619,0.0288,0.526,123.997,4,chicago-house,1
7AL9XnOoVPIwKabAELsHN2,Pal Joey,Loop-D-Loop #9,Goin 4 Mine,5,266013,False,0.853,0.541,1,-13.719,1,0.106,0.0387,0.66,0.278,0.679,98.131,4,chicago-house,1
1ZlhCwUMH0b2gKm8X5qNFg,Paul Johnson,The Groove I Have LP,The Groove Goes On - Original Mix,15,306624,False,0.781,0.916,10,-7.038,0,0.196,0.068,0.845,0.0777,0.548,129.034,4,chicago-house,1
7ChU9YePBc2Dbwm2YicNXR,Marshall Jefferson;Roy Davis Jr.;Umosia,Love Don't Let Me Down,Love Don't Let Me Down - Primal Auto Soul Mix,4,364760,False,0.74,0.361,10,-22.078,0,0.0687,0.185,0.308,0.0454,0.775,119.993,4,chicago-house,1
5duCfOc2Cr6nF1Sw6Unlzr,Ralphi Rosario,Greatest Hits,Suavesito,9,293680,False,0.799,0.638,1,-15.963,1,0.0583,5.67e-05,0.922,0.0638,0.627,127.862,4,chicago-house,1
3t7VXgubK0AzyKZNLIq1C7,Ten City,"THAT WAS THEN, THIS IS NOW",Under You,5,262733,False,0.663,0.57,2,-10.465,1,0.0304,0.0426,0.0122,0.281,0.687,103.287,4,chicago-house,1
3yCwAcJHUlK1BRHYNSnHPy,Cajmere;Dajae;Mark Grant,It's Time,I Need U '05 - Mark Grant Remix,5,363610,False,0.779,0.869,7,-6.42,1,0.103,0.00364,0.206,0.0936,0.672,124.007,4,chicago-house,1
5P8iZDHgfhaJCEQ9Xw5mzC,Fast Eddie,Jack to the Sound,Jack 2 the Sound,10,302903,False,0.811,0.911,0,-9.267,1,0.0821,9.67e-05,0.819,0.0679,0.823,124.206,4,chicago-house,1
7c0l07cYuWWhDh021JjsBx,Aaron Smith;Malik Hart,I Do,I Do - Aaron Smith's Original Mix,15,526354,False,0.696,0.694,10,-5.377,0,0.0487,0.048,0.229,0.0803,0.874,127.022,4,chicago-house,1
1uNNClZWKH0Ss0cv5pVM1e,J.M. Silk,Hold on to Your Dream (Bonus Track Version),Let the Music Take Control - House Mix,7,370040,False,0.834,0.875,1,-6.996,1,0.0513,0.0674,0.00267,0.37,0.899,119.634,4,chicago-house,1
3HkqYvL5Ap3gc6mbozpn5r,Bad Boy Bill;Alyssa Palmer,The Album,Falling Anthem,10,270013,False,0.818,0.709,0,-5.417,1,0.0358,0.00155,0.0424,0.0868,0.723,127.976,4,chicago-house,1
0M0ivubHU5IsOXBu9nYYMc,Mr. Fingers,I'm Strong,I'm Strong - Instrumental,6,319868,False,0.767,0.972,11,-7.847,1,0.0685,8.69e-06,0.898,0.0785,0.893,127.412,4,chicago-house,1
6DvvkGHg2STG7lVkKHKiwF,Mike Dunn;Dirty Channels,Natural High (Remixes),Natural High - Dirty Channels Remix,17,244133,False,0.846,0.903,2,-7.245,0,0.0418,0.00141,0.788,0.0786,0.925,126.005,4,chicago-house,1
7m3YpisHhBG2j98LXFngHP,Mr. Fingers,Cerebral Hemispheres,Cerebral Hemispheres,10,340117,False,0.81,0.463,0,-14.37,0,0.0936,0.0155,0.913,0.0907,0.56,119.998,4,chicago-house,1
2qypWWbZHZqTyArz5b9fCZ,Mark Farina,Mushroom Jazz 6 (Unmixed Online Version),Alive - Instrumental,26,288266,False,0.64,0.519,2,-10.886,1,0.06,0.0271,0.944,0.0769,0.478,190.051,4,chicago-house,1
0DwAc0Z8Td3jv5frUznqu1,Frankie Knuckles,Beyond The Mix,The Whistle Song,45,417706,False,0.71,0.616,0,-16.306,1,0.116,0.0344,0.225,0.0936,0.398,120.385,4,chicago-house,1
3eGovBod7F3kHHc3vQ4DwS,DJ Sneak;Tripmastaz;RareTwo Inc.,Flashback Volume 1,Some Oza Shit,7,378240,True,0.847,0.976,9,-5.969,0,0.0855,0.000591,0.566,0.175,0.423,125.001,4,chicago-house,1
2qkLenoEu66U6vR7Np7nWn,Pal Joey,Pal Joey Presents Hot Music,Dance - Dub Mix,19,271831,False,0.815,0.88,6,-8.342,0,0.0408,9.71e-05,0.94,0.0659,0.59,124.316,4,chicago-house,1
6srWGsyvfNmQHUFOW9WWV9,Marshall Jefferson;Josh Butler,"Heroes Of House, Pt.1",In Time - Butler's Dub Mix,10,371963,False,0.809,0.723,11,-8.415,0,0.0765,5.36e-05,0.899,0.337,0.224,124.995,4,chicago-house,1
76Ryt7A4iF3yU9EoBSeaw2,Jovonn,Goldtones,Flutes - 165th Street Mix,9,335003,False,0.836,0.746,0,-9.648,1,0.0756,0.0049,0.407,0.0879,0.637,120.906,4,chicago-house,1
4l3XlDSWF6rCx63tmUnjXz,Mark Farina;Homero Espinosa;Kid Enigma;King Kooba,I'm Lovin' It Remixed,I'm Lovin' It - Deep Dub,8,193991,False,0.803,0.855,9,-8.506,1,0.0384,9.45e-06,0.939,0.113,0.066,119.022,4,chicago-house,1
6ESRaxcp7REupnmyNYnJw0,"Fast Eddie;Steve ""Silk"" Hurley","The Chicago LP, Volume 3 of 4",Chicago House Scene - Freaky Mix Silk Extended Edit,6,290145,False,0.961,0.877,11,-5.38,0,0.151,0.00166,1.54e-05,0.275,0.365,117.507,4,chicago-house,1
4SmrBQ2kFVd3XoN7Y54It3,Mike Dunn;Mr. 69,4 To The Floor Radio Episode 008 (presented by Seamus Haji) [DJ Mix],Phreaky MF (Mike Dunn's Phreak MixX) - Mixed,14,199472,True,0.907,0.806,6,-7.072,1,0.0807,0.00211,8.46e-06,0.0882,0.506,117.514,4,chicago-house,1
35LGm4DN9k2R96cQMsndyr,Roy Davis Jr.,About Love (Remixes Part Two),About Love - Pezzner Remix,10,408659,False,0.796,0.485,1,-8.893,0,0.0622,8.02e-05,0.471,0.0737,0.814,124.994,4,chicago-house,1
3dYcemHuhEuy4tGtkbdyeP,Romanthony,Glasgow Underground 97:07,Bring U Up - Album Version [2015 Remaster],6,388293,False,0.867,0.585,11,-7.387,1,0.0982,0.000732,0.00712,0.0727,0.644,121.136,4,chicago-house,1
3hzaA9SCn3dlkLY6GR9MOY,Armando,The New World Order 3,Pleasure Dome,8,331386,False,0.817,0.929,6,-3.895,1,0.0668,0.00306,0.882,0.0405,0.81,131.49,4,chicago-house,1
280cE9bYquVlS7oSDHtC8D,Fingers Inc.,Another Side,Feelin' Sleazy,9,308160,False,0.87,0.641,11,-5.393,0,0.0629,0.00204,0.000302,0.0803,0.668,117.954,4,chicago-house,1
3v4BXlbV6FOzifaA5NboOW,Robert Hood,Protein Valve (Re-Plant / Edits),Protein Valve - Edit 1,8,313318,False,0.763,0.88,1,-8.743,1,0.0478,0.0241,0.931,0.2,0.0531,131.076,4,chicago-house,1
0o9W7cwJAv0VxrT02I5vCN,Roy Davis Jr.,About Love (Solid Groove Remix),About Love - Solid Groove Remix,7,398041,False,0.882,0.658,7,-7.811,1,0.232,0.000318,0.5,0.0746,0.767,124.997,4,chicago-house,1
59nuryEQhpUbAeXDZZYira,Cajmere;Dajae,Too Underground For The Main Stage,Satisfy - Original Mix,21,394443,False,0.843,0.388,6,-8.248,1,0.0762,0.000155,0.84,0.0509,0.719,122.003,4,chicago-house,1
2yQZ2mthJlhZlMdg5yAf80,Fast Eddie,Eddie's Gang / Behind Eddie's Groove,Eddie's Gang,8,345468,False,0.885,0.919,11,-8.825,0,0.0469,0.00358,0.446,0.0456,0.944,127.996,4,chicago-house,1
2JTctTRQd5ZMyqmepVjOH2,Paul Johnson,Various Artists 01,Everybody Have A Good Time,8,408706,False,0.705,0.797,2,-6.962,1,0.0285,6.13e-05,0.0104,0.32,0.77,127.996,4,chicago-house,1
2YUb9pLkzjFYUOcCUCuHwd,Joe Smooth,He'll Lift You Up (Double Mix),He'll Lift You Up (feat. Kookie Scott) [Joe Smooth Vocal Mix],12,512559,False,0.763,0.736,0,-11.274,1,0.0346,0.00164,0.00379,0.309,0.729,125.989,4,chicago-house,1
6VRSdj6MWeoGe0TIfEbdlg,Pal Joey,Loop-D-Loop #1,Here It Is,7,288613,False,0.806,0.601,6,-13.054,1,0.103,3.88e-05,0.823,0.185,0.776,123.868,4,chicago-house,1
2o7D2eLr9usb5ukj5DJdGb,Tyree,Coast2coast: Karizma,Hardcore Hiphouse,5,288853,False,0.829,0.771,0,-9.116,0,0.147,0.0805,0.832,0.106,0.389,123.625,4,chicago-house,1
2dHCfHPFdccesaPhiisAed,Frankie Knuckles;Adeva,Welcome To The Real World,Keep It Real,15,284560,False,0.701,0.79,0,-10.226,0,0.0369,0.0101,0.000237,0.142,0.851,120.506,4,chicago-house,1
1eB8M8Am73gQ45agjivkHL,DJ Pierre,I Am Acid,I Am Acid - Original Mix,6,462857,False,0.667,0.946,10,-7.969,1,0.0822,0.088,0.287,0.109,0.0855,126.01,4,chicago-house,1
6X6HvqcAThorTz88ereWUF,Marshall Jefferson;Wh0;El Boogie,Family (feat. El Boogie),Family (feat. El Boogie),14,151967,False,0.694,0.817,9,-4.754,0,0.0358,0.000352,0.0,0.0848,0.803,121.987,4,chicago-house,1
3TsleG9HYzdr17dJmSONdA,Joe Smooth;Groove Armada,Promised Land (Groove Armada Remix),Promised Land - Groove Armada Extended Remix,7,430755,False,0.779,0.694,11,-6.098,1,0.049,0.000167,0.135,0.0675,0.24,125.996,4,chicago-house,1
37nppJzOgypngu1szTRD06,DJ Pierre;Monkey Safari;Chic Loren,I Feel Love (Monkey Safari Remix),I Feel Love - Monkey Safari Remix,32,556908,False,0.771,0.618,10,-9.995,0,0.0521,0.00783,0.916,0.103,0.0765,124.992,4,chicago-house,1
0U0C5MtkWo1cuzph413TCQ,Mr. Fingers,Vault Sessions 1,Electronic Debris,9,410794,False,0.802,0.837,2,-9.169,1,0.0376,0.0313,0.859,0.103,0.268,123.002,4,chicago-house,1
0ODktM8J48ucTIrvgak5q7,Larry Heard,Missing You,Missing You - Jazz Cafe Mix,10,450893,False,0.803,0.364,6,-12.557,0,0.0646,0.0686,0.761,0.123,0.879,116.006,4,chicago-house,1
1wC1QmgIXk53Dv9VDKkrCw,Christina Perri,Sad Girls,the lonely,0,233480,False,0.236,0.269,7,-9.61,0,0.0299,0.573,0.000274,0.101,0.0681,81.254,4,rock,1
1VyiUi0mRnSKgtHa5dBoUd,The Strumbellas,Hope,Spirits,64,203653,False,0.556,0.657,0,-6.075,1,0.0265,0.17,0.0,0.113,0.79,80.529,4,rock,1
5zQrU0nJoVT6rzKsxlvE80,Keane,Sad Covers 2022,With Or Without You - Jo Whiley Show - BBC Live Session,3,212333,False,0.395,0.382,2,-10.689,1,0.0329,0.918,1.96e-05,0.719,0.0582,108.082,4,rock,1
4HlFJV71xXKIGcU3kRyttv,Train,"Save Me, San Francisco (Golden Gate Edition)","Hey, Soul Sister",82,216773,False,0.673,0.886,1,-4.44,0,0.0431,0.185,0.0,0.0826,0.795,97.012,4,rock,1
6TEftSkmWdTm1EpThnwqh6,Imagine Dragons,Mercury - Acts 1 & 2,Wrecked,73,244004,False,0.625,0.562,0,-5.828,0,0.0289,0.149,1.67e-05,0.109,0.229,93.998,4,rock,1
2HZLXBOnaSRhXStMLrq9fD,Ghost,Seven Inches Of Satanic Panic,Mary On A Cross,88,244804,False,0.466,0.9,11,-4.469,1,0.0447,0.000235,0.00104,0.103,0.561,130.02,4,rock,1
0FB5ILDICqwK6xj7W1RP9u,The Script,#3 Deluxe Version,Hall of Fame,60,201093,False,0.511,0.872,10,-4.414,1,0.0491,0.0807,0.0,0.0975,0.511,84.953,4,rock,1
5rDrZXgrZ6iKxE6jDO2mFD,Twenty One Pilots,Happy Commute,House of Gold,0,163880,False,0.68,0.694,0,-7.234,1,0.0435,0.445,0.0,0.209,0.851,114.945,4,rock,1
5Cgxae0bSnra1V8laWLcCq,Red Hot Chili Peppers,Session Acoustique,My Friends,5,248640,False,0.303,0.71,0,-3.545,1,0.0292,0.00575,0.00152,0.131,0.327,162.657,4,rock,1
4RCWB3V8V0dignt99LZ8vH,Plain White T's,All That We Needed,Hey There Delilah,80,232533,False,0.656,0.291,2,-10.572,1,0.0293,0.872,0.0,0.114,0.298,103.971,4,rock,1
4JiEyzf0Md7KEFFGWDDdCr,Guns N' Roses,Use Your Illusion II,Knockin' On Heaven's Door,79,336000,False,0.496,0.739,6,-7.193,1,0.0415,0.0211,0.00444,0.106,0.378,132.41,4,rock,1
3CRDbSIZ4r5MsZ0YwxuEkn,Twenty One Pilots,Blurryface,Stressed Out,85,202333,False,0.734,0.637,4,-5.677,0,0.141,0.0462,2.29e-05,0.0602,0.648,169.977,4,rock,1
7wMq5n8mYSKlQIGECKUgTX,The Script;will.i.am,#3 Deluxe Version,Hall of Fame (feat. will.i.am),80,202533,False,0.421,0.873,10,-4.343,1,0.0564,0.0654,0.0,0.123,0.629,84.786,4,rock,1
6vFsBXYczYsP0H3lgunZOm,Beach Bunny,Honeymoon,Cloud 9,79,147350,False,0.637,0.929,4,-3.593,1,0.0491,0.00167,2.62e-05,0.344,0.902,80.974,4,rock,1
3ROAkyTbzbruUrss9KT97k,Christina Perri,Christmas Music - Holiday Hits,Merry Christmas Darling,0,200240,False,0.544,0.291,0,-13.898,1,0.0274,0.714,0.000288,0.0963,0.168,75.945,4,rock,1
0zkArhVIqihmqoj00hM56j,Fleetwood Mac,OK Boomers - Top Tunes,Tusk - 2018 Remaster,1,218866,False,0.611,0.786,9,-11.856,0,0.0841,0.227,0.836,0.168,0.917,180.773,4,rock,1
5hljqZrl0h7RcIhUnOPuve,Arctic Monkeys,The Car,Sculptures Of Anything Goes,44,239151,False,0.591,0.309,4,-11.087,0,0.0287,0.704,0.0122,0.102,0.257,71.573,4,rock,1
5fClRRa7P9nPIpstj50veV,Arctic Monkeys,The Car,Mr Schwartz,40,210012,False,0.569,0.335,11,-13.637,0,0.0322,0.802,0.018,0.0834,0.388,127.587,4,rock,1
0fiijtFXDJ9MOVwgSaEQJ5,Andy Grammer,Naïve,Don’t Give Up On Me,51,196187,False,0.64,0.537,0,-5.452,0,0.0282,0.0875,9.84e-06,0.11,0.0676,112.868,4,rock,1
6fNhZRFEkBfgW39W3wKARJ,Bastille,Bad Blood,Pompeii,76,214147,False,0.679,0.715,9,-6.383,1,0.0407,0.0755,0.0,0.271,0.571,127.435,4,rock,1
42Jkqzhm5Y7ab7f1d22GTq,Andrés Calamaro;Sebastian Yatra;Leiva;Ivan Ferreiro,Pañuelos al viento,Paloma,3,285024,False,0.727,0.382,9,-9.145,1,0.0314,0.809,0.0,0.0998,0.828,115.003,4,rock,1
08mG3Y1vljYA6bvDt4Wqkj,AC/DC,Back In Black,Back In Black,85,255493,False,0.31,0.7,9,-5.678,1,0.047,0.011,0.00965,0.0828,0.763,188.386,4,rock,1
5E30LdtzQTGqRvNd7l6kG5,The Neighbourhood,Wiped Out!,Daddy Issues,87,260173,False,0.588,0.521,10,-9.461,1,0.0329,0.0678,0.149,0.123,0.337,85.012,4,rock,1
09DBu6VDEuHlHii5zeDLEY,Bastille,Emo Christmas 2022,Merry Xmas Everybody - For Nest Audio Sessions,0,193826,False,0.56,0.394,2,-9.129,1,0.0307,0.365,0.0,0.213,0.382,122.878,4,rock,1
6YhmCXNLuVzvfc44ZB1uhM,The Police,On air 70's Hits,Message In A Bottle - Remastered 2003,3,290280,False,0.568,0.808,1,-7.042,0,0.0378,0.0327,1.08e-05,0.218,0.849,151.12,4,rock,1
34x6hEJgGAOQvmlMql5Ige,Kenny Loggins,"Yesterday, Today, Tomorrow - The Greatest Hits Of Kenny Loggins","Danger Zone - From ""Top Gun"" Original Soundtrack",77,215133,False,0.544,0.897,3,-6.056,0,0.0471,0.241,0.0,0.13,0.647,157.17,4,rock,1
38h5gL20FSZ9jBuhHuSOBe,James Blunt,Merry Christmas,Wisemen,2,221773,True,0.635,0.701,10,-5.969,1,0.0268,0.253,4.91e-05,0.165,0.633,151.894,4,rock,1
29LrDIgsXhcQqlEbtKL7Fz,Panic! At The Disco,All Out Alternative,I Write Sins Not Tragedies,5,187613,False,0.565,0.792,9,-4.983,0,0.132,0.0913,0.0,0.114,0.639,170.076,4,rock,1
7l0RDBx1upgIHwwMSRunGE,The Police,Halloween Songs | Witches Hour,Behind My Camel - Remastered 2003,1,173600,False,0.509,0.326,0,-9.59,0,0.0254,0.0618,0.805,0.293,0.229,86.829,4,rock,1
5AxRST0P1xkTHjxSs9YGQQ,Imagine Dragons;JID;Arcane;League of Legends,Arbeitsmusik Herbst/Winter 2022/2023,Enemy - from the series Arcane League of Legends,0,173381,False,0.728,0.783,11,-4.424,0,0.266,0.237,0.0,0.434,0.555,77.011,4,rock,1
1EzrEOXmMH3G43AXT1y7pA,Jason Mraz,We Sing. We Dance. We Steal Things.,I'm Yours,80,242946,False,0.703,0.444,11,-9.331,1,0.0417,0.559,0.0,0.0973,0.712,150.96,4,rock,1
1zB4vmk8tFRmM9UULNzbLB,Imagine Dragons,Evolve,Thunder,85,187146,False,0.605,0.822,0,-4.833,1,0.0438,0.00671,0.134,0.147,0.288,167.997,4,rock,1
50nSJ4OU2clW8rUnVDEKrC,Christina Perri,Music for Rainy Days,Jar of Hearts,0,246587,False,0.373,0.348,3,-6.142,1,0.0314,0.728,0.0,0.12,0.0899,74.885,4,rock,1
3nqqDo8CcCLke3ZoTgiOKf,The Script,The Script,The Man Who Can't Be Moved,75,241373,False,0.605,0.629,10,-5.051,1,0.0279,0.437,0.0,0.097,0.308,99.894,4,rock,1
57RA3JGafJm5zRtKJiKPIm,Wallows;Clairo,Nothing Happens,Are You Bored Yet? (feat. Clairo),80,178000,False,0.682,0.683,8,-6.444,0,0.0287,0.156,2.32e-05,0.273,0.64,120.023,4,rock,1
37Tmv4NnfQeb0ZgUC4fOJj,Dire Straits,Dire Straits,Sultans Of Swing,81,348400,False,0.733,0.794,5,-10.023,1,0.0307,0.0614,0.0367,0.33,0.931,148.174,4,rock,1
3Xfg7AegXaDLoD5GOUMf2e,STARSET,Transmissions (Deluxe Version),My Demons,73,288036,False,0.274,0.652,5,-6.196,0,0.0625,0.00768,6.42e-05,0.108,0.1,173.008,4,rock,1
2WfaOiMkCvy7F5fcp2zZ8L,a-ha,Hunting High and Low,Take on Me,85,225280,False,0.573,0.902,6,-7.638,0,0.054,0.018,0.00125,0.0928,0.876,84.412,4,rock,1
3DamFFqW32WihKkTVlwTYQ,Owl City,Ocean Eyes,Fireflies,79,228346,False,0.512,0.662,3,-6.797,1,0.0439,0.0275,0.0,0.118,0.472,180.114,4,rock,1
3yUcJwYu7fXAfqMj9krY6l,Dido,No Angel,Thank You,74,218360,False,0.725,0.583,1,-9.942,0,0.0427,0.3,0.000238,0.0665,0.762,79.984,4,rock,1
3MrRksHupTVEQ7YbA0FsZK,Europe,The Final Countdown (Expanded Edition),The Final Countdown,78,310333,False,0.529,0.843,6,-6.908,0,0.0616,0.0628,0.000827,0.0608,0.188,117.662,4,rock,1
0NrXd3e8BRWhpyy9nsDQLF,Kaiser Chiefs,Employment,Modern Way,56,243626,False,0.536,0.764,1,-5.174,0,0.0393,0.0302,1.06e-05,0.104,0.294,147.585,4,rock,1
0puCOCSanni13tgXPVq192,The Cranberries,Los Clásicos del Pop 90s,Ode To My Family,1,270786,False,0.365,0.517,7,-6.635,1,0.0243,0.0622,0.0,0.265,0.0777,93.862,4,rock,1
7FdUvDkaE24o3FPIWTvzv2,Imagine Dragons,Follow You / Cutthroat,Follow You,73,175643,False,0.542,0.732,9,-5.956,1,0.0521,0.00209,7.92e-05,0.496,0.489,124.912,4,rock,1
0qMip0B2D4ePEjBJvAtYre,LiSA,LEO-NiNE,紅蓮華,74,237586,False,0.541,0.977,4,-2.828,0,0.157,0.00321,5.13e-05,0.0796,0.263,134.938,4,rock,1
5qaEfEh1AtSdrdrByCP7qR,Imagine Dragons,Night Visions,Demons,84,177506,False,0.505,0.71,3,-3.015,1,0.0321,0.19,0.00025,0.269,0.428,89.938,4,rock,1
0RiwdaRaTefCfqsmk5AxvD,The Beach Boys,Christmas Songs 2022,Little Saint Nick - 1991 Remix,1,118840,False,0.602,0.553,11,-9.336,1,0.0328,0.108,0.0,0.0512,0.971,130.594,4,rock,1
2Z8WuEywRWYTKe1NybPQEW,Twenty One Pilots,Blurryface,Ride,82,214506,False,0.645,0.713,6,-5.355,1,0.0393,0.00835,0.0,0.113,0.566,74.989,4,rock,1
0nNIpB8Rq3HTTE1ULbtFKs,Fleetwood Mac,80's,Everywhere - 2018 Remaster,0,223253,False,0.74,0.465,4,-10.85,1,0.0325,0.253,0.0107,0.0927,0.682,114.957,4,rock,1
4Tt6GiWS2V9sQjZjS2xjp2,Andy Grammer,Magazines Or Novels,"Honey, I'm Good.",48,199263,False,0.754,0.802,9,-6.424,1,0.0551,0.0349,0.0,0.335,0.583,122.026,4,rock,1
6NDhsCV7nxJeDsOpM1cPUk,Oliver Tree,Top of the Rock,I Hate You,4,162877,False,0.737,0.67,9,-6.448,1,0.0985,0.00474,0.0,0.0922,0.525,75.981,4,alternative,1
2MLHyLy5z5l5YRp7momlgw,Weezer,Weezer (Green Album),Island In The Sun,78,200306,False,0.654,0.81,4,-6.26,0,0.0288,0.00719,0.00251,0.165,0.661,114.623,4,alternative,1
0AUyNF6iFxMNQsNx2nhtrw,grandson,Blood // Water,Blood // Water,75,216720,False,0.51,0.882,8,-5.659,0,0.159,0.00158,0.00206,0.0764,0.653,154.029,4,alternative,1
2pyjbGTpJCPjMYwCbdymiF,Ruel,Dazed & Confused,Dazed & Confused,67,189608,False,0.688,0.5,2,-7.411,1,0.138,0.102,0.0,0.355,0.418,127.906,3,alternative,1
60a0Rd6pjrkxjPbaKzXjfq,Linkin Park,Hybrid Theory (Bonus Edition),In the End,85,216880,False,0.556,0.864,3,-5.87,0,0.0584,0.00958,0.0,0.209,0.4,105.143,4,alternative,1
5FUU4A7OkQWMN3SW6RcXCt,Bella Poarch;Grimes,Dolls EP,No Man's Land (feat. Grimes),59,128871,True,0.85,0.672,5,-4.817,0,0.0388,0.246,0.0,0.718,0.606,105.998,4,alternative,1
42T2QQv3xgBlpQxaSP7lnK,Creed,Weathered,One Last Breath,72,238240,False,0.386,0.677,2,-5.83,1,0.0346,0.00841,0.00366,0.341,0.195,126.602,4,alternative,1
2UCoAOZGk6a4BHUBzlvfAO,The Killers;Armin van Buuren;Benno De Goeij,Beats Electro Mood,Human - Armin van Buuren Dub Remix,1,445000,False,0.64,0.821,7,-5.789,0,0.0732,0.00122,0.145,0.203,0.624,135.478,4,alternative,1
20Q75JEtoaoEbqA2w8xJO6,Snoh Aalegra,HÖST,LOST YOU,1,177720,True,0.445,0.468,5,-8.106,0,0.0702,0.524,0.000849,0.112,0.444,87.803,4,alternative,1
73vIOb4Q7YN6HeJTbscRx5,Oliver Tree;Robin Schulz,Miss You,Miss You,87,206000,True,0.587,0.742,6,-6.64,0,0.0529,0.0128,0.00107,0.146,0.199,145.007,4,alternative,1
07rz54LA3Y2lagmY0DnChZ,Linkin Park,A Thousand Suns,Iridescent,42,296560,False,0.484,0.727,0,-6.107,1,0.0358,0.198,0.00204,0.107,0.216,120.066,4,alternative,1
1wPUjPJB5U49st6rPTdhT1,GAYLE,Autumn Hits,abcdefu (chill),0,176765,True,0.554,0.429,1,-7.687,0,0.0334,0.0405,0.0,0.23,0.195,112.899,4,alternative,1
68UU9oaQtMDnh6PRlW842H,Princess Nokia,Everything Sucks,I Like Him,66,132453,True,0.893,0.579,9,-8.995,1,0.113,0.0641,0.000121,0.215,0.611,133.018,4,alternative,1
1foMv2HQwfQ2vntFf9HFeG,Gorillaz,Plastic Beach,Rhinestone Eyes,80,200173,False,0.676,0.703,8,-5.815,0,0.0302,0.0869,0.000687,0.0463,0.852,92.761,4,alternative,1
02gGfhPHk5NuN0mgbKpU4Y,GAYLE,ur just horny,ur just horny,58,178787,True,0.529,0.897,1,-4.713,0,0.0726,0.221,0.0,0.0399,0.885,180.118,4,alternative,1
7DCQIOmpGV4nkHx7DQckJS,Jesse,&,Bloom Later,66,160306,False,0.513,0.318,0,-10.451,1,0.0314,0.796,0.0,0.177,0.249,81.923,3,alternative,1
7JIIY2oDPFkURYMCLJuzhe,Dominic Fike;Zendaya,"Elliot's Song (From ""Euphoria"" An HBO Original Series)","Elliot's Song - From ""Euphoria"" An HBO Original Series",70,150320,False,0.394,0.327,4,-14.291,1,0.114,0.849,0.0,0.125,0.411,93.358,4,alternative,1
3LhGRE7ZNOEZhrqazWMYRI,The Score,ATLAS (Deluxe),Money Run Low,61,185466,False,0.651,0.933,7,-3.978,0,0.0457,0.0203,0.0,0.306,0.798,134.048,4,alternative,1
7xcqbjV2NfxlnJzqdRuO7E,Kavinsky;The Weeknd,Kiss Land (Deluxe),Odd Look,55,252853,False,0.627,0.897,10,-3.647,0,0.0504,0.246,0.0,0.117,0.257,104.947,4,alternative,1
1jq28NGw6wdtFKx8MBPy6C,Nickelback,Dark Horse,Burn It to the Ground,73,212346,False,0.617,0.922,11,-3.474,1,0.0744,0.000247,0.388,0.363,0.6,132.059,4,alternative,1
0q6LuUqGLUiCPP1cbdwFs3,Gorillaz,Plastic Beach,On Melancholy Hill,78,233866,False,0.689,0.739,2,-5.81,1,0.026,1.51e-05,0.509,0.064,0.578,120.423,4,alternative,1
2sEk5R8ErGIFxbZ7rX6S2S,MARINA,Electra Heart (Deluxe),How to Be a Heartbreaker,71,221493,False,0.69,0.897,11,-4.696,0,0.0506,0.0142,0.0,0.108,0.849,140.05,4,alternative,1
3dGFeK9WTwj2PAiQoaXMzB,Ol' Dirty Bastard,Rap Classics,Brooklyn Zoo,0,215040,True,0.73,0.801,11,-5.655,0,0.392,0.552,0.0,0.843,0.659,91.785,4,alternative,1
1G391cbiT3v3Cywg8T7DM1,Red Hot Chili Peppers,Californication (Deluxe Edition),Scar Tissue,79,215906,False,0.595,0.717,0,-4.803,1,0.0295,0.0779,0.00274,0.108,0.547,88.969,4,alternative,1
11LmqTE2naFULdEP94AUBa,Nirvana,In Utero - 20th Anniversary - Deluxe Edition,Heart-Shaped Box,79,281160,False,0.256,0.641,1,-10.283,1,0.0552,0.199,0.0329,0.0853,0.382,203.006,4,alternative,1
4sNG6zQBmtq7M8aeeKJRMQ,Declan McKenna,What Do You Think About the Car?,Brazil,80,252306,False,0.687,0.617,4,-5.213,1,0.0287,0.0941,1.27e-05,0.0898,0.665,121.079,4,alternative,1
2pgDBO0ZAgvye7joSmdDm8,Amaarae;Moliy,THE ANGEL YOU DON'T KNOW,SAD GIRLZ LUV MONEY,62,196420,True,0.883,0.492,1,-7.979,0,0.0725,0.447,0.0019,0.128,0.296,109.974,4,alternative,1
4Sxx1wd4nnB8ob8Zsujwrs,Linkin Park,Minutes to Midnight,Shadow of the Day,52,290360,False,0.534,0.393,11,-7.813,1,0.0292,0.00479,0.0107,0.107,0.0641,110.007,4,alternative,1
4BggEwLhGfrbrl7JBhC8EC,Crazy Town,The Gift Of Game,Butterfly,73,216733,False,0.736,0.811,9,-4.17,0,0.081,0.00132,0.000142,0.107,0.609,103.502,4,alternative,1
0raOzVFA5sMpRDgMZ0ZTJc,Rico Nasty;Marshmello,Internet Sensations,Watch Your Man,0,116162,True,0.776,0.735,1,-4.632,1,0.139,0.000347,1.88e-06,0.0717,0.533,172.119,4,alternative,1
0o60e52PdVZ70e6YHWibSE,Sevyn Streeter,Furious 7: Original Motion Picture Soundtrack,How Bad Do You Want It (Oh Yeah),38,224738,False,0.519,0.87,7,-2.599,0,0.0901,0.0151,0.00184,0.493,0.53,139.841,4,alternative,1
77loZpT5Y5PRP1S451P9Yz,Hoobastank,The Reason (15th Anniversary Deluxe),The Reason,81,232800,False,0.472,0.671,4,-4.649,1,0.029,0.0129,0.0,0.159,0.0681,82.952,4,alternative,1
1MXFW3PpLyOZwn6zSzK5hT,GAYLE,a study of the human experience volume two,ALEX,43,174479,False,0.76,0.409,7,-7.601,0,0.0428,0.202,1.05e-06,0.168,0.231,101.975,4,alternative,1
2ph6BRhGcUzc2W9wIulG5k,Bishop Briggs,Church Of Scars,White Flag,61,230586,False,0.524,0.805,4,-4.08,0,0.065,0.062,0.0,0.209,0.354,152.044,4,alternative,1
0eNfURq0r0oNSwFyw1VuVT,The 1975,Being Funny In A Foreign Language,Looking For Somebody (To Love),72,178617,True,0.522,0.957,2,-4.924,1,0.0687,0.0515,0.0014,0.144,0.917,170.91,4,alternative,1
5Az8KU81g2aLBbJN67F2CI,Young the Giant,Mind Over Matter,Mind Over Matter,71,244693,False,0.466,0.763,0,-4.448,1,0.0318,0.000501,0.0,0.0973,0.293,154.914,4,alternative,1
6V81K1OcvYgHEnCA6A2Qx9,Duckwrth;Shaboozey,Spider-Man: Into the Spider-Verse (Soundtrack From & Inspired by the Motion Picture),Start a Riot,66,171466,False,0.728,0.727,2,-3.585,1,0.206,0.0128,0.0,0.0882,0.89,143.144,4,alternative,1
69P8aWFbgM3eD7UFSLPWsq,GAYLE;The Wild,abc (The Wild Remix),abc (The Wild Remix),67,182903,False,0.693,0.874,1,-3.923,0,0.0693,0.034,8.33e-06,0.289,0.647,123.979,5,alternative,1
50f6Sc85lbQgEaOfQm41Zr,Lauren Daigle,How Can It Be,Trust in You,66,211600,False,0.413,0.636,9,-5.651,1,0.0407,0.0186,0.0,0.106,0.203,176.048,4,alternative,1
6BrLfEagscVPCOxQa0uNxG,FKA twigs;The Weeknd,20s Love Songs,tears in the club,1,196760,True,0.616,0.717,8,-6.178,1,0.11,0.194,9.81e-05,0.0731,0.72,167.99,4,alternative,1
1hhMX7QQIhBsXjFmTK7owB,GAYLE;blackbear,fmk (with blackbear),fmk (with blackbear),68,189075,True,0.53,0.532,2,-5.957,1,0.0569,0.111,0.0,0.188,0.536,71.797,4,alternative,1
40LQiUUUKXVGyNs09lHVjW,Hinder,Extreme Behavior,Lips Of An Angel,73,261853,False,0.476,0.736,2,-5.38,1,0.0343,0.0217,1.08e-06,0.203,0.251,129.084,4,alternative,1
4S80oe7OJnBVlhNrbQTnt3,The 1975,Being Funny In A Foreign Language,Part Of The Band,69,260148,False,0.714,0.51,6,-8.216,1,0.0453,0.76,0.133,0.253,0.832,142.009,4,alternative,1
4sNwdacKyi2S26WrRtNama,MARINA,The Family Jewels,Oh No!,72,182586,False,0.77,0.896,0,-3.971,1,0.039,0.0539,0.0,0.243,0.964,126.999,4,alternative,1
0XsYX3MLhyIW2nmMiJjGN2,Mazzy Star,sadsadchristmas,Flowers In December,3,297893,False,0.59,0.229,7,-13.174,1,0.0301,0.115,0.00168,0.0854,0.168,96.859,4,alternative,1
0faXHILILebCGnJBPU6KJJ,Breaking Benjamin,Phobia (Clean Version),The Diary of Jane - Single Version,74,200546,False,0.392,0.964,10,-4.441,0,0.0644,7.13e-05,0.0387,0.106,0.269,167.024,4,alternative,1
4se25yP3bMpaMAlcxvyJ5Q,Cookiee Kawaii;Dear Silas,Vanice,Violin,67,109714,True,0.83,0.875,2,-4.212,1,0.094,0.0695,0.000877,0.117,0.675,139.9,4,alternative,1
5lYLBAH2uSvERWy8GAcBJz,Amaarae;Kali Uchis;Moliy;xxtristanxo,SAD GIRLZ LUV MONEY Remix (feat. Kali Uchis and Moliy) [Slowed + Reverb],SAD GIRLZ LUV MONEY Remix (feat. Kali Uchis and Moliy) - Slowed + Reverb,57,138646,True,0.774,0.579,10,-6.2,0,0.0699,0.343,0.0,0.131,0.418,92.399,4,alternative,1
6qK47Oa7Vbumzeb69KuMhZ,Gorillaz;Beck,20's Rock,The Valley of the Pagans,0,181028,True,0.75,0.856,2,-5.802,1,0.0457,0.0778,3.65e-05,0.117,0.94,130.034,4,alternative,1
2mLYjGJ1Fl4qNept7opf7Y,Counting Crows,Rock Workout 2023,Mr. Jones,1,272733,False,0.571,0.836,0,-5.556,1,0.0371,0.194,4.09e-06,0.182,0.73,141.612,4,alternative,1
3MFBFXmISHQdhEN3AFFuOs,KLOUD,VIP Remixes,HUMANS (VIP REMIX),45,206775,True,0.413,0.962,6,-2.91,0,0.0487,0.00837,0.249,0.215,0.0313,128.004,4,club,1
7pIUiiq1nnrzP2mRdO05qg,DJ LILMAN,1 Finger in the Air,1 Finger in the Air,20,121901,False,0.641,0.394,2,-9.297,1,0.0681,0.000109,0.00181,0.0943,0.63,130.909,4,club,1
5yRvX935ESfGdnEUt2yGg7,Girl Pusher,911,Red Was the Color of the Candle,16,120000,True,0.491,0.7,2,-4.968,1,0.0981,0.0206,0.000317,0.185,0.0497,101.471,3,club,1
1jBfdScUh4KHSz3ZIXulZS,Conan Osíris,ADORO BOLOS,BORREGO,18,278145,False,0.384,0.554,3,-8.856,1,0.243,0.457,0.000878,0.1,0.372,90.096,4,club,1
77dzuHEfo4zL2AxeoFv8AP,JACKIE EXTREME,JACKIE EXTREME,"10,000 DOLLARS",16,161560,True,0.744,0.53,8,-7.813,1,0.139,0.0263,0.259,0.208,0.661,139.978,4,club,1
3vwTNVxHRpRw9Jr4RT7HJF,Glee Cast,"Glee: The Music, The Complete Season Four",Bye Bye Bye / I Want It That Way (Glee Cast Version),42,169426,False,0.595,0.903,7,-4.4,0,0.0315,0.0221,2.28e-06,0.0878,0.523,93.994,4,club,1
13AsTzqHpaD6qleOQ7ypPM,Gesaffelstein,Novo Sonic System,Orck,40,188413,False,0.501,0.963,7,-5.459,1,0.0973,0.000648,0.284,0.0993,0.0751,181.955,3,club,1
5x9lyB5lP2lXR0zb7L6RaB,Woesum;Bladee;Thaiboy Digital;Yung Lean,Blue Summer,Violet Gold,44,142180,True,0.669,0.689,5,-6.269,1,0.0625,0.344,4.09e-05,0.0976,0.669,179.053,4,club,1
1dbssL6Ur80M3xFJS7Tzcu,Television Personalities,And Don't The Kids Just Love It,World Of Pauline Lewis,20,158399,False,0.621,0.787,0,-8.819,1,0.0384,0.175,0.186,0.179,0.73,142.325,4,club,1
3rGfD8XpNBkv3WOgHPROiS,Gesaffelstein,Conspiracy Pt.2,Conspiracy Origins,35,150200,False,0.675,0.307,7,-9.472,1,0.108,0.000351,0.909,0.127,0.579,130.038,4,club,1
3N39a63azXQRQ4S9tGVtGb,COUCOU CHLOE;Lederrick,NAUGHTY DOG,WAITING,44,157000,True,0.915,0.454,11,-8.847,1,0.0988,0.388,0.15,0.108,0.318,136.926,4,club,1
6iaG4YXLAafWpczBnMFKVC,Tre Oh Fie,For My Hand,For My Hand,17,143200,False,0.678,0.716,8,-8.448,1,0.0653,0.0428,0.00264,0.194,0.536,150.064,4,club,1
7oN2q9L9YShc6weFVvnnxA,Glee Cast,"Glee: The Music, Volume 3 Showstoppers",Gives You Hell (Glee Cast Version),48,206666,False,0.752,0.605,6,-5.569,0,0.032,0.0807,0.0,0.112,0.789,100.007,4,club,1
38DAl9PzomoqfPpEFpibwB,Lucille Croft,Patient X,Post Human,43,91437,False,0.733,0.483,0,-4.836,0,0.048,0.0121,0.0166,0.386,0.155,105.023,4,club,1
31Ptn3k6isug3x2JRhGfDc,Tenebrax,Pizdec,Pizdec,34,171789,False,0.645,0.933,2,-1.809,1,0.0704,0.00117,0.0723,0.157,0.278,95.022,4,club,1
2Zk1727EP6wYTFwoCkJcQq,Kyle Edwards;DJ Smallz 732,"We Are Young, Vol. 3",Make It Bounce,15,100414,False,0.912,0.436,1,-12.266,1,0.107,0.111,0.262,0.104,0.409,133.992,4,club,1
2Bm51cQWtgUSekm6lgeeZc,Samuel Organ,A Safe Place in Cyberspace,Guidance,39,222222,False,0.527,0.242,0,-21.519,0,0.0355,0.984,0.923,0.0913,0.223,135.08,3,club,1
55DTBfMjuBk3b79XXb2lc5,dj Shawny,Bombs Away (Throwback Cypher),Bombs Away (Throwback Cypher) [Sped up Version],52,64547,False,0.739,0.931,1,-6.941,1,0.04,0.00152,0.891,0.335,0.727,111.001,4,club,1
0GA0MWNzKfYNlcuCb4zLer,KilSoSouth,This Woman's Work,This Woman's Work - Dance Version,15,120000,False,0.603,0.629,0,-7.015,0,0.0762,0.000524,0.0166,0.277,0.0701,165.272,4,club,1
0vr8nLEp5H0ksJMCSAb42s,Glee Cast,"Glee: The Music, The Complete Season One",I Say A Little Prayer (Glee Cast Version),50,100813,False,0.648,0.773,6,-7.188,0,0.0947,0.773,1.17e-05,0.111,0.544,72.471,4,club,1
05kufzkEAcBQ2MPkx2Pu2b,DJ Smallz 732;Kyle Edwards,Ayo Smallz,Rock Yo Hips,19,127346,False,0.869,0.872,11,-7.156,1,0.314,0.0345,0.00149,0.0836,0.333,165.117,4,club,1
3OPfGZ252zPTSTsUA8fKfC,Extra Terra;Urbanstep,Tech Power,Tech Power,38,290406,False,0.619,0.885,10,-4.309,1,0.0592,0.0234,0.48,0.111,0.227,100.007,4,club,1
3oMKhAUF7rEU75jT33dQFs,Girl Pusher,911,Reformed Hellraiser,18,151312,True,0.469,0.8,7,-7.984,1,0.0506,0.0023,0.711,0.438,0.242,154.885,4,club,1
1JnlpPaMACqbAzuo5xbZR4,DJ Sliink;TWRK,BaDinga (Reloaded),BaDinga - Reloaded,42,168000,False,0.762,0.932,1,-5.285,1,0.0516,0.354,0.432,0.496,0.757,129.99,4,club,1
06SiZAfeYY3rDYRFc4Dlek,Glee Cast;Kristin Chenoweth,"Glee: The Music, The Complete Season One",Fire (Glee Cast Version) (feat. Kristin Chenoweth),36,204453,False,0.796,0.544,5,-5.564,1,0.0427,0.147,0.0,0.138,0.487,117.987,4,club,1
3KvTZQPpzPw9UKxaGlJkBs,The Magnetic Fields,69 Love Songs,All My Little Words,51,166133,False,0.477,0.532,8,-7.744,1,0.0274,0.731,0.0114,0.0973,0.403,105.239,4,club,1
2Q7YtzC4tH9td1NFJD68bv,DreamReaper,Liminality,Diaxiom,15,263428,False,0.525,0.83,11,-5.253,1,0.0688,2.43e-05,0.301,0.173,0.712,127.013,4,club,1
3gHizsJz9wunLcqn0Ygel1,Kyle Edwards;DJ Bake,Know Everything (Jersey Club) [feat. DJ Bake],Know Everything (Jersey Club) [feat. DJ Bake],20,109766,False,0.912,0.833,2,-6.093,1,0.516,0.158,0.378,0.0821,0.281,139.952,4,club,1
4vE6TZnL54xyWZyHvVR4vu,Girl Pusher,Dont Die,Decapitation (Odeath - 911 Cut),16,193714,False,0.358,0.456,11,-9.638,0,0.107,0.138,0.0258,0.469,0.425,139.841,4,club,1
5u2NPvCmo6iGMLY69eO92O,COUCOU CHLOE;CLIP;Kelvin Krash,"ZERO FIVE STARS (CLIP, KELVIN KRASH REMIX)","ZERO FIVE STARS - CLIP, KELVIN KRASH REMIX",44,118725,False,0.697,0.643,2,-5.798,1,0.0359,0.0192,0.623,0.204,0.222,135.008,4,club,1
6YE1M9TlDXY7BYEV4pn0np,Lyde,Homeseeker,Homeseeker,37,330480,False,0.588,0.684,6,-5.924,1,0.0426,0.000113,0.0949,0.102,0.0377,95.015,4,club,1
63oIL8TdR6iO1JxArVadLf,Tzafu,Resurrection,Resurrection,43,282109,False,0.622,0.778,2,-10.705,1,0.0471,0.0548,0.865,0.111,0.206,125.995,4,club,1
2MwrFzPLPhx12QF3xjfXjR,SWARM;I-Exist,In My Dreams,In My Dreams,41,310857,False,0.431,0.93,8,-2.854,1,0.146,0.00309,0.00937,0.354,0.191,104.971,4,club,1
5Ei6mYy1CBSIF8otlFft74,Andy Stott,We Stay Together,We Stay Together (Part One),18,396093,False,0.711,0.293,1,-17.61,0,0.0912,0.287,0.888,0.092,0.0798,95.066,4,club,1
7qIHbNBlqMJnID5l66bLN0,The Magnetic Fields,69 Love Songs,Nothing Matters When We're Dancing,39,147373,False,0.467,0.277,5,-9.041,1,0.0289,0.935,1.83e-06,0.115,0.6,96.639,4,club,1
0K3VVmc7YkSvlbmOX46zTw,Gesaffelstein,Variations,Selected Faces,35,431969,False,0.627,0.776,7,-8.622,1,0.0398,0.000873,0.883,0.111,0.153,126.0,4,club,1
5vJ8wLhKQUsIAmm9kz0PRL,DJ Envy;Fetty Wap;DJ Sliink,Text Ur Number (feat. DJ Sliink & Fetty Wap),Text Ur Number (feat. DJ Sliink & Fetty Wap),19,242134,False,0.691,0.782,8,-5.365,1,0.0561,0.0211,1.88e-05,0.406,0.741,139.946,4,club,1
4RoblsWbf7A2wj2x91N9lb,Fire-Toolz,Eternal Home,Shenpa Indicator Light!!!,15,145403,False,0.357,0.882,0,-7.669,0,0.119,0.00267,0.626,0.239,0.291,114.43,4,club,1
6nljbSma4YDzJJEcnLQ3oF,The Softies,Holiday In Rhode Island,Holiday In Rhode Island,19,115826,False,0.618,0.295,9,-8.871,0,0.031,0.861,6.26e-06,0.138,0.129,126.026,4,club,1
3LRcDiWeIFSXmBZtyv7sJ4,Glee Cast,"Glee: The Music, Volume 4",Just The Way You Are,43,216093,False,0.606,0.719,8,-6.77,1,0.039,0.00864,0.0,0.0765,0.366,108.985,4,club,1
1e4xuwzSRHr6agxwXMEg16,Tenebrax,Reflexia,Tell Me How to Love,48,214216,False,0.704,0.884,9,-4.273,1,0.0486,0.000428,0.204,0.15,0.452,105.02,4,club,1
3gDL5Ezpg8HX5OUgaYddpa,Organ Tapes,唱着那无人问津的歌谣 / Chang Zhe Na Wu Ren Wen Jin De Ge Yao,passin through,16,178681,False,0.556,0.277,1,-16.92,0,0.0273,0.904,0.177,0.0974,0.205,91.292,4,club,1
5n4Ovy86K5wlA5Xg8L2rXg,King Stephen,Bloody Night Fever,You Can't Outrun the Devil,15,353837,False,0.252,0.991,7,-2.723,1,0.541,7.8e-06,0.849,0.267,0.111,185.036,4,club,1
1s7oKuT7720tOM0JSshbMv,1788-L;TYNAN,A B Y S S,A B Y S S,35,212893,False,0.393,0.938,9,-5.819,1,0.137,0.00467,0.717,0.398,0.102,177.055,4,club,1
0VIhKSfhwjZZKteueIug3h,Corvad,Unreal,Off,16,247500,False,0.628,0.913,4,-3.493,1,0.0679,0.0711,0.156,0.21,0.185,100.017,4,club,1
5zhq01rIbCE2Uh21oUDTF3,The Softies,Holiday In Rhode Island,Just A Day,18,103973,False,0.765,0.374,0,-10.787,1,0.0327,0.672,0.00385,0.261,0.71,106.689,5,club,1
17vvsRxWjU6iK2KFPANn6h,Glee Cast,"Glee: The Music, The Complete Season Four",Wake Me Up Before You Go-Go (Glee Cast Version),45,228973,False,0.657,0.867,5,-4.67,0,0.0763,0.0415,0.0,0.084,0.862,81.322,4,club,1
1m2Rimh8YEA6mirZDErK6g,SWARM,Alpha & Omega,Alpha & Omega,47,275044,False,0.256,0.969,2,-5.209,1,0.177,4.39e-05,0.000761,0.135,0.127,144.494,4,club,1
2odJRoZ0Bx3aHvNa8hpNrD,KLOUD,AUTONOMY,BLOOD,61,194157,False,0.497,0.825,8,-4.638,0,0.0821,0.0031,0.00496,0.0905,0.235,88.712,4,club,1
2OuCkfX39Geg49wLwjsQ9z,Linn da Quebrada;Liniker;Urias;Alice Guél;Jup do Bairro;Danna Lisboa;Ventura Profana;Verónica Decide Morrer,Oração,Oração,37,239669,False,0.621,0.273,0,-8.607,1,0.0325,0.811,1e-05,0.0841,0.146,127.044,4,club,1
5MmDAFQa8SP9bA5J3f5vYc,ARTBAT;Shall Ocin;braev,Origin,Origin,51,460780,False,0.681,0.767,5,-12.296,0,0.0947,0.00245,0.711,0.101,0.0387,126.022,4,electronic,1
6GAhe3wXCDJP1RK5lZLyjX,Flosstradamus;FKi 1st;graves;Post Malone;KEY!,Came Up (feat. Post Malone & Key!),Came Up (feat. Post Malone & Key!),38,214929,True,0.613,0.879,6,-4.649,1,0.0729,0.00908,1.66e-06,0.108,0.497,76.966,4,electronic,1
1JwPzJ02ExtqnDQEckEPEf,Sickflip,Dark Ages EP,Desert Bae,28,218666,False,0.683,0.648,11,-4.678,1,0.236,0.0227,0.086,0.0689,0.151,180.233,4,electronic,1
6MevGm37w45bhI4dBJrKRT,Otnicka,Mandoline,Mandoline,41,200242,False,0.721,0.644,6,-7.77,1,0.0358,0.162,0.914,0.157,0.45,97.979,4,electronic,1
19Oh5hnq89a94Upp66mOoy,ARTBAT;David Guetta;Idris Elba,It's Ours,It's Ours,56,483779,False,0.35,0.635,11,-9.259,1,0.0558,0.00558,0.873,0.0604,0.134,126.98,4,electronic,1
5Q5TNh4wr6CPoXKrI2H6gx,Lucky Luke;Emie,Drüg,Drüg,57,219260,False,0.685,0.496,0,-8.382,0,0.238,0.314,0.804,0.138,0.0569,124.987,4,electronic,1
1S7ca5mJlpHn7GCE88jejz,Izzamuzzic;Julien Marchal,Shootout (Slowed + Reverb),Shootout (Slowed + Reverb),67,140142,False,0.722,0.543,2,-9.789,0,0.0692,0.355,0.411,0.0963,0.315,137.143,4,electronic,1
07hSCImGi0GMSKKRCgP8A5,Jean du Voyage,Mantra,Temple,51,129297,False,0.69,0.34,6,-12.566,0,0.048,0.289,0.723,0.325,0.0485,130.019,4,electronic,1
2NeOGCaTPh9gL5XhVg7vfk,Tunacola,"En el Centro de la Fiesta Está el Vacío, Pero en el Centro del Vacío Hay Otra Fiesta",El Viento Que Nos Lleva a los Dos,34,244329,False,0.625,0.762,5,-7.101,0,0.0351,0.267,0.0866,0.103,0.681,159.996,4,electronic,1
3ihJMgAI2o2UT1INo8haC1,DJ Snake;Sean Paul;Justin Bieber,Let Me Love You (Sean Paul Remix),Let Me Love You - Sean Paul Remix,47,215560,False,0.653,0.697,8,-4.803,1,0.0609,0.0197,4.72e-06,0.188,0.134,100.038,4,electronic,1
6dlXEW7tH6Fs8qdUehMbuS,Babasónicos,Infame,Gratis,39,185173,False,0.426,0.526,7,-12.184,1,0.0403,0.852,0.00539,0.135,0.552,170.01,4,electronic,1
2WDjQJptGBH8ZOpXrBehBh,Yellow Claw;Angger Dimas,"Amsterdam Trap Music, Vol. 2 (Remixes)",Kaolo Pt.2 - Angger Dimas Remix,30,224718,False,0.576,0.937,6,-5.059,0,0.0464,0.000244,0.871,0.0903,0.334,100.979,4,electronic,1
6re8Gb0JHD69k5B53tCAF6,HXE,Overnight,Overnight,49,73534,True,0.812,0.474,2,-6.966,1,0.36,0.168,4.89e-05,0.182,0.476,158.121,4,electronic,1
1jEy4S0PriJSPxBIc7XreS,Ash,Worlds Apart,Worlds Apart,54,263367,False,0.707,0.557,5,-8.848,0,0.0356,0.185,0.901,0.0999,0.124,113.023,4,electronic,1
4HxtBC8uZ1kLAe9kf3ag46,Prabh Deep,Tabia,Paapi,34,350013,False,0.754,0.535,9,-8.987,0,0.0765,0.393,0.000477,0.139,0.292,121.98,4,electronic,1
4nkLVkNij5R49hsKvLhVAN,Domshe;Carlo Lio,Creep It,Feelin - Carlo Lio Remix,22,444923,False,0.719,0.959,11,-7.686,0,0.0573,0.154,0.885,0.129,0.482,129.994,4,electronic,1
1i0cgkisuJoGZOzdupqf1v,Fabian Mazur;Snavs,Arena,Arena,59,206400,False,0.789,0.83,5,-4.184,0,0.0747,0.009,0.00258,0.173,0.441,100.046,4,electronic,1
0E3L4BNuUlZyvcZyySTfKr,DJ Snake;Tchami;Malaa;Mercer,Carte Blanche,"Made In France (with Tchami & Malaa, feat. Mercer)",53,251428,False,0.836,0.949,11,-4.127,0,0.0786,0.00295,0.247,0.0542,0.506,126.007,4,electronic,1
2LjZcBOceIpCBbhTf1Y5J0,Mnogoznaal,DOF,DOF,49,130586,True,0.79,0.873,8,-6.299,1,0.0372,0.366,0.126,0.109,0.963,113.959,4,electronic,1
5L7EcEdJAZ3TEpWEfsOMLD,Yellow Claw;Yade Lauren,Los Amsterdam,Love & War,49,180150,False,0.577,0.911,1,-4.449,1,0.0512,0.0186,0.0587,0.159,0.543,160.036,4,electronic,1
3mzd5DSPaPHyK4hqUYIW4o,Poshlaya Molly,PAYCHECK,Беспечный рыцарь тьмы,50,233827,True,0.66,0.818,8,-6.743,1,0.0248,9.9e-05,0.000908,0.125,0.426,135.012,4,electronic,1
6qrifdo7QINdPQr80IelGi,Rovalio;Abdul Hannan,Iraaday,Iraaday,66,133305,False,0.737,0.458,6,-5.805,1,0.0317,0.601,6.98e-06,0.138,0.456,89.993,4,electronic,1
38be6Tha1a4kOJPBaqpeEm,ARTBAT,Flame,Flame - Edit,49,326929,False,0.608,0.936,4,-6.254,0,0.0583,0.00181,0.736,0.0463,0.0389,127.038,4,electronic,1
1vX2TGVPr0c8G8bNlOLuzF,Matanza;Pablo Chill-E;Inti Illimani Histórico;Quilapayún,Aburrido (Matanza Remix),Aburrido (Matanza Remix),35,272370,True,0.785,0.626,11,-9.243,0,0.127,0.224,0.000765,0.108,0.204,119.984,4,electronic,1
3gDaoG5wVrg3Pm9A0u2PDH,Prabh Deep,Tofa,Tofa,28,232941,False,0.787,0.344,6,-13.206,0,0.133,0.302,0.000679,0.115,0.564,136.003,4,electronic,1
10x79Dxw1eMWGt6pwiKoSI,Die Gebrüder Brett;SzumH;Bullet061,Mit den Jungs,Mit den Jungs,35,315176,True,0.846,0.741,2,-7.329,1,0.302,0.00583,2.25e-05,0.506,0.616,170.025,4,electronic,1
0fBLGyMqLAGN0TGMSe1Oyr,Fabian Mazur;Jstn Dmnd,Actuation ADE 2022 Pre-Party,Start A Riot,0,164800,True,0.596,0.938,8,-2.165,1,0.0917,0.0148,0.000448,0.329,0.286,150.056,4,electronic,1
10AsRVRdU07cMAFHeGYO3c,Martin Jensen,Solo Dance,Solo Dance,69,174933,False,0.746,0.846,9,-2.432,1,0.048,0.0485,0.0,0.195,0.403,114.955,4,electronic,1
6y6tYtlYtLjQxMGok7sLhq,Miranda!,Magistral,Ritmo y Decepción,44,203355,False,0.733,0.963,9,-5.66,1,0.052,0.0418,0.00141,0.0698,0.549,134.954,4,electronic,1
7kfoXNr87LBGbOw4t2TrvV,Rosalie.;Jan-Rapowanie,Chodź Chodź Chodź (Remix),Chodź Chodź Chodź - Remix,35,181800,False,0.733,0.766,4,-7.553,0,0.044,0.0962,0.000448,0.3,0.198,94.993,4,electronic,1
64mWj8LzSxjGADSksnNrma,Javiera Mena,Esquemas Juveniles,Al Siguiente Nivel,34,244373,False,0.454,0.653,1,-7.016,1,0.0347,8.48e-05,0.00206,0.129,0.505,167.977,4,electronic,1
3VtTuQ6lypMoOBcm6VMzdh,Bicep;Four Tet,Opal (Four Tet Remix),Opal - Four Tet Remix,58,494256,False,0.826,0.72,9,-9.582,0,0.119,0.103,0.773,0.11,0.287,127.011,4,electronic,1
2vnGorXYbAzIBijgWjzErl,Ándrue;Mythos 'N DJ Cosmo,The Heart of the Ocean,The Heart of the Ocean,32,355009,False,0.587,0.915,11,-4.893,0,0.0322,0.0116,0.602,0.255,0.165,138.026,4,electronic,1
59XAQApPDhjfQJo3OCfX8M,Babasónicos,Discutible,Orfeo,38,245493,False,0.628,0.823,11,-4.756,0,0.0289,7.41e-05,6.57e-05,0.325,0.824,131.938,4,electronic,1
0i8YObgqnjZYoYJOQbwLHq,Poshlaya Molly;Eldzhey,Дом Периньон,Дом Периньон,57,174842,True,0.731,0.734,1,-7.693,1,0.035,0.00505,1.25e-05,0.404,0.751,124.957,4,electronic,1
1Y3yJHrBkkfj3GZKv1MVhF,WhoMadeWho,Abu Simbel,Abu Simbel,58,226652,False,0.443,0.705,0,-8.673,0,0.0335,0.0166,0.797,0.179,0.073,117.991,4,electronic,1
19Ww94Uzf6DTXzRkRUQ3XA,Mick Gordon,Doom (Original Game Soundtrack),"Rust, Dust & Guts",56,461854,False,0.507,0.612,2,-9.261,1,0.0952,0.0925,0.813,0.223,0.121,149.03,4,electronic,1
4UuU09cu4UXl2yqq44V7Nm,TroyBoi,Left Is Right,O.G,31,219000,False,0.7,0.681,11,-4.277,1,0.0364,0.0542,0.432,0.626,0.622,134.008,4,electronic,1
4WXr5SejS13AoJ8NmcYACJ,Space Motion,Asia,Asia,38,451750,False,0.764,0.873,10,-7.985,0,0.0466,0.000117,0.744,0.615,0.169,124.025,4,electronic,1
3qgtGhoCutbBX73cd6ArCW,DJ Snake;Eptic,Carte Blanche,SouthSide (feat. Eptic),46,252800,False,0.571,0.94,1,-3.637,1,0.0883,0.0114,0.0128,0.572,0.555,149.959,4,electronic,1
0tCdKWakn9sA3forNMxzdV,Lanek;Solar,EXTRAVAGANZA,GŁOŚNO JAK STU,35,163813,True,0.838,0.699,1,-6.204,1,0.227,0.267,0.0,0.238,0.862,114.999,4,electronic,1
5MfZ6zi6gfuCDoKk8BBoTp,Poshlaya Molly,Грустная девчонка с глазами как у собаки,Буду твоим песиком,47,196340,True,0.536,0.861,5,-4.128,1,0.155,0.0236,2.41e-05,0.122,0.482,170.017,4,electronic,1
2Qp7cyAZZ7cEO7DHGO0VAJ,Miranda!,"El Templo del Pop, Vol. 2",Mas de Lo Que Te Imaginas,41,201642,False,0.647,0.744,6,-5.468,0,0.0544,0.0838,0.0,0.211,0.808,95.0,4,electronic,1
7yi3uhXXumZJzwRiP38QMO,TroyBoi;Tropkillaz,"V!BEZ, Vol. 4",Corneta,37,171940,False,0.811,0.636,8,-5.143,1,0.048,0.0635,0.815,0.629,0.917,134.028,4,electronic,1
5t1vLfAHUps4EE4gHrGulu,Babasónicos,Infame,Suturno,42,233839,False,0.716,0.792,0,-8.774,1,0.0324,0.179,0.0125,0.362,0.773,107.023,4,electronic,1
2brgW2rPRbY5Zn0aU2USgc,Fabian Mazur;Kazu,RISE,Pop Off,50,160874,True,0.709,0.747,10,-4.705,0,0.347,0.0172,2.06e-05,0.131,0.573,140.024,4,electronic,1
4EweZdJGV0nKkuhBO5jJoO,Juicy M;Willy Van Florence;Amyss,Pump This,Pump This,62,161484,False,0.73,0.935,11,-8.25,1,0.0615,0.0124,0.754,0.366,0.491,128.013,4,electronic,1
0iANTai9oZfdFzmrGnMQ3Y,Space Motion;Stylo,Dreamers,Dreamers,48,403902,False,0.805,0.886,6,-8.129,0,0.0685,0.000313,0.877,0.0673,0.272,122.995,4,electronic,1
4NKRjU7Sz9kbw8nDFUjaKW,Alex & Daniel,Alex & Daniel,Mundo Real,35,260226,False,0.716,0.701,9,-5.7,0,0.033,0.119,7.68e-05,0.361,0.927,104.018,4,electronic,1
3lDyGOF6PU4jXJIlbEkHR5,ZOH,Yaad,Yaad,29,165423,False,0.603,0.322,3,-14.419,0,0.328,0.0969,0.00929,0.0858,0.377,176.966,4,electronic,1
5ZqNz8GXWpkb95f7aVxTA0,The All-American Rejects,Move Along,It Ends Tonight,58,244826,False,0.454,0.631,0,-4.733,1,0.0268,0.00233,0.0,0.177,0.313,87.888,4,punk-rock,1
2suYa6nliwLWFZAIeB0kde,Charly García,García 87/93,Filosofía Barata y Zapatos de Goma,40,235040,False,0.588,0.452,9,-14.248,0,0.0325,0.0961,0.0377,0.0797,0.211,100.189,4,punk-rock,1
2cMPBRVDmZL48phGwYWXPE,Sektor Gaza,Нажми на Газ,Лирика,51,260266,True,0.539,0.478,4,-10.641,0,0.0574,0.0661,3.11e-06,0.14,0.386,149.108,4,punk-rock,1
25z70HJi9kaLM7inY1qiRe,Superman Is Dead,Black Market Love,Kita VS Mereka,36,210760,False,0.457,0.98,2,-5.919,1,0.104,0.00183,0.0,0.354,0.463,129.932,4,punk-rock,1
3iqYQt3wKwFXIx6Kp54uW9,Matanza,A Arte do Insulto,Sabendo Que Posso Morrer,36,138320,False,0.366,0.963,2,-3.967,1,0.0685,0.000251,8.37e-05,0.244,0.749,175.905,4,punk-rock,1
1TyzAag3Pjh9D3eslUjuSX,Last Child,Our Biggest Thing Ever,Rindumu Disana,50,194430,False,0.502,0.925,4,-4.319,1,0.0529,0.00197,0.0,0.302,0.646,80.02,4,punk-rock,1
4D6OlZ47aLApvEF9Hc5yAy,boom boom kid,Smiles from Chapanoland,Perfume de Vos,35,92013,False,0.583,0.823,2,-3.28,1,0.0359,0.00251,0.0,0.081,0.828,102.983,4,punk-rock,1
3ZdGKlRg1491PKPFkAEBph,Rantanplan,Köpfer,Unbekanntes Pferd,37,142746,False,0.633,0.879,0,-6.047,1,0.0481,0.0758,0.000658,0.332,0.681,125.038,4,punk-rock,1
3eHYnUFpEZjnTQag1EVxHC,You Me At Six,Night People,Take on the World,40,271306,False,0.559,0.532,2,-6.461,1,0.0302,0.157,4.28e-06,0.0927,0.11,104.02,4,punk-rock,1
1ARMzxkdm9zZVADKViuYS9,Jauría,Jauría,Morgue Corazón,35,188093,False,0.569,0.908,0,-3.612,1,0.0441,0.0924,0.0,0.0532,0.795,126.048,4,punk-rock,1
7aaux2JDvWvdUfrEZTmWEA,Flema,"El Exceso Y / O Abuso de Drogas y Alcohol Es Perjudicial para Tu Salud... ¡cuídate, Nadie Lo Hará por Vos!",El Linyera,37,115626,False,0.44,0.953,2,-4.405,1,0.0545,0.00176,5.17e-06,0.291,0.806,112.999,3,punk-rock,1
4w1KvmhzAlFP9kVd2Oj6TZ,WANIMA,Can Not Behaved!!,雨あがり,34,114133,False,0.439,0.879,6,-2.763,1,0.104,0.00223,0.0,0.344,0.808,113.759,4,punk-rock,1
4qDSaWPRtxqc6fsxL4qn7C,Wohnout,Našim klientům,Hledáme zpěváka,38,251280,False,0.614,0.891,6,-5.98,0,0.0522,0.0392,0.0,0.088,0.329,104.012,4,punk-rock,1
0SDWa22lSLNpGnr5bF3f2z,The Minds Of 99,Infinity Action,Brev Fra En Forræder,37,243306,False,0.513,0.91,9,-4.411,0,0.0429,0.000104,0.0591,0.125,0.264,138.948,4,punk-rock,1
48b3btPS19LeSIgOsA8q2c,Misfits,Halloween Spooky Party 2022,Halloween - Master Sound Productions 1980,0,106666,False,0.418,0.845,0,-12.182,1,0.0415,0.572,0.144,0.115,0.202,113.794,3,punk-rock,1
7dkZMguZGB1L67Me5p4UYq,Árbol,Hormigas,Soy Vos,35,188933,False,0.555,0.904,0,-3.621,1,0.0377,0.00716,0.0,0.0924,0.624,166.024,4,punk-rock,1
3Z7amA2hdlxrNRTHTKFXiU,Luis Alberto Spinetta;Fito Paez,Spinetta y Las Bandas Eternas,Las Cosas Tienen Movimiento (En Vivo Estadio Vélez Sarsfield) (feat. Fito Paez),35,274520,False,0.57,0.696,2,-7.735,1,0.0262,0.273,2.51e-06,0.177,0.67,103.51,4,punk-rock,1
4dCrW7sO0ZaFTziu4ZwCAu,Los Ex,Caída Libre,Sacar la Basura,35,162200,False,0.617,0.948,11,-4.069,0,0.085,0.208,0.0,0.865,0.467,114.689,4,punk-rock,1
5SvqT6j5oewVF5PzTh3azs,Kamikazee,Kamikazee,Sana Kahit Minsan,36,218613,False,0.361,0.93,0,-4.847,1,0.0584,0.16,0.0,0.141,0.548,102.623,4,punk-rock,1
30wOsGGJ89E6LJkvVJKpSm,Oslo Ess,"Verden På Nakken, Venner I Ryggen",Bislett Stadion,37,167746,True,0.451,0.984,2,-1.386,1,0.09,0.00137,0.0,0.416,0.669,160.029,4,punk-rock,1
1PyYXTsEAF4kvYqoY68noG,Kamikazee,Kamikazee - Their Greatest Hits,Doo Bi Doo,37,243773,False,0.496,0.958,2,-2.092,1,0.0749,0.00562,1.44e-06,0.13,0.716,147.648,4,punk-rock,1
6A4cQ6n7R5Kws0Gsan7gCF,Dashboard Confessional,The Best Ones of the Best Ones,Stolen,38,233360,False,0.445,0.638,8,-5.024,1,0.0273,0.00117,0.0528,0.105,0.15,174.045,4,punk-rock,1
61DEN6O4izMgXBW28CQRIc,Allison,Todo Está Encendido,Vives en Mí,37,233622,False,0.511,0.906,7,-3.983,0,0.0502,0.00651,0.0,0.088,0.293,152.087,4,punk-rock,1
2Rmw7J0krEU75ffhkaK93D,Waterparks,FANDOM,I Miss Having Sex But At Least I Don't Wanna Die Anymore,66,133351,False,0.582,0.81,5,-4.104,0,0.106,0.0763,0.0,0.351,0.874,73.954,4,punk-rock,1
2iqA5Na5vlo0bnZUf8KT1N,LCD Soundsystem,new body rhumba (from the film White Noise),new body rhumba (from the film White Noise),61,443853,False,0.707,0.931,2,-5.463,1,0.0545,0.0933,0.00267,0.153,0.702,136.822,4,punk-rock,1
3utVUgoEYWiN92ZExQWJjO,Catupecu Machu,Breviario De Anomalías,Para Vestirte Hoy,48,242186,False,0.53,0.908,9,-4.648,0,0.244,0.0242,3.69e-06,0.0854,0.145,180.016,4,punk-rock,1
6yOr6vYhgHmYjhrmmlfd6s,Rybičky 48,Jdi domů Ivane,Jdi domů Ivane,35,185855,False,0.477,0.798,0,-4.41,1,0.0337,0.00357,0.0,0.0745,0.658,131.976,4,punk-rock,1
4g3alZ0okNvZiOWW4pGUpw,Yeah Yeah Yeahs,Cool It Down,Wolf,64,253026,False,0.576,0.812,4,-5.035,0,0.0505,0.0108,0.00241,0.116,0.32,109.033,4,punk-rock,1
04iuSHmvoB24V4z25Bmt12,Rogers,Nichts zu verlieren,Vergiss nie,35,218106,False,0.543,0.964,1,-2.688,1,0.0594,0.000466,0.0,0.307,0.465,130.053,4,punk-rock,1
1Q3t9fWvHUXKsMmpD2XpUu,Cage The Elephant,Tell Me I'm Pretty,Cold Cold Cold,69,214386,False,0.549,0.789,5,-6.071,1,0.0313,0.0178,6.7e-05,0.059,0.715,136.125,4,punk-rock,1
6BrMEbPSSj55nQhkgf6DnE,The Smiths,Hatful of Hollow,"Please, Please, Please, Let Me Get What I Want - 2011 Remaster",70,112706,False,0.241,0.468,2,-9.579,1,0.0272,0.534,0.0,0.161,0.451,91.581,3,punk-rock,1
10LC9o0unUvjoSaMDsPOP9,Rybičky 48,Jedeme dál,"Tyvole, já budu táta",35,223530,False,0.755,0.603,7,-5.473,1,0.0389,0.0134,0.0,0.0837,0.875,115.028,4,punk-rock,1
3TueOW6lAP9mAcRsdcRMsw,Die Toten Hosen,Alles aus Liebe: 40 Jahre Die Toten Hosen,Tage wie diese,37,268426,False,0.67,0.696,7,-4.935,1,0.0294,0.0857,8.09e-05,0.0939,0.312,97.021,4,punk-rock,1
6lGHC5DviOoqAO1pkBOXG2,Cachorro Grande,Fundamental - Cachorro Grande,Que Loucura! (Versão Acústica),38,214000,False,0.598,0.877,7,-4.381,1,0.027,0.207,0.00572,0.811,0.695,127.79,4,punk-rock,1
7hLEv2fl2VvN51Xpm2xu9P,Rocket Rockers,Tons of Friends,Reuni,41,209786,False,0.586,0.914,8,-2.684,1,0.066,0.135,0.0,0.299,0.696,127.999,4,punk-rock,1
2sFBiCSUNc3ptKrCR8JABx,ASIAN KUNG-FU GENERATION,BEST HIT AKG 2 (2012-2018),ブラッドサーキュレーター,57,222826,False,0.372,0.975,0,-2.856,1,0.126,0.0493,0.0,0.331,0.3,181.017,4,punk-rock,1
2UivQh2IhQJ916OPqxptcz,Árbol;Natalie Perez,Pequeños Sueños (Feat. Natalie Perez),Pequeños Sueños (Feat. Natalie Perez),35,230933,False,0.444,0.928,4,-4.751,1,0.0502,0.000834,0.000232,0.353,0.814,164.009,4,punk-rock,1
0K6YetKSOrm4HPP1kBxtuX,Dia Psalma,Efter Allt,Luft,36,217040,False,0.56,0.839,0,-7.185,0,0.0418,0.0377,5.67e-06,0.0907,0.499,105.79,4,punk-rock,1
5xIDg8xHcFzR6PhXgYrntP,Camisa de Vênus,Quem É Você?,O Ponteiro Tá Subindo,37,250360,False,0.36,0.966,1,-5.586,0,0.0792,0.00157,0.0,0.135,0.735,170.511,4,punk-rock,1
6KxhnLR6OlcieIudHZqL2V,Charly García,Unplugged,No Soy Un Extraño - Live,37,262533,False,0.365,0.402,9,-13.435,0,0.112,0.668,0.00635,0.0915,0.465,204.85,4,punk-rock,1
5i2nKUFAZ15cim9rMC4YSt,Beddy Rays,Beddy Rays,Week On Repeat,37,146953,True,0.245,0.927,11,-3.01,0,0.105,5.31e-05,0.0,0.14,0.427,181.244,4,punk-rock,1
2MJGIie6rHtECQnhbFdnX7,2 minutos,Amor en Pandemia,Amor en Pandemia,38,167115,False,0.527,0.978,4,-4.338,1,0.0772,0.000206,1.03e-05,0.336,0.473,102.538,4,punk-rock,1
4jhkuOagD7rRO3xglGtcpJ,Die Toten Hosen,Alles aus Liebe: 40 Jahre Die Toten Hosen,Du lebst nur einmal,36,129933,False,0.483,0.911,11,-3.174,0,0.0438,0.00144,2.17e-06,0.423,0.684,109.966,4,punk-rock,1
2pHU8MnJRkDOLqQBgoyOE5,Skay Beilinson,Talismán,Flores Secas,42,231800,False,0.614,0.839,9,-6.931,1,0.0412,0.0027,0.000107,0.0942,0.5,149.995,4,punk-rock,1
1LwP9g1Hjbs64jXM2Qsxry,The Jesus and Mary Chain,Psychocandy (Expanded Version),Just Like Honey,61,182493,False,0.341,0.552,8,-10.503,1,0.0423,8.02e-05,0.616,0.0591,0.486,121.361,4,punk-rock,1
298zUartEzyZ4BuOA8psBX,Die Toten Hosen,Alles aus Liebe: 40 Jahre Die Toten Hosen,Das ist der Moment,37,180866,False,0.602,0.742,11,-4.148,1,0.0318,0.035,0.0,0.133,0.605,130.018,4,punk-rock,1
2074PxLJhsulJcP0ivfUSj,Charly García,Random,Ella Es Tan Kubrick,38,181413,False,0.765,0.924,9,-5.579,1,0.0313,0.121,0.0,0.315,0.918,121.985,4,punk-rock,1
2KEcn30wWIDaKF2N8m3OVB,Dibob,A Ópera do Cafajeste,Bang-Bang,34,155373,False,0.603,0.907,9,-4.169,1,0.0275,0.0025,1.77e-05,0.282,0.964,141.909,4,punk-rock,1
3PZut6IxVN6OBwVxkZGgqc,Set It Off,Slowed + Reverbed: Chill,Skeleton - Slowed & Reverb,1,238488,False,0.425,0.749,0,-4.935,1,0.0663,0.00459,0.0,0.497,0.261,133.913,4,punk-rock,1
42BjzNietXvjfffo3P3kCH,INSITE,Una Vida No Es Suficiente,Preguntas Si Te Amé,38,207866,False,0.43,0.923,8,-5.298,1,0.0752,0.0246,0.0,0.0609,0.368,90.008,4,punk-rock,1
4pFC6tuWErxbO61oFFq3BQ,Cannibal Corpse,Tomb Of The Mutilated,Hammer Smashed Face,59,242760,True,0.357,0.98,6,-6.835,1,0.079,5.22e-05,0.843,0.0768,0.368,96.969,4,death-metal,1
6nJw9aueBn7zF2WuLns3Wp,Hail Of Bullets,Of Frost And War,Ordered Eastward,20,282893,False,0.216,0.986,6,-4.2,1,0.117,1.21e-05,0.329,0.669,0.142,113.09,4,death-metal,1
6i7s8dpwHLZdDYSzulYmWq,Bleed From Within,Fracture,Into Nothing,43,282426,False,0.461,0.959,6,-6.447,1,0.0701,0.000694,5.29e-06,0.0448,0.362,100.512,4,death-metal,1
4MVJvkKhoeLPH3BcssmVpC,Strapping Young Lad,Alien,Love?,50,293346,True,0.412,0.964,6,-7.557,0,0.169,1.84e-06,0.146,0.502,0.232,142.536,3,death-metal,1
2dBTnT6T47pNHeXngkr2Vj,Gojira,From Mars to Sirius,Where Dragons Dwell,46,414106,False,0.201,0.936,2,-2.976,1,0.0769,9.72e-06,0.00759,0.0834,0.125,89.014,4,death-metal,1
5e0OSsSpWpQ2kS7Z9CGLDu,Gojira,The way of all flesh,Toxic garbage island,55,246680,False,0.238,0.98,8,-3.855,1,0.165,4e-06,0.169,0.234,0.13,185.3,5,death-metal,1
2hh0DDX5PQH8xvS02VHSbP,DeadSquad,Catharsis,Augmented Devastation,25,163905,False,0.26,0.956,8,-3.577,1,0.191,6.4e-05,0.716,0.0828,0.104,130.582,3,death-metal,1
2zjkKyEsdA0L7MP0D5BaoE,King Diamond,Conspiracy,Amon Belongs to Them,26,231506,False,0.383,0.836,7,-13.16,1,0.0341,0.00744,0.699,0.422,0.494,100.14,4,death-metal,1
6us7QqYJGMGZqej8dKCFGC,Bury Your Dead,Cover Your Tracks,Mission: Impossible,21,162973,True,0.307,0.976,2,-3.552,0,0.279,3.28e-05,0.0106,0.311,0.488,83.527,4,death-metal,1
4ylxKRcYu4T6eKxBhjfNYN,Nervosa;Guilherme Miranda,Perpetual Chaos,Until the Very End (feat. Guilherme Miranda),22,198396,False,0.403,0.903,2,-7.351,1,0.0481,3.55e-05,0.000393,0.388,0.151,179.994,4,death-metal,1
2Opl36RP0zmaF74JF6jnN4,In Element,Lyra,Melancholia,36,314645,False,0.541,0.98,8,-7.105,1,0.188,8.65e-06,0.00144,0.334,0.151,127.002,4,death-metal,1
3XGLqpO5DxvDL5CD2DFAd8,Mercyful Fate,The Beginning,Black Masses,23,271106,False,0.233,0.832,2,-11.024,1,0.0804,5.1e-05,0.581,0.215,0.416,90.584,4,death-metal,1
5NdRqesKg7UbaUh2luRfID,Black Pantera,Ascensão,Padrão É o Caralho,28,188902,True,0.333,0.994,1,-4.628,1,0.164,0.00637,0.0,0.639,0.2,162.721,4,death-metal,1
3z1PkRAvO0Vhdz7d6epug3,Slaughter to Prevail,Kostolom,Made In Russia,48,235000,True,0.513,0.991,0,-0.946,1,0.132,0.00185,0.00566,0.288,0.315,155.001,4,death-metal,1
5vLqzeCHnOq5eRbVnZfadj,Evil Darkness,Dark Blasting Tongue,Endless Hate,24,121266,True,0.426,0.922,5,-9.184,0,0.0979,0.012,0.912,0.262,0.343,145.26,4,death-metal,1
2bBUHwOa8alimc1TiXg1oY,Amon Amarth,Surtur Rising,War of the Gods,51,273253,False,0.434,0.994,11,-5.108,0,0.0836,3.44e-05,0.0293,0.254,0.15,95.171,4,death-metal,1
0f6d8jwE07vcYCypcCFM1D,Gatecreeper,Sonoran Depravation,Rotting as One,25,147785,False,0.459,0.875,4,-6.33,0,0.0413,1.08e-06,0.633,0.661,0.23,112.977,4,death-metal,1
7qnI3niczqy9NE4ovmxk4O,For Today,Breaker,Arm the Masses,25,185760,False,0.342,0.896,8,-4.568,1,0.157,0.00285,0.0,0.297,0.426,138.635,4,death-metal,1
2AMZaU5phq8VPf0UTkA1IA,Verjnuarmu,Pimmeyvven Ruhtinas,Lentävä Kalakukko,28,148960,False,0.41,0.972,0,-3.484,1,0.127,0.000554,0.0877,0.0956,0.461,175.052,4,death-metal,1
45eGeRq5VjhY6RTN1TOefI,Arch Enemy,War Eternal,You Will Know My Name,51,277320,False,0.35,0.947,11,-5.126,0,0.0749,0.000137,0.0196,0.128,0.104,137.137,4,death-metal,1
0ULM5GqBeiYQTOdCUa9NvT,Disarmonia Mundi,Fragments Of D-Generation,Common State of Inner Violence,22,319026,False,0.433,0.972,7,-2.534,1,0.104,5.72e-05,0.908,0.568,0.0911,135.002,4,death-metal,1
4db68Sbkp5DydcmUAJgNvs,Gideon;Drew York,Out of Control,2 CLOSE (feat. Drew York),28,222823,True,0.587,0.959,5,-3.304,0,0.0692,0.000136,0.0578,0.67,0.446,97.531,4,death-metal,1
4Ihne9UM7pbwc9tDN2u5LX,Goretrade,Mistaken Conception (Special Edition 2cd),Rejecting the Lies,31,210000,False,0.486,0.987,7,-5.992,1,0.141,0.0261,0.0254,0.206,0.202,156.015,4,death-metal,1
2b21akodxJLpN0nbxVC5B6,Burgerkill,Adamantine,Pledge to Fight,24,260081,True,0.525,0.981,8,-6.28,1,0.0802,0.000216,0.023,0.292,0.285,119.987,4,death-metal,1
1EMBgcGpNuHx1vmjTKxDdb,For Today,Wake,Flooded Earth,23,294800,False,0.405,0.87,3,-6.04,0,0.0791,0.00535,0.0,0.122,0.0694,142.842,4,death-metal,1
6HwJqelkpBmZrgheR9TMZz,Brujeria,Raza Odiada,Almas De Venta,25,131493,False,0.239,0.98,1,-8.176,1,0.164,0.000363,0.00103,0.319,0.139,95.544,4,death-metal,1
1KmeyQfVjX1odybN9aEfWt,Eluveitie,Slania,Inis Mona,54,249240,False,0.43,0.991,2,-2.837,0,0.0916,0.000343,0.00249,0.416,0.276,107.031,4,death-metal,1
11BisV6JO8xtjuEU5M0vyp,Traitors,Mental State,My Regrets,23,188009,True,0.443,0.991,4,-4.705,1,0.104,0.000441,0.407,0.84,0.0685,90.009,4,death-metal,1
6d62mNVDWHAjynJgEjDGNK,Traitors,Mental State,Mental State,21,182666,True,0.354,0.979,4,-4.907,1,0.139,0.000191,0.288,0.7,0.0908,180.052,4,death-metal,1
5b7som9kQOiKJayR1XSDwc,Transmetal,México Bárbaro,México Bárbaro,34,322571,False,0.271,0.942,8,-8.033,1,0.0757,0.00134,0.0999,0.0928,0.182,73.107,4,death-metal,1
6GouRVZ275NAcveDfHW8Z1,The Contortionist,Early Grave,Early Grave,43,231220,False,0.202,0.827,7,-5.838,0,0.0892,0.00148,0.00556,0.0781,0.363,153.247,3,death-metal,1
3WB0vRk7rbcT5ZCySPFtEa,In Element,Victory Or Defeat,Fear Is The Virus,39,190180,True,0.395,0.84,1,-9.532,1,0.0651,0.000785,4.92e-05,0.316,0.123,176.838,4,death-metal,1
4xnWSfISchdKnY5OPJcbNu,Amon Amarth,The Crusher,The Sound Of Eight Hooves,23,290320,False,0.322,0.968,1,-4.983,0,0.0864,1.03e-06,0.765,0.308,0.0366,130.273,4,death-metal,1
7uQF7RMPg9ffIRYIFdDsAJ,The Black Dahlia Murder,Miasma,Novelty Crosses,29,231626,False,0.282,0.989,7,-4.899,1,0.0887,2.89e-05,0.00292,0.392,0.104,105.285,4,death-metal,1
4ps1FV7eEM3WE9JzqwQn0s,Mercyful Fate,Return of the Vampire,Burning the Cross,23,527466,False,0.23,0.842,4,-9.015,0,0.048,0.0177,0.623,0.196,0.549,142.633,4,death-metal,1
6su05Opbkr652VWBI8Vphr,Amon Amarth,Versus The World,Sorrow Throughout The Nine Worlds,20,231040,False,0.086,0.95,1,-3.525,1,0.0951,3.43e-06,0.938,0.329,0.0658,85.723,4,death-metal,1
2JTzKFdvECD4qBh9JxLGzf,Surra,Tamo Muito Na Merda,Daqui Pra Pior,25,114640,True,0.401,0.996,10,-3.7,0,0.146,0.0021,2.46e-06,0.303,0.324,105.667,4,death-metal,1
03Lx9vXoAga9Na7dNc4JaB,Bodysnatcher,This Heavy Void,Disappear,22,178025,True,0.436,0.91,10,-4.872,0,0.151,0.000139,0.029,0.185,0.168,154.744,4,death-metal,1
1E0yt5XSdjE9NOu897RilW,Slayer,Seasons In The Abyss,War Ensemble,56,291733,False,0.332,0.988,8,-4.111,1,0.146,7.65e-05,0.0126,0.055,0.097,98.878,4,death-metal,1
5aIjMoNIRhwNychOb2lC7k,Amorphis,Silent Waters,A Servant,21,235026,False,0.12,0.906,0,-4.106,0,0.0793,4.49e-06,0.865,0.169,0.134,148.948,4,death-metal,1
57tCkY0YC8dGKOddSmbap0,The Acacia Strain,The Dead Walk,Burnface,23,153653,False,0.439,0.989,1,-4.51,0,0.182,0.000335,0.006,0.347,0.0899,133.971,4,death-metal,1
5a5KUKRF23eNYiO2I6FvcH,Surra,Bica na Cara,Pau no Cu do Capitalismo em Posições Obscenas / Sou o Mesmo Fxdxp,23,58586,True,0.322,0.998,9,-1.845,1,0.239,0.126,0.00196,0.263,0.237,118.883,4,death-metal,1
3NHMcWKPWJrBgbrHFtOoXK,Darko US,Oni,Infinite Beauty,48,198421,False,0.445,0.927,9,-6.536,1,0.0604,0.00127,0.297,0.0997,0.0786,92.997,3,death-metal,1
6wnv8gnS1WTeDbuyOXCA8V,Within The Ruins,Elite,Terminal,23,69040,False,0.544,0.986,10,-5.769,0,0.136,0.00472,0.562,0.399,0.183,120.103,4,death-metal,1
3pfXm5KP8KZGsYSJfLT5Vk,The Haunted,The Dead Eye (Deluxe Edition),The Prosecution,21,229426,False,0.253,0.961,1,-4.657,1,0.154,3.31e-05,9.6e-06,0.378,0.167,110.66,4,death-metal,1
0vpLgxoX2cpJM0Fvxwbw84,Meshuggah,Chaosphere (Reloaded),New Millennium Cyanide Christ,48,335666,False,0.269,0.964,10,-5.182,0,0.143,0.000241,0.00211,0.131,0.159,149.86,4,death-metal,1
5OUX226qilywbGuhAGjrap,For Today,Portraits,Immanuel (The Challenger),22,45613,False,0.331,0.584,2,-7.418,1,0.0782,0.000411,0.775,0.0616,0.56,67.96,4,death-metal,1
5SUo6ChCPerCYAItZiaH20,Frozen Soul,Crypt Of Ice,Faceless Enemy,21,213516,False,0.231,0.977,6,-7.064,1,0.0876,1.86e-06,0.937,0.0786,0.226,135.538,4,death-metal,1
6ptIxIDLyhSizHXT84IyOs,In Element,Lyra,Adagio for Strings,36,217845,False,0.379,0.926,10,-9.116,0,0.123,0.00102,0.883,0.0877,0.0402,195.056,3,death-metal,1
5Ui5PfcyH8TpeC1tHCXJ2I,Cavalera Conspiracy,Inflikted (Special Edition),Hearts of Darkness,22,269640,False,0.311,0.864,2,-5.515,1,0.149,0.000217,0.0381,0.247,0.336,104.381,4,death-metal,1
7mHo0jvPEEEKnDVs6xMIz9,Mushroomhead,A Wonderful Life,Where the End Begins,24,438047,False,0.533,0.462,7,-7.012,1,0.0251,0.267,0.078,0.146,0.0397,81.993,4,industrial,1
1FPgFCP8ERfeqTFFWcAnx5,Pigface,The Best Of Pigface,Asphole,25,301746,False,0.677,0.926,6,-8.585,0,0.0945,0.0116,4.61e-05,0.846,0.385,100.027,4,industrial,1
5aAr5Y5wXiUMHVEtvaCXkt,Helmet,Size Matters,Crashing Foreign Cars,48,151120,False,0.533,0.965,5,-3.371,0,0.084,9.88e-05,0.0,0.247,0.34,94.88,4,industrial,1
2hqOwN9lLAoqNp6qc1ez4d,Static-X,Cult of Static,Skinned,22,213933,True,0.577,0.987,10,-3.954,0,0.0742,0.000158,6.02e-05,0.0712,0.448,141.964,4,industrial,1
0D8HILLHMWF5dpopgOW3w8,ohGr,Undeveloped,pissage,19,227040,False,0.409,0.602,7,-10.658,1,0.0498,0.000304,0.261,0.211,0.214,182.101,4,industrial,1
19T79JA6PgqCbYOYZ3e1bV,Emigrate;Benjamin Kowalewicz,A Million Degrees,1234,55,202907,False,0.558,0.953,7,-4.705,1,0.0288,5.32e-05,0.000375,0.062,0.75,95.0,4,industrial,1
6v81cJgm4E5zfI0ftDovAt,Rabbit Junk,Xenospheres,Prismatic (Remastered),20,255800,False,0.404,0.962,2,-3.308,1,0.0774,0.000647,0.000178,0.0924,0.409,150.028,4,industrial,1
7G3X5j8V4d9kcdmC4t7rN1,Blaqk Audio,CexCells,Bitter For Sweet,21,369800,False,0.586,0.865,9,-5.987,0,0.0588,0.361,0.000464,0.0919,0.148,120.0,4,industrial,1
2zH45EL665vY1rWcPeS07p,Psychostick,Do,Socks & Sandals (Pajama Pants),23,199573,True,0.682,0.858,1,-5.335,1,0.191,0.00252,3.44e-05,0.203,0.837,131.593,4,industrial,1
6TZ9bryRYVFYrvmEtzAvDu,Mudvayne,"By The People, For The People",Dull Boy,31,255320,False,0.598,0.953,2,-4.487,0,0.193,0.00148,2.3e-06,0.23,0.312,142.97,4,industrial,1
2YnvR7uhlWpPdYUn1eR25y,Element Eighty,Element Eighty,Broken Promises,57,197933,False,0.446,0.947,1,-2.983,0,0.1,0.00487,1.38e-05,0.0385,0.653,173.625,4,industrial,1
21T9lWigjSIMg9uD6ZfRnQ,Killing Joke,Night Time,Eighties - 2007 Digital Remaster,57,239280,False,0.393,0.964,3,-8.838,1,0.144,0.000735,0.0196,0.34,0.352,151.898,4,industrial,1
4UZrgF64afCAFaCyFbentt,Soulfly,Prophecy,Execution Style,21,138586,False,0.266,0.972,6,-4.065,0,0.108,1.82e-05,0.066,0.347,0.336,158.53,4,industrial,1
5pkLSTZeL9zbvaaq5Cw6XX,VNV Nation,Automatic,Streamline,20,366253,False,0.674,0.823,11,-9.032,0,0.0406,0.0106,0.193,0.0772,0.674,133.019,4,industrial,1
5L6AODGmQNfTRZMzrDj57g,CKY,Carver City,...And She Never Returned,24,212000,False,0.417,0.979,2,-3.737,0,0.0766,4.44e-06,0.0642,0.103,0.422,112.223,4,industrial,1
08U5R2Tvg5YBSF1XKeaBCQ,Skinny Puppy,Cleanse Fold And Manipulate,First Aid,21,269426,False,0.639,0.694,8,-15.096,1,0.0379,0.00035,0.00132,0.152,0.276,97.96,4,industrial,1
1r48f7NjRH3svaVNDWfHu7,DYEN,Just a Feeling.,Just a Feeling.,22,473261,False,0.551,0.991,7,-4.164,1,0.164,5.54e-05,0.811,0.388,0.103,142.019,4,industrial,1
1E0xltsjt8HmMssCQfe5lI,Mudvayne,The End Of All Things To Come,Shadow of a Man,27,234200,False,0.397,0.93,1,-4.482,1,0.171,0.000268,0.166,0.0919,0.672,112.581,4,industrial,1
6w2JayI9T7PMXOYlHkTXA7,Spineshank,Freddy vs. Jason (Soundtrack),Beginning of the End - Soundtrack Version,28,212053,False,0.58,0.916,6,-4.12,1,0.0447,1.4e-05,0.00633,0.0859,0.628,124.784,4,industrial,1
55Ilqi0tkzElAOqDPixuDU,Nine Inch Nails,The Fragile,Into The Void,51,289306,False,0.712,0.796,8,-5.926,1,0.0435,0.145,0.0475,0.076,0.361,93.046,4,industrial,1
3798RuPr6lWAfWZFBtBsQs,Psychostick,Do,Introvert Party Time,26,213733,True,0.605,0.865,1,-6.71,1,0.262,0.00407,0.000261,0.958,0.785,125.411,4,industrial,1
29AkgjitYoZnCi5VAuFsRE,Apoptygma Berzerk;Claudia Brücken,Harmonizer - Deluxe Bonus Track Edition (Remastered),Unicorn (Duet Version),22,254893,False,0.653,0.945,6,-6.84,1,0.046,0.0414,0.0385,0.0772,0.82,125.994,4,industrial,1
6emFSnI7s0EH1khjaNz2Y4,Celldweller,Celldweller (Deluxe Edition),One Good Reason,49,232986,False,0.433,0.941,1,-5.715,1,0.123,0.000148,0.000354,0.282,0.42,100.24,4,industrial,1
4uZvF7QQM4zSc7yYpbpU2a,:Wumpscut:,Bunkertor 7,Die in Winter,20,281493,False,0.533,0.778,1,-7.344,1,0.0321,0.0125,0.683,0.649,0.286,100.002,3,industrial,1
3T7hcWKrSzMOTJiYne8nxY,Numb,Intermission,Intermission,24,425108,False,0.504,0.34,9,-14.216,1,0.0402,0.045,0.906,0.0844,0.0741,75.993,4,industrial,1
75H9Wv8FckOQduHT52nCmY,Hocico,Memorias Atrás,The Shape of Things to Come,22,363560,False,0.47,0.947,10,-8.48,0,0.0426,0.00606,0.241,0.114,0.218,115.996,4,industrial,1
3ZEJ9Km0dHJee9CJPmP1v4,Damageplan,Groove Metal Roots & Branches,New Found Power,0,205000,False,0.304,0.976,6,-4.925,1,0.175,6.99e-05,0.494,0.119,0.658,126.917,3,industrial,1
2gYWdJnFmJGTa5ic1ALDSu,Centhron,Asgard,Slutbutt,29,217120,False,0.573,0.988,8,-3.279,1,0.0631,0.0051,0.411,0.117,0.556,139.985,4,industrial,1
1eB3hFkoBZHMWrCvJk6MoW,VNV Nation,Automatic,Space & Time,30,292493,False,0.517,0.794,6,-5.915,0,0.0312,7.46e-05,4.15e-05,0.149,0.706,126.999,4,industrial,1
4o3Y1dG8wpRoWGElJBdYVY,Hocico,The Spell of the Spider (Deluxe Edition) [Remastered],Poltergeist,23,337800,True,0.545,0.991,0,-5.587,1,0.0519,0.0216,0.0202,0.282,0.533,146.064,4,industrial,1
5rns75KCEWpNyglmJ5MxAO,Dope,Group Therapy,So Low,21,194613,False,0.568,0.977,4,-3.924,0,0.0892,0.000622,0.734,0.138,0.412,151.878,4,industrial,1
66I3MPPb1iMGgKVNTZOGc7,Soil,Scream: The Essentials,Unreal,53,198306,True,0.518,0.838,6,-6.125,1,0.0509,0.000592,9.26e-05,0.324,0.324,99.006,4,industrial,1
3Ye7vnZdrO2Gq5IyyH3cOp,Rammstein,Zeit,Giftig,68,188263,False,0.608,0.845,2,-4.463,1,0.0522,0.0031,0.000133,0.0904,0.508,144.959,4,industrial,1
1vCZDcHV3VaL14O01iUQVQ,Machine Head,ØF KINGDØM AND CRØWN,UNHALLØWED,56,389947,True,0.511,0.978,7,-3.867,1,0.0654,0.000185,0.000893,0.308,0.233,115.046,4,industrial,1
68nwdboKOxTm59tawAhpz0,Rob Zombie,American Made Music To Strip By,Meet The Creeper - Pink Pussy Mix,22,287066,False,0.643,0.904,1,-3.764,1,0.0378,6.21e-05,0.432,0.297,0.433,115.019,4,industrial,1
24CeaRaJHiMKFAVZTCu8Y0,Mushroomhead,XIII,Sun Doesn't Rise,61,193813,False,0.376,0.988,5,-2.375,1,0.216,8.82e-05,6.36e-05,0.346,0.507,192.153,4,industrial,1
0OSyytXWtlGrjXpeta3Idg,Mindless Self Indulgence,How I Learned to Stop Giving a Shit and Love Mindless Self Indulgence,Witness,50,196650,True,0.56,0.925,6,-3.821,0,0.0872,0.000197,0.0231,0.355,0.629,146.024,4,industrial,1
56NATwQKP7m64hFLFlKzXe,Nine Inch Nails,The Downward Spiral,March Of The Pigs,49,178493,True,0.503,0.903,2,-7.427,1,0.0527,0.0218,0.197,0.0861,0.0586,134.462,1,industrial,1
4bDDQM7keY5TP1Z8oAQQFL,Otep,The Ascension,Eet The Children,23,226253,True,0.383,0.974,10,-4.094,1,0.222,4.31e-05,0.0107,0.278,0.121,122.119,4,industrial,1
1PdHorDs2MY7Npj8VQynSn,JPEGMAFIA,Veteran,Thug Tears,50,198310,True,0.881,0.79,10,-5.768,0,0.298,0.26,0.000223,0.313,0.779,138.964,4,industrial,1
3t3hJI8Nn86EndNRtTjxhS,Taproot,Blue-Sky Research (U.S. Version),So Eager,22,239400,False,0.416,0.971,9,-3.469,0,0.0983,0.000153,0.009,0.448,0.204,87.425,4,industrial,1
3Y1TE5Robqc8DX353CYkHn,Rob Zombie,Hellbilly Deluxe 2 (Standard Explicit),Sick Bubblegum,30,224266,True,0.642,0.972,5,-3.047,0,0.0967,0.00152,2.39e-05,0.384,0.421,118.035,4,industrial,1
7hgtn706RqLE5q1mWe8aQx,Prong,Cleansing,"Snap Your Fingers, Snap Your Neck",58,251533,False,0.668,0.788,5,-6.752,1,0.0424,7.48e-05,0.108,0.0792,0.692,137.38,4,industrial,1
0sMmtnF7by7WPNeRXCam9H,Rammstein,Rammstein,Weit weg,57,260915,False,0.351,0.833,9,-5.109,1,0.0508,0.0112,0.000292,0.166,0.303,202.036,4,industrial,1
0kn3G2T5agaGeduxEkJo1h,Mudvayne,"By The People, For The People",Forget to Remember - Acoustic,24,218093,False,0.461,0.902,8,-5.628,1,0.0771,0.0101,6.38e-05,0.129,0.413,92.783,4,industrial,1
5PXyH5bb5fbVfO8LjByhBb,Death Grips,The Money Store,Hustle Bones,51,192360,True,0.6,0.982,4,-2.996,0,0.201,0.104,0.0,0.343,0.277,110.015,4,industrial,1
7GHFamsUy456CYqnGc4x5f,Celldweller,Satellites,The End of the World,46,253300,False,0.561,0.611,1,-7.102,1,0.0307,0.0109,0.000343,0.113,0.0739,89.98,4,industrial,1
6JRZmQtejPG8fnG8jdyk3x,Rob Zombie,The Munsters (Original Motion Picture Soundtrack),They Are The Munsters,26,186880,False,0.524,0.838,9,-6.724,0,0.0305,0.00721,0.145,0.497,0.637,135.117,4,industrial,1
14tKBoKXxGakkoEmYuFfor,Nine Inch Nails,Lost Highway,The Perfect Drug,55,315440,False,0.627,0.883,5,-8.988,0,0.0947,0.0207,0.00346,0.323,0.252,149.024,4,industrial,1
1mKCMmJYGJkBQTz27fRhaF,Rob Zombie,The Munsters (Original Motion Picture Soundtrack),El Vampiro,23,135586,False,0.492,0.779,10,-8.361,1,0.0275,6.34e-05,0.593,0.216,0.828,150.0,4,industrial,1
4yAaEtFzAeUTKZnW6YyO3D,DJ Ostkurve;Alina W.,Weil i no an Engerl glaub,Weil i no an Engerl glaub - Radio Mix,25,205636,False,0.716,0.933,2,-6.475,1,0.0466,0.00281,0.128,0.328,0.59,128.029,4,party,1
1gk1iCwuu1MXx1H9KXeA6w,DJ Ötzi;The Bellamy Brothers,Simply The Best,I Need More Of You,44,216453,False,0.636,0.881,7,-6.112,1,0.0272,0.0289,0.000169,0.312,0.911,119.986,4,party,1
5sGPKRBmZwLfraeguspXRx,Kreisligalegende,Hw4 (Halb Mensch Halb Tier),Hw4 (Halb Mensch Halb Tier),22,164744,False,0.653,0.948,9,-2.954,1,0.16,0.00517,0.0,0.378,0.869,132.046,4,party,1
7sMXAHBiXPOwDQyysFUqp5,Mia Julia,Mitten in Mia,Ich ficke gern,31,197053,True,0.762,0.894,0,-4.295,1,0.0765,0.0453,0.0,0.321,0.76,91.991,4,party,1
51vJbrlUiPKGDDdySbJeTf,FiNCH;Blümchen,Hold Me Now,Herzalarm,34,191146,False,0.635,0.932,10,-6.141,1,0.0468,0.0176,0.000234,0.0375,0.539,165.992,4,party,1
1Sh5dMhC4QLPEFlbfpG0xy,Stereoact;Jürgen Drews,Ballermann Hits 2022,Irgendwann irgendwo irgendwie - Stereoact #Remix,30,205865,False,0.658,0.776,0,-5.836,1,0.121,0.0239,0.0,0.285,0.7,124.055,4,party,1
3vZsBauRvXEKWFO6VmOP69,FiNCH,Kassenhäuschen EP,Weißer Ninja,25,149118,True,0.843,0.67,0,-6.756,1,0.106,0.0488,0.0,0.09,0.62,127.978,4,party,1
4bk0huzRz4WZx55mJJFbN1,Rob & Chris,Eskalation,Eskalation - Radio Edit,23,193050,False,0.791,0.725,6,-6.61,0,0.062,0.0606,7.98e-06,0.638,0.944,127.99,4,party,1
7s94rFwLDopCu7fA3cpqHu,Ole ohne Kohle,Nackt auf der Insel,Nackt auf der Insel,24,190154,False,0.716,0.961,6,-2.838,0,0.0713,0.0542,0.0,0.825,0.89,142.007,4,party,1
2PTt9bnLRfgjm0stXeM23a,Frenzy,Ballermann Hits Party 2023,Welcome To Mallorca,0,214064,False,0.629,0.92,9,-4.229,0,0.0807,0.0167,0.0,0.0758,0.325,139.99,4,party,1
1biZ7RbSpj3g02Cbf3MT0E,minnie rock;Franco Piccolini;Luigi Ferrari,7 Tage blau,7 Tage blau,25,167723,False,0.866,0.7,9,-6.385,1,0.216,0.0938,2.49e-06,0.162,0.526,131.643,4,party,1
5KSJdAkeZzEIvNF660M9NE,Glitzer Gischi,Rätätä Oktoberfest,Rätätä Oktoberfest,26,151483,False,0.827,0.952,3,-2.489,1,0.256,0.117,0.0,0.332,0.801,131.9,4,party,1
0au5TqJjdzCR70cDLp9nQ2,Fäaschtbänkler,Partyplanet,Niemals nie,24,216226,False,0.687,0.823,7,-5.484,1,0.0322,0.0772,0.0,0.144,0.82,122.041,4,party,1
5wOby0SgajxMlOFce5HLyh,voXXclub,Hitmedley,Hitmedley,27,358653,False,0.407,0.936,3,-4.503,1,0.195,0.028,0.0,0.0686,0.6,127.047,4,party,1
0CnhOYwugNMgSQWvgB9YBB,Markus Becker,Ale Ale Aleksandra,Ale Ale Aleksandra,30,208000,False,0.604,0.976,8,-2.913,1,0.0795,0.00306,3.63e-06,0.285,0.947,153.009,4,party,1
0ZYN8DQrxgzzpZd3GZKAgD,Tobee,Mir fällt die Decke auf den Kopf,Mir fällt die Decke auf den Kopf,23,189186,False,0.721,0.998,9,-1.71,1,0.184,0.0152,0.0,0.291,0.832,138.009,4,party,1
3o12WLvvLdllOSgGOyjvKC,Mickie Krause,Ich find Schlager toll - Das Beste,Der Krause Mega Mix (Medley),23,254480,False,0.722,0.935,0,-4.737,1,0.0382,0.000573,0.000518,0.969,0.867,132.982,4,party,1
3YTnmesf2jh2lqkDZteKPc,Andi Latte,Einer ist immer die Pussi,Einer ist immer die Pussi,22,202700,False,0.709,0.938,0,-4.592,1,0.0707,0.0118,0.0,0.337,0.883,141.912,4,party,1
3xU11VZglBwD6AHQqbwLjk,Die Flippers,Ein Mädchen wie Dich muss man lieben,Maria La Catalania,24,238106,False,0.554,0.604,7,-11.959,1,0.0552,0.139,0.0,0.329,0.671,124.682,4,party,1
6vL8FJoCSVy0x0CJLkATP5,DJ Ötzi,Sei du selbst - Party 2.0,Bambälä (Die Seele wieder baumeln lassen),24,164973,False,0.565,0.988,0,-2.89,1,0.0503,0.0379,0.0,0.0696,0.906,125.983,4,party,1
3tlIBnrjzrXGJlPRNFSiCN,Wolfgang Petry,Sehnsucht nach Dir,Wenn Du mich brauchst,25,234826,False,0.702,0.804,9,-9.706,1,0.0304,0.198,0.0,0.169,0.83,114.027,4,party,1
2oaR6ZGRAiJC6aEZU4HOZ6,Rob & Chris;Rob Mayth,Wahnsinn,Wahnsinn - Rob Mayth vs. Chris Jump Radio Edit,32,209635,False,0.642,0.855,0,-6.089,1,0.0383,0.151,0.00166,0.319,0.483,142.0,4,party,1
09wPwzAhF5LSl1kK0qYsTU,Mia Julia;Tom Tigo,Weck mich nicht auf (Tom Tigo RMX),Weck mich nicht auf - Tom Tigo RMX,23,224774,False,0.687,0.962,6,-4.995,1,0.0397,0.0063,0.0,0.4,0.354,133.0,4,party,1
1Nd0xNCOGmk6L5DZ8c9yU5,Michelle,Tabu (Deluxe),Ich tanz dich einfach weg,24,214520,False,0.707,0.81,9,-4.311,1,0.0522,0.0417,0.0,0.378,0.442,125.957,4,party,1
1PcyypJ70gm6CxTKQvCQiX,Michael Wendler,Der ultimative Wendler Hitmix,Der ultimative Wendler Hitmix XL,30,2959346,False,0.608,0.919,10,-4.071,1,0.036,0.05,5.11e-05,0.139,0.727,130.559,4,party,1
2oce313RygoagLfqoD4DYi,Die Flippers,Ihre frühen Jahre Vol. 1,Mama Mia,26,196720,False,0.672,0.866,3,-8.591,1,0.071,0.123,0.0,0.0752,0.889,133.591,4,party,1
13u5dUr765DcDP72AiXNFR,Ina Colada,Ballermann Party Mix - Alle Après Ski Hütten Hits der letzten Jahre,Wodka mit irgendwas,0,182546,False,0.624,0.957,5,-3.276,0,0.055,0.0384,0.0,0.349,0.784,145.049,4,party,1
3uHe43Evg1CvApi47ecTEV,Höhner,Da Simmer Dabei... Die Grössten Partyhits! (Gold Edition),Dicke Mädchen haben schöne Namen,25,199640,False,0.637,0.857,10,-4.915,1,0.035,0.0551,0.0,0.268,0.725,95.011,3,party,1
6bW4olKzz8M2BRYNU1ASUi,FiNCH;Leony;VIZE,Fliesentisch Romantik 2,Easy Peasy,65,150413,True,0.796,0.808,6,-6.324,1,0.0303,0.199,6.24e-05,0.322,0.519,142.884,4,party,1
4xqS31i6qtbLK9XQKIThQd,Höhner,Best Of Karneval,"Steh auf, mach laut!",0,224040,False,0.628,0.918,0,-5.709,1,0.0358,0.0593,1.1e-06,0.0926,0.58,130.04,4,party,1
65lNSKUW6dqw7B2iKySdrR,Stereoact;Freddy Quinn,#Schlager 2,"Junge, komm bald wieder - Stereoact #Remix",30,149106,False,0.729,0.87,7,-5.149,1,0.105,0.00499,2.43e-05,0.335,0.46,128.019,4,party,1
1qIbelO6pCMXZlMXCX6R6P,Mike Nüchtern;Killermichel,Wir fahren weit wir trinken viel,Wir fahren weit wir trinken viel,24,187883,False,0.604,0.961,9,-2.429,1,0.0674,0.00191,0.0,0.392,0.633,144.952,4,party,1
3zEQlCnBhEYlFofoJRudnD,Jörg Bausch,Am Zuckerwattenstand,Am Zuckerwattenstand,24,213319,False,0.693,0.938,6,-3.191,1,0.0379,0.0584,0.000176,0.332,0.901,129.993,4,party,1
4c4GOsVJAqasjGKkGscYWK,Lorenz Büffel,Johnny Däpp (Ich will Mallorca zurück) [Krawall Mix],Johnny Däpp (Ich will Mallorca zurück) - Krawall Mix,25,223447,False,0.807,0.839,10,-3.843,1,0.0764,0.0717,0.0,0.0338,0.847,132.019,4,party,1
6ge5NpWlauc1XuOFt3adPt,Jack Gelee,Diese Insel,Diese Insel,25,166046,False,0.57,0.975,1,-2.617,1,0.0617,0.0404,0.0,0.162,0.908,137.948,3,party,1
346iuGigv691e0llhmAxuw,Brings,Mir sin widder do,Mir sin widder do,28,267847,False,0.558,0.809,9,-5.749,1,0.0329,0.197,0.0,0.924,0.634,79.988,4,party,1
1OkRXEa6xejKqEf13S8zBb,Nico Gemba,Hero,Am Zuckerwattenstand (Recall),27,238000,False,0.687,0.948,7,-3.368,1,0.033,0.00473,0.000369,0.159,0.877,130.048,4,party,1
4feECubYgIlbpfypEfyFFZ,Michelle,Ich würd' es wieder tun (Deluxe),Der Deal,26,188826,False,0.676,0.861,6,-3.2,1,0.0501,0.186,0.0,0.0474,0.845,131.957,4,party,1
2WjXRWocLt0HbsdPawx0Mx,Schürze,Hey wir sind auf Mallorca,Hey wir sind auf Mallorca,22,191800,False,0.616,0.961,11,-3.771,0,0.071,0.0455,0.0,0.546,0.887,139.958,4,party,1
2IsqKsbBPpPzzP9FhGoBPo,Andreas Gabalier,Da komm' ich her,Mit dir,31,200200,False,0.442,0.882,2,-3.534,1,0.0392,0.183,0.0,0.623,0.582,156.043,4,party,1
6Eo1tU0Zw7Bgw3cPtVKxRX,Balek,112,112,24,188689,True,0.686,0.801,7,-6.871,1,0.126,0.00537,0.0,0.244,0.706,145.048,4,party,1
22vmMJlhaqVKluZKBRoeW6,Andreas Lawo;Mick Wendir,Jetzt ist Schluss (Mick Wendir Remix),Jetzt ist Schluss - Mick Wendir Remix,26,224023,False,0.695,0.96,11,-3.203,1,0.108,0.13,9.74e-06,0.345,0.827,131.937,4,party,1
1dyW89MGhypsFGKusyheDF,Brings,Halleluja,Halleluja - Single Version,31,209600,False,0.627,0.958,8,-2.418,0,0.0502,0.0203,3.86e-06,0.105,0.802,135.073,4,party,1
31DWTPWRrXRyYlPN9NqEFu,Mountain Crew,Mountain Party #1,"Weiß der Geier / Verlieben, verloren, vergessen, verzeih'n / 7 Tage – 7 Nächte / Du bist ein Wunder / Augen zu und durch",24,202014,False,0.595,0.936,0,-6.162,1,0.0374,0.00362,5.05e-06,0.377,0.845,139.063,4,party,1
2e6L8mAClebcUmNi1HkyyP,Marco Wagner;Die Obersteirer;Selecta,Boyfriends,Boyfriends - Selecta Remix,33,322420,False,0.691,0.906,9,-3.755,0,0.161,0.0259,4.91e-05,0.0643,0.518,127.998,4,party,1
2I3XLu6ThQsjAMAEfNs5wW,Mia Julia,Mitten in Mia,Mein bester Zeuge bin ich,23,210226,False,0.659,0.911,4,-2.509,1,0.0287,0.00829,0.0,0.407,0.736,110.01,4,party,1
1eQK7n9hn22VfXGxigPn29,Brings,Hay! Hay! Hay!,Su ne Daach,26,209493,False,0.551,0.902,3,-3.953,1,0.0505,0.00465,1.93e-05,0.313,0.396,134.104,4,party,1
6hf5nwOl4MCMLT0hnlvSMy,Die Draufgänger;DJ Selecta,Happy Wife - Happy Life (DJ Selecta Power Remix),Happy Wife - Happy Life - DJ Selecta Power Remix,33,240937,False,0.692,0.823,5,-4.793,1,0.0333,0.000761,0.000106,0.0875,0.597,128.037,4,party,1
4KDp6YnYVTFzhpN2YEWwzQ,DJ Ötzi,Oktoberfest – Wiesn Party mit DJ Ötzi,Anton aus Tirol - Silverjam RMX,36,191613,False,0.685,0.914,11,-4.177,0,0.182,0.0795,0.0,0.955,0.874,133.026,4,party,1
3XwYe6G9R5ErLkfM6Hawmm,Fäaschtbänkler,Flamingo + Hoch die Hände Wochenende,Eskalation,39,151906,False,0.683,0.886,10,-6.291,1,0.0455,0.00689,7.21e-05,0.0802,0.968,150.021,4,party,1
6ZkeNE5zlcl13PbnzXdw38,Charlie Brown Jr.,Acústico (Ao Vivo),Tudo Pro Alto - Ao Vivo,48,184093,False,0.474,0.983,10,-5.498,0,0.0598,0.0182,0.000128,0.691,0.725,92.68,4,hard-rock,1
6TYQRlRci6AkVrN9a5C7ne,Black Sabbath,Paranoid,War Pigs (2009 - Remaster),33,475000,False,0.369,0.679,6,-9.729,0,0.0742,0.128,0.0125,0.197,0.508,91.883,4,hard-rock,1
2wmofaCfAaF9hdjEXmdfTO,Charlie Brown Jr.,Chegou Quem Faltava - Versão Completa (Ao Vivo),Confisco - Ao Vivo - Chegou Quem Faltava,47,181333,False,0.504,0.969,1,-5.439,1,0.11,0.000395,0.154,0.96,0.389,131.367,4,hard-rock,1
4QaxyJsbo5AR3bnEB7ko8h,Dynazty,The Dark Delight,Heartless Madness,63,239866,False,0.429,0.942,2,-4.763,1,0.0519,7.15e-05,2.58e-05,0.213,0.571,153.061,4,hard-rock,1
4QQL5qNwVZ1FctLoVqN9rn,Journey;Steve Perry,"Stranger Things: Soundtrack from the Netflix Series, Season 4",Separate Ways (Worlds Apart) - Steve Perry & Bryce Miller Extended Remix,58,197133,False,0.434,0.762,2,-7.352,1,0.0493,0.0282,2.45e-05,0.118,0.0729,129.957,4,hard-rock,1
0QSPohbvsYOEcvkHnok13V,Project46,Que Seja Feita a Nossa Vontade,Erro +55,37,280075,False,0.333,0.978,6,-3.452,1,0.18,0.00236,0.000437,0.372,0.267,159.981,4,hard-rock,1
6Oc5Zi5JXqeUglSfWpno7i,Pitty,Setevidas,Deixa Ela Entrar,37,230453,False,0.411,0.917,0,-4.296,1,0.0606,0.000476,2.19e-06,0.0695,0.245,136.64,4,hard-rock,1
3clj22mW4k1FADb751JYWc,Dead Fish,Zero e Um,Bem-Vindo Ao Clube,41,187400,False,0.547,0.977,1,-2.819,0,0.0924,0.000834,3.98e-06,0.366,0.386,97.993,4,hard-rock,1
0pUVeEgZuNyFzIMKp67RbS,Billy Idol,Rebel Yell,Eyes Without A Face,72,299240,False,0.391,0.815,9,-6.197,1,0.0518,0.0177,0.00226,0.276,0.647,84.383,4,hard-rock,1
24POLNX0OpqDtFDYHJ4WlX,Charlie Brown Jr.,100% Charlie Brown Jr - Abalando A Sua Fábrica,"Você Vai De Limusine, Eu Vou De Trem",38,177533,False,0.155,0.916,1,-6.783,1,0.0846,0.00191,0.0231,0.0984,0.595,164.085,4,hard-rock,1
3vN6KN471yverVBYT19MGA,Raimundos,Nana neném / Reggae do manêro,Reggae do manêro,43,289933,False,0.784,0.59,11,-7.355,0,0.0879,0.0116,0.00174,0.0434,0.944,144.981,4,hard-rock,1
54b8qPFqYqIndfdxiLApea,Heart,Bad Animals,Alone,75,218733,False,0.418,0.452,1,-13.099,1,0.0356,0.638,0.00026,0.0959,0.168,175.088,4,hard-rock,1
3i25w2HOWoafnTIiWJCL71,Led Zeppelin,In Through the out Door (Remaster),Fool in the Rain - Remaster,64,370920,False,0.52,0.912,0,-7.512,1,0.0487,0.124,0.00151,0.239,0.702,131.403,4,hard-rock,1
66kO1Sr99392GvDZWKdCiv,Scorpions,MTV Unplugged (The Studio Edits),When You Came into My Life - Studio Edit,54,210760,False,0.63,0.656,3,-6.415,1,0.0302,0.0508,0.00158,0.111,0.0848,125.966,4,hard-rock,1
3k0ZOkB5j9mlrkxsbTd7Z0,Böhse Onkelz,Ein böses Märchen aus tausend finsteren Nächten,Danke,37,203160,False,0.426,0.905,2,-4.255,1,0.0452,4.27e-05,1.07e-06,0.0687,0.497,164.934,4,hard-rock,1
2PFIZFcGry0po3ZfRZkzKc,Def Leppard,Hysteria,Hysteria,70,354636,False,0.659,0.846,7,-5.508,1,0.0274,0.0318,0.0144,0.203,0.659,107.01,4,hard-rock,1
4ZpXHlV2vQVfPXUvbDSZ92,Skid Row,Skid Row,I Remember You,69,313693,False,0.345,0.531,0,-12.708,1,0.0305,0.00642,7.28e-06,0.14,0.49,176.302,4,hard-rock,1
51n5N9Elrmnbr1LbOa8Cau,Charlie Brown Jr.,Chegou Quem Faltava - Versão Completa (Ao Vivo),"Papo Reto (Prazer é Sexo, o Resto é Negócio) - Ao Vivo - Chegou Quem Faltava",34,226680,False,0.366,0.979,6,-5.655,1,0.178,0.000368,0.0023,0.746,0.355,110.337,4,hard-rock,1
7n3WO6ESKS1uCI9fgkGs66,Ten Years After,A Space in Time (Deluxe Version),I'd Love to Change the World - 2004 Remaster,67,224133,False,0.383,0.516,9,-12.032,0,0.0344,0.202,0.193,0.114,0.371,118.144,4,hard-rock,1
06iiULr7UigQfjuRf01PQ7,Pitty,Chiaroscuro,Água Contida,36,269760,False,0.548,0.829,11,-3.87,0,0.0442,0.207,3.78e-06,0.187,0.513,120.046,4,hard-rock,1
0QGgaZqvTWevxHXKEeN59t,Pitty,Na Tela,Na Tela,37,179882,False,0.52,0.66,5,-6.086,0,0.136,0.00517,0.000106,0.145,0.792,97.019,4,hard-rock,1
4VFNyv0nVew5C878WDsPvE,Mötley Crüe,Shout At The Devil,Shout At The Devil,24,194986,False,0.5,0.946,5,-5.428,1,0.072,0.0221,4.21e-05,0.068,0.449,94.542,4,hard-rock,1
1EJZQ6uhrvl4JtoKn7RKFd,Scorpions,Follow Your Heart,Follow Your Heart,56,245626,False,0.353,0.656,7,-5.712,0,0.0319,0.0431,0.000161,0.139,0.195,153.747,4,hard-rock,1
4Kf80JwKZcrHE0jJQKuH0e,The Dead Milkmen,Death Rides A Pale Cow: The Ultimate Collection,Dean's Dream,43,107866,False,0.404,0.921,6,-5.758,0,0.0415,0.00809,4.45e-06,0.16,0.849,110.589,4,hard-rock,1
2SiXAy7TuUkycRVbbWDEpo,AC/DC,Back In Black,You Shook Me All Night Long,81,210173,False,0.532,0.767,7,-5.509,1,0.0574,0.00287,0.000513,0.39,0.755,127.361,4,hard-rock,1
69QHm3pustz01CJRwdo20z,AC/DC,Back In Black,Hells Bells,74,312293,False,0.389,0.873,4,-4.768,0,0.0475,0.00532,0.0055,0.273,0.303,106.767,4,hard-rock,1
5fKF2n5jmZDMTVbg9bW6R0,Charlie Brown Jr.,Transpiração Contínua Prolongada - Edição Comemorativa,Sheik,41,171333,False,0.852,0.859,10,-3.214,0,0.0657,0.153,0.000921,0.136,0.914,108.344,4,hard-rock,1
0cJPLFrlV7TTCyPLupHzcH,The Who,Who's Next (Deluxe Edition),Won't Get Fooled Again - Original Album Version,67,511400,False,0.686,0.92,2,-6.231,1,0.0566,0.301,0.27,0.0807,0.225,135.027,4,hard-rock,1
6zWVRHzx7XHwzBgTwivaCv,Firehouse,Good Acoustics,You Are My Religion,50,243760,False,0.59,0.882,6,-5.642,1,0.0293,0.00704,0.0,0.0654,0.917,140.014,4,hard-rock,1
505rTU8E2KdQEhzJKyuOaE,Charlie Brown Jr.,"Ritmo, Ritual E Responsa",Direto E Reto Sempre,43,166840,False,0.741,0.894,1,-7.648,1,0.0955,0.33,0.000149,0.109,0.964,175.132,4,hard-rock,1
1grvqYbhgqJxwdzeY1vgSb,Scorpions,Blackout,No One Like You (2015 - Remaster),31,238866,False,0.441,0.796,9,-2.851,0,0.0431,0.0167,2.52e-06,0.166,0.696,118.146,4,hard-rock,1
3EWFBvLioK1qI0X8M9ZJuq,Acústicos & Valvulados,Diamantes Verdadeiros,Milésima Canção de Amor,36,191306,False,0.504,0.869,11,-2.516,0,0.0317,3.09e-05,0.0,0.0895,0.634,119.968,4,hard-rock,1
5Z8EDau8uNcP1E8JvmfkZe,Alice Cooper,School's Out,School's Out,69,210106,False,0.294,0.745,5,-9.138,1,0.0461,0.05,0.125,0.676,0.347,134.364,4,hard-rock,1
5hVepr5CHiTGtJY5bP4i5n,Scorpions,Comeblack,No One Like You,61,246533,False,0.601,0.928,7,-4.38,0,0.0481,0.014,0.000113,0.151,0.625,115.999,4,hard-rock,1
0upLyFR8Rr52ZpMp5esQoq,Van Halen,Van Halen (Remastered),You Really Got Me - 2015 Remaster,68,156146,False,0.454,0.946,1,-5.978,0,0.13,0.0223,0.0,0.173,0.647,138.18,4,hard-rock,1
5j3iBuHq6vv7VcBo4Y2QrK,Ghost,Meliora,Cirice,63,362093,False,0.555,0.798,3,-5.658,1,0.0279,0.00254,1.5e-05,0.171,0.284,89.987,4,hard-rock,1
55StmbuyP1BpcMeQHoERxE,Charlie Brown Jr.,Chegou Quem Faltava - Versão do Chorão (Ao Vivo),Pontes Indestrutíveis - Ao Vivo - Chegou Quem Faltava,35,179071,False,0.543,0.883,2,-6.437,1,0.107,0.00547,0.00652,0.422,0.271,93.061,4,hard-rock,1
5bW5BtZD24h2zAAaFKet2M,Charlie Brown Jr.,Nadando Com Os Tubarões,Pra Mais Tarde Fazermos A Cabeça,40,180960,False,0.617,0.823,1,-4.782,1,0.172,0.407,0.0,0.0955,0.821,80.245,4,hard-rock,1
2zSTvC7IA8EiD4cvo4VdVr,Chico Science;Nação Zumbi,Da Lama Ao Caos,A Cidade,45,286666,False,0.734,0.824,7,-9.932,1,0.0493,0.0559,0.00237,0.0606,0.911,95.534,4,hard-rock,1
6gQUbFwwdYXlKdmqRoWKJe,Aerosmith,Permanent Vacation,Dude (Looks Like A Lady),71,265773,False,0.54,0.982,4,-2.962,0,0.0458,0.435,3.37e-05,0.0457,0.91,126.294,4,hard-rock,1
4fdhVSIdZv0eB67sX2TDCv,Böhse Onkelz,Weiß,Das Wunder der Persönlichkeit,39,314666,False,0.572,0.669,0,-12.087,1,0.0481,0.0117,0.0,0.111,0.632,136.114,4,hard-rock,1
5YjKdeES9QRJ8NmF4Xc8pV,Heart,Brigade,All I Wanna Do Is Make Love To You,67,310893,False,0.626,0.746,7,-8.832,1,0.0282,0.16,0.0,0.0618,0.8,102.896,4,hard-rock,1
10TBENZSwzP5S1GzNnoBNX,Charlie Brown Jr.,De 1997 A 2007,Não Uso Sapato - Ao Vivo,38,174010,False,0.397,0.968,6,-6.355,1,0.0553,0.00152,0.00027,0.63,0.746,98.348,4,hard-rock,1
5gZvCXCk93m6PE2kWJIV0s,Charlie Brown Jr.,"Ritmo, Ritual E Responsa",Beco Sem Saída,39,237240,False,0.516,0.538,8,-11.22,1,0.0287,0.129,0.000108,0.131,0.421,151.056,4,hard-rock,1
6M5m8gfTj3rhYEPDzLmdL4,Led Zeppelin,Physical Graffiti (Deluxe Edition),Ten Years Gone - Remaster,59,394920,False,0.545,0.416,2,-11.979,1,0.0433,0.559,0.00496,0.0369,0.295,76.872,4,hard-rock,1
4YsgFGkP1KeSFDWfZqVioX,Iron Maiden,Dance of Death (2015 Remaster),Dance of Death - 2015 Remaster,55,516426,False,0.311,0.876,4,-5.115,0,0.0936,0.0466,0.00442,0.134,0.296,124.584,4,hard-rock,1
2IpyGcvQ2sBAd2AmJ1mbIC,Charlie Brown Jr.,100% Charlie Brown Jr - Abalando A Sua Fábrica,Quebra-Mar,38,177200,False,0.157,0.985,10,-4.195,0,0.315,0.00453,0.056,0.155,0.411,177.08,4,hard-rock,1
6AyWHf259DGuxOnwdsz1Lf,Billy Idol,Bitter Taste,Bitter Taste,24,266759,False,0.579,0.934,10,-4.543,0,0.0473,0.0145,0.0231,0.182,0.699,119.003,4,hard-rock,1
5fXQmRFO1CDN04HtUVNCUh,Ghost,Prequelle,Life Eternal,60,207120,False,0.443,0.612,1,-7.321,1,0.0275,0.0188,1e-06,0.103,0.204,155.961,4,hard-rock,1
6UB9mShVLbMm0W4e6vud4C,Metallica,Master Of Puppets (Remastered),Battery,65,312360,False,0.481,0.928,11,-8.799,0,0.0672,0.00022,0.558,0.106,0.427,96.699,4,hard-rock,1
04ZTP5KsCypmtCmQg5tH9R,Bebe Rexha,Expectations,I'm a Mess,74,195519,False,0.63,0.694,11,-6.257,0,0.0253,0.00281,0.0,0.0719,0.216,97.005,4,dance,2
2P91MQbaiQOfbiz9VqhqKQ,Lauv,I met you when I was 18. (the playlist),I Like Me Better,83,197436,False,0.752,0.505,9,-7.621,1,0.253,0.535,2.55e-06,0.104,0.419,91.97,4,dance,2
5Mnm0x2GXkY1qcvoGb1sfp,Akon;Snoop Dogg,Bad Boy Club,I Wanna Love You,0,246764,True,0.863,0.501,9,-8.753,0,0.0433,0.0164,0.0,0.272,0.357,99.994,4,dance,2
1V6gIisPpYqgFeWbMLI0bA,Demi Lovato,Demi,Heart Attack,78,210840,False,0.504,0.785,8,-4.802,1,0.104,0.0738,0.0,0.239,0.502,173.968,4,dance,2
4jp4Z02kzzg8gK0NmDGgml,K-391;Alan Walker;Tungevaag;Mangoo,Play,Play,70,167976,False,0.52,0.798,6,-5.498,0,0.0391,0.101,0.0,0.0932,0.168,101.944,4,dance,2
0ZcATDHTa1c128KqmVUk2j,Lady Gaga,Workout Hits 2023,The Edge Of Glory,3,320626,False,0.583,0.766,9,-6.47,1,0.0408,0.000348,0.0125,0.108,0.395,127.95,4,dance,2
2hgzdQdnfWwtdpZbhZlV72,Jennifer Lopez,Ain't Your Mama,Ain't Your Mama,71,218234,False,0.757,0.678,8,-5.529,0,0.233,0.0472,9.14e-06,0.0654,0.82,120.075,4,dance,2
4eWQlBRaTjPPUlzacqEeoQ,Camila Cabello,Camila,Never Be the Same,74,226973,False,0.637,0.713,0,-4.333,1,0.0747,0.181,0.000637,0.137,0.243,129.923,4,dance,2
4Vclf2L3pVnm75lYsq97VH,Lady Gaga,Halloween 2022,Dance In The Dark,0,288960,True,0.639,0.751,0,-6.358,0,0.0324,2.97e-05,4.96e-05,0.163,0.14,120.992,4,dance,2
1kSjuuFakqNTQK63pzDTin,Bruno Mars;PARTYNEXTDOOR,Happy Commute,That's What I Like - PARTYNEXTDOOR Remix,0,206696,False,0.741,0.695,1,-5.341,1,0.0454,0.021,0.0,0.0922,0.861,134.032,4,dance,2
5xdVqHtFS0eLuNp4Z8Wbpa,Selena Gomez;A$AP Rocky,Revival (Deluxe),Good For You,69,221280,False,0.607,0.673,5,-6.484,0,0.0611,0.181,0.0,0.069,0.215,88.952,4,dance,2
35mvY5S1H3J2QZyna3TFe0,Ariana Grande,Positions,positions,85,172324,True,0.737,0.802,0,-4.771,1,0.0878,0.468,0.0,0.0931,0.682,144.015,4,dance,2
1KixkQVDUHggZMU9dUobgm,Ava Max,Heaven & Hell,My Head & My Heart,78,174760,False,0.614,0.934,9,-3.709,0,0.07,0.0697,0.0,0.121,0.436,116.001,4,dance,2
3afkJSKX0EAMsJXTZnDXXJ,Troye Sivan,Strawberries & Cigarettes,Strawberries & Cigarettes,82,201538,False,0.578,0.537,9,-8.676,1,0.0832,0.162,0.0,0.076,0.25,83.909,4,dance,2
4oYuZ3msCWFJX4rMphHaYK,Burna Boy,CruiseControl: How I Met The Biggest Bird (DJ Mix),Money Play (Mixed),3,60250,False,0.857,0.8,0,-8.476,1,0.209,0.228,0.00517,0.298,0.488,106.566,4,dance,2
59qrUpoplZxbIZxk6X0Bm3,Jason Derulo,Take You Dancing,Take You Dancing,78,190306,False,0.789,0.711,2,-4.248,1,0.041,0.0332,0.0,0.0876,0.753,112.985,4,dance,2
27SdWb2rFzO6GWiYDBTD9j,Sia,This Is Acting,Cheap Thrills,78,211666,False,0.628,0.698,6,-5.608,0,0.105,0.0472,0.00143,0.0907,0.732,89.976,4,dance,2
2VxeLyX666F8uXCJ0dZF8B,Lady Gaga;Bradley Cooper,A Star Is Born Soundtrack,Shallow,84,215733,False,0.572,0.385,7,-6.362,1,0.0308,0.371,0.0,0.231,0.323,95.799,4,dance,2
76cy1WJvNGJTj78UqeA5zr,Dua Lipa,Dua Lipa (Deluxe),IDGAF,80,217946,True,0.836,0.544,7,-5.975,1,0.0943,0.0403,0.0,0.0824,0.51,97.028,4,dance,2
7t3Xdbufg7q2onVsR8RBdY,Sam Smith,Love Goes,Fire On Fire,78,246735,False,0.584,0.408,1,-7.356,0,0.0461,0.476,0.0,0.18,0.333,115.129,4,dance,2
27rdGxbavYJeBphck5MZAF,Mark Ronson;Miley Cyrus,Nothing Breaks Like a Heart (feat. Miley Cyrus),Nothing Breaks Like a Heart (feat. Miley Cyrus),78,217466,False,0.601,0.794,7,-5.844,0,0.0671,0.00987,1.36e-06,0.388,0.244,114.066,4,dance,2
0KKkJNfGyhkQ5aFogxQAPU,Bruno Mars,24K Magic,That's What I Like,83,206693,False,0.853,0.56,1,-4.961,1,0.0406,0.013,0.0,0.0944,0.86,134.066,4,dance,2
0TK2YIli7K1leLovkQiNik,Shawn Mendes;Camila Cabello,Señorita,Señorita,81,190960,False,0.759,0.54,9,-6.039,0,0.0287,0.037,0.0,0.0945,0.75,116.947,4,dance,2
55ruPNJ55uKjtm77nf3lPD,Charlie Puth,CHARLIE,Marks On My Neck,66,138159,False,0.855,0.607,1,-8.587,1,0.0422,0.2,1.84e-05,0.0723,0.943,142.002,4,dance,2
69BO1hNbEZ62hZcq5qGs8Q,Megan Thee Stallion;Lucky Daye,Good Enough - Easy Pop,Star,0,210160,False,0.797,0.682,1,-4.967,1,0.0595,0.0207,0.0003,0.106,0.277,96.057,4,dance,2
4v7DCN09hgXkKazefkznDQ,Akon,Trouble Deluxe Edition,Lonely,81,235800,True,0.634,0.526,5,-7.881,0,0.0333,0.339,0.0,0.257,0.623,90.087,4,dance,2
4E5P1XyAFtrjpiIxkydly4,Iyaz,Replay,Replay,76,182306,False,0.706,0.751,9,-6.323,1,0.0708,0.173,0.0,0.168,0.195,91.031,4,dance,2
1QuEakfDCo0mHPBN02KYQ7,Kim Petras,Halloween Songs | Witches Hour,Massacre,3,206815,False,0.503,0.506,0,-7.554,0,0.0332,0.0989,0.0,0.352,0.11,89.888,4,dance,2
3P3pw6C19j31Rnzgo3JG7o,Jonas Blue;JP Cooper,Blue,Perfect Strangers,76,196613,False,0.73,0.861,1,-4.1,1,0.0451,0.39,0.0,0.213,0.704,117.965,4,dance,2
61tnfFfea71XruDZadOUmu,Wiz Khalifa,Rap Ice,Still Wiz,0,170987,False,0.833,0.664,4,-5.358,0,0.135,0.0537,0.0,0.0637,0.334,90.052,4,dance,2
6zVYlwTqj7D7bRAfalOZg0,Ava Max,I'm Blue - Hits of 2022,Million Dollar Baby,4,184294,False,0.667,0.858,2,-2.268,0,0.0926,0.0367,1.47e-05,0.325,0.641,133.039,4,dance,2
66GcPmCYUlVKc4dA4Uwqa6,DJ Snake;Selena Gomez,pov: it's 2021,Selfish Love,0,168648,False,0.725,0.681,5,-6.8,0,0.103,0.0201,0.301,0.0995,0.453,110.938,4,dance,2
5LHnaiB8E3x95ZbYFmOUfk,Lady Gaga,OO's Music Grandi Successi,Paparazzi,4,208173,False,0.761,0.734,5,-2.871,0,0.0428,0.129,0.0,0.086,0.375,114.907,4,dance,2
4PxicLNLWUVprQnI8kUqyQ,Bebe Rexha,Session Acoustique,I Got You - Acoustic,0,193558,False,0.64,0.866,9,-4.105,0,0.0653,0.0508,0.0,0.0921,0.586,99.04,4,dance,2
3bRDwPweJL0BAvh4EfpG9u,Bruno Mars;Sultan;Shepard,10's Dance Classics,Locked Out of Heaven - Sultan and Ned Shepard Remix,0,410859,False,0.588,0.844,2,-5.25,0,0.0484,0.00481,0.0473,0.356,0.22,128.02,4,dance,2
3e9HZxeyfWwjeyPAMmWSSQ,Ariana Grande,"thank u, next","thank u, next",82,207320,True,0.717,0.653,1,-5.634,1,0.0658,0.229,0.0,0.101,0.412,106.966,4,dance,2
6urUsxKmMUmfbraWTeUwgI,Joel Corry;Mabel,Cuddle Up Christmas,I Wish (Christmas Version),0,200595,False,0.652,0.603,0,-6.555,1,0.0317,0.241,0.0,0.132,0.192,106.025,4,dance,2
0QBzMgT7NIeoCYy3sJCof1,Camila Cabello;Ed Sheeran,Bam Bam (feat. Ed Sheeran),Bam Bam (feat. Ed Sheeran),87,206070,False,0.756,0.697,8,-6.377,1,0.0401,0.182,0.0,0.333,0.956,94.996,4,dance,2
21TcDbGosp7w9YhTjOszgA,Shawn Mendes,Handwritten (Deluxe),Imagination,75,217773,False,0.64,0.455,0,-5.942,1,0.0247,0.0743,0.0,0.0694,0.333,89.948,4,dance,2
4jbmgIyjGoXjY01XxatOx6,Katy Perry;Juicy J,PRISM,Dark Horse,78,215672,False,0.647,0.585,6,-6.123,1,0.0512,0.00314,0.0,0.165,0.353,131.934,4,dance,2
5HYSet3VZ5JPcUouFsNrOb,Becky Hill;Topic,Arbeitsmusik Herbst/Winter 2022/2023,My Heart Goes (La Di Da),0,148960,False,0.695,0.781,7,-5.578,0,0.0452,0.0185,3.12e-05,0.295,0.456,124.04,4,dance,2
6ocbgoVGwYJhOv1GgI9NsF,Ariana Grande,"thank u, next",7 rings,84,178626,True,0.778,0.317,1,-10.732,0,0.334,0.592,0.0,0.0881,0.327,140.048,4,dance,2
5OCJzvD7sykQEKHH7qAC3C,Ariana Grande,Sweetener,God is a woman,80,197546,True,0.602,0.658,1,-5.934,1,0.0558,0.0233,6e-05,0.237,0.268,145.031,4,dance,2
7CRMMeGw6ZCvnio00NmiZu,Ne-Yo,A Merry Modern Christmas,Merry Christmas Baby,1,167950,False,0.682,0.551,11,-7.822,1,0.0441,0.411,0.00043,0.137,0.251,77.993,4,dance,2
47BBI51FKFwOMlIiX6m8ya,Backstreet Boys,Millennium,I Want It That Way,81,213306,False,0.689,0.694,6,-5.83,0,0.027,0.257,0.0,0.148,0.482,99.039,4,dance,2
7GEQkaJPZmph6xtzXFNWxn,The Killers,Alternative Christmas 2022,Joy Ride - Night Version,0,436413,False,0.666,0.935,0,-4.563,1,0.0445,0.00285,0.781,0.352,0.69,118.999,4,dance,2
10H73uxnyBpBdBXJxK8OVO,Becky Hill;Joel Corry,Your Perfect Soundtrack,HISTORY,5,176609,True,0.674,0.86,8,-3.318,1,0.0369,0.155,3.21e-06,0.359,0.771,122.975,4,dance,2
514rhnksEwHUh6LxXsQ4Y9,Selena Gomez,13 Reasons Why (Season 2),Back To You,72,210240,False,0.6,0.683,6,-6.271,1,0.0493,0.0984,1.26e-06,0.11,0.494,102.036,4,dance,2
0RwQG3x5q1HE0CDetUuYFk,Wiz Khalifa;PARTYNEXTDOOR,Midnight Music,Late Night Messages,1,282740,True,0.79,0.616,10,-7.397,0,0.0983,0.0865,2.34e-05,0.22,0.312,92.967,4,dance,2
1yvMUkIOTeUNtNWlWRgANS,Sia,This Is Acting (Deluxe Version),Unstoppable,82,217746,False,0.468,0.779,9,-4.839,1,0.0779,0.112,0.000373,0.101,0.26,173.799,4,dance,2
3dQz2NgEuYwOwtwtYRuflG,Cupid,Feel Good Music,Cu-Step (Cupid Shuffle Pt. 2),12,201785,False,0.802,0.747,4,-5.371,0,0.0352,0.0597,0.0,0.124,0.52,121.994,4,kids,2
7wi6xKpE95OcXF9SAqhD7x,KD Da Kid;Grey Skye Evans,Hands Up (Remix),Hands Up - Remix,15,165511,True,0.823,0.447,9,-5.582,1,0.155,0.335,0.0,0.0693,0.423,102.076,4,kids,2
3vyExFn4NbOCGkGR30i6AA,Koo Koo Kanga Roo,Celebrate This!,Bubble Wrap Rap,24,138214,False,0.839,0.774,7,-5.823,1,0.361,0.323,0.0,0.0673,0.885,168.017,4,kids,2
4E0GiSMs5E60MvX3pLW70H,Mini Pop Kids,Mini Pop Kids 17,The Git Up,8,201200,False,0.66,0.601,4,-6.94,1,0.16,0.0108,0.0,0.196,0.678,98.357,4,kids,2
5Ju1yW3DwkRueqfGU7jQWi,Junior Jingles,Bilingual French Nursery Rhymes,"Dodo, L'enfant Do",12,69453,False,0.664,0.219,0,-14.234,1,0.0314,0.91,1.98e-06,0.164,0.495,125.511,4,kids,2
3lAHJBwNwA9Ld884HE7ljH,Mini Pop Kids,Mini Pop Kids 13,Uptown Funk,10,271888,False,0.787,0.739,2,-3.909,1,0.124,0.104,0.0,0.0964,0.77,114.953,4,kids,2
6C0ZVuGlzfMAo9eRmfQDHj,Cupid;Pokey,Best of Both Worlds (Blues Edition) - EP,In the Mood,10,261014,False,0.754,0.507,8,-5.491,0,0.0302,0.0906,0.0,0.362,0.572,90.037,4,kids,2
7ENsuXXeoqt67hYSx3h8RB,Dora The Explorer,Dora The Explorer,Swiper No Swiping!,15,46106,False,0.818,0.377,0,-9.846,0,0.321,0.725,1.83e-06,0.525,0.835,71.998,4,kids,2
5EVQ0aOehEnJTfvxTzZb3W,Cody;Heart;Mr. Primm;Scatter,"Helpsters: Apple TV+ Original Series Soundtrack, Vol. 1",We've Got the Plan,14,51750,False,0.829,0.788,1,-8.09,1,0.0993,0.124,0.0,0.782,0.929,125.017,4,kids,2
0Em6T0LGI2FYTvg2OcmUtT,Mini Pop Kids,Mini Pop Kids 18,Stupid Love,14,194333,False,0.73,0.818,8,-5.267,1,0.0551,0.11,5.69e-06,0.341,0.925,118.008,4,kids,2
11h1gv7DAfWgsqxSbtktDD,Dora The Explorer,Dora The Explorer Party Favorites,"Dora The Explorer Party Mix (including ""Dora The Explorer Theme"" & ""Travel Song"")",33,129746,False,0.735,0.919,2,-3.925,1,0.0365,0.0017,0.224,0.0694,0.681,123.968,4,kids,2
3Tzn8QTNgbCmjd427hxrOy,Lil' Ron Ron,Season 5 Theme Song,Season 5 Theme Song,9,66089,False,0.887,0.421,7,-11.33,1,0.482,0.378,0.0,0.306,0.844,123.976,4,kids,2
3nM8veP5v3mll8TxlbOYnS,Christopher Zondaflex Tyler,Mr Chris' Hip Hop for Tots,Red Light,12,91246,False,0.725,0.705,1,-15.537,1,0.33,0.0457,0.0,0.263,0.477,120.095,4,kids,2
7bJupkBSXe7vcwIzhciwKY,Lani Love;Baby Jason,Princess Swag,Money Bag,8,192023,False,0.685,0.707,2,-6.333,1,0.529,0.00301,0.000291,0.106,0.664,129.956,4,kids,2
3U8xuAx9MhudTq8OBCW1RY,Top of the Bus,Christmas Classics with Top of the Bus,The Little Drummer Boy,8,139436,False,0.431,0.623,10,-6.664,1,0.0304,0.563,0.0264,0.299,0.296,142.329,4,kids,2
31x39diZvGb1pu0vFitQcj,Blake Rules;Netherfriends,Kids Trap 3,Be Polite,13,166956,False,0.893,0.535,7,-10.372,1,0.26,0.856,1.55e-06,0.101,0.415,137.995,4,kids,2
73Y5Gl53bu3gcsXkM42uWV,Poop Emoji,Best Nintendo Music,The Princess Daisy Song,9,60000,False,0.413,0.472,10,-8.175,1,0.126,0.14,0.0,0.0383,0.639,70.709,4,kids,2
1IUDBexGS0mPVxX13nVIvd,Amy Liz,Kid Hits,Make a Sound,30,168160,False,0.836,0.339,7,-7.913,1,0.0728,0.4,0.0,0.0675,0.798,144.039,4,kids,2
0lASm1brReAnrOirk2f0a2,Christopher Zondaflex Tyler,Mr Chris Hip Hop Dance Moves,Bear Crawl,13,97620,False,0.738,0.499,1,-14.344,1,0.546,0.21,0.0,0.569,0.806,88.916,4,kids,2
6PDQQChY0Jz7440TTgsfOz,Mini Pop Kids,Mini Pop Kids 18,Stuck with U,12,215826,False,0.541,0.42,8,-6.341,1,0.0527,0.289,0.0,0.068,0.349,178.999,3,kids,2
6Qp5eEWuuvYaMaJhDcDhRv,Cupid;Cristal,Time for a Change,Do Yo Dance (feat. Cristal),10,209853,False,0.734,0.92,0,-3.509,0,0.0835,0.12,0.0,0.0516,0.791,121.923,4,kids,2
2dIpzVC9RzJIYca6fGcPTT,Patty Shukla,"Jump, Wiggle and Hop",Choo Choo Train,49,140546,False,0.847,0.801,3,-4.073,1,0.105,0.278,0.0,0.326,0.709,109.965,4,kids,2
6SoE7V4XmRDNCXYa5nvu9o,Dora The Explorer,Dora The Explorer,Bouncy Ball,20,56453,False,0.767,0.625,5,-6.802,1,0.252,0.506,0.0,0.0958,0.855,174.837,4,kids,2
5sXJukxMUBd2CX8nmwYHbD,Babyboomboom,English and Mandarin Chinese,This Little Piggy (Zhè Zhī Xiǎo Xhū),12,53186,False,0.717,0.173,6,-15.703,1,0.946,0.735,0.0,0.161,0.518,94.301,5,kids,2
45R5rtT0KYMmqGK2dwnYR4,Kidsounds,Number Songs,Ten Green Bottles,17,226346,False,0.921,0.423,0,-9.389,1,0.0512,0.402,0.0,0.107,0.855,121.997,4,kids,2
3gGhPc6yhl6ffFIuANQbIT,Jack Hartmann,Every 1 Counts,Days in the Month Rap,8,78373,False,0.905,0.847,5,-6.331,0,0.441,0.258,1.05e-06,0.0544,0.864,88.003,4,kids,2
0269hytbWSlMBWLLbKbEU4,Top of the Bus,Christmas Classics with Top of the Bus,Rudolph the Red-Nosed Reindeer,8,118222,False,0.544,0.652,7,-5.302,1,0.0309,0.654,0.00469,0.172,0.849,134.842,4,kids,2
6AdrpG8bYlxDiY8ndkq82Q,Koo Koo Kanga Roo,Gross,Pick It and Flick It,10,89689,False,0.879,0.818,4,-8.515,0,0.319,0.111,0.0,0.0813,0.475,100.156,4,kids,2
3DY7C6o4zd4VnjYDFQ8MzI,Koo Koo Kanga Roo,"Cafetorium Songs, Vol. 1",I Get Loose,41,96029,False,0.884,0.705,10,-6.04,0,0.125,0.00821,0.0,0.0363,0.694,113.94,4,kids,2
1t5X4GCncICh7BmMbGDYLf,Kidsounds,Number Songs,One Two Buckle My Shoe,23,119666,False,0.859,0.662,7,-8.877,1,0.0797,0.0477,1.71e-06,0.374,0.795,104.002,4,kids,2
4L3gudFA7H9VA89ryy6UKd,BadKidMacei,Good Good,Good Good,20,116044,True,0.744,0.719,1,-5.749,1,0.0605,0.284,0.0,0.118,0.592,89.967,4,kids,2
429sDlTOAjudsmteXT8Wo6,Koo Koo Kanga Roo,The Everlasting Slumber Party,Food Fight,19,235900,False,0.716,0.776,6,-7.161,1,0.343,0.0626,0.0,0.22,0.669,121.721,4,kids,2
7m7mAJ1pj99t0AzceCG3p2,The Party Cats,Kids Dance Party: Halloween Jams,This Is Halloween,13,196666,False,0.59,0.468,0,-7.58,0,0.0518,0.741,0.0,0.109,0.443,167.589,4,kids,2
4GQ35Jlno57UgsmgtId8Ud,Big Mucci,The Bikers Shuffle Collection,Bikers Shuffle - Milwaukee WI Version,11,323239,False,0.956,0.525,1,-9.651,1,0.568,0.00962,0.0,0.0545,0.601,123.536,4,kids,2
7pEXRliRn0FRDLwc7Kwyid,Dora The Explorer,Dora The Explorer,Fairytale Land,14,63840,False,0.62,0.871,0,-3.595,1,0.0498,0.616,0.000255,0.18,0.94,119.663,4,kids,2
02obeYkCdobtFWUBXkScFP,Little Apple Band,Kids Clubhouse Favorites - The Mickey Collection,Hot Dog!,8,148389,False,0.889,0.566,7,-8.539,1,0.13,0.553,0.0015,0.114,0.918,92.055,4,kids,2
2V8v3sFAfpEe4D1oW8bo1x,Pj Panda,My Favorite Rapper Is a Panda,The Summer Song,9,154566,False,0.747,0.72,5,-5.031,1,0.0559,0.0192,0.0,0.0814,0.432,160.034,4,kids,2
4KGSOooeW09GDTDmF0x6d3,That Girl Lay Lay,Tha Cheat Code Reloaded,Potty Mouth,16,197495,False,0.902,0.659,4,-3.578,1,0.129,0.57,3.01e-06,0.095,0.422,138.066,4,kids,2
3ncqnPmVJbw4qjy7GSl98b,Grey Skye Evans,Be Like Grey,Be Like Grey,21,159764,False,0.955,0.523,2,-8.46,1,0.232,0.0271,0.000174,0.0836,0.405,113.987,4,kids,2
2da8F7y4cIK9yY6APG1UyX,Christopher Zondaflex Tyler,Mr. Chris' Tap Music for Kids,Cramp Roll (Right Foot),13,109636,False,0.923,0.378,7,-16.474,1,0.384,0.036,0.0,0.0774,0.544,91.987,4,kids,2
18tRIlHaFI2E3BbtSl8KgD,KD Da Kid,Puppy Love,Puppy Love,18,138475,False,0.683,0.517,9,-8.594,0,0.399,0.106,0.0,0.116,0.445,95.048,4,kids,2
1jd8dR14gOSTsEfKKgt6EW,Little Apple Band,"The Best of Kids Songs - Back to School: Songs from Sesame Street, The Muppets, Phineas and Ferb, Fraggle Rock and More!",The Muppet Show Theme,12,50384,False,0.824,0.602,0,-7.955,1,0.0734,0.816,0.0011,0.11,0.659,114.979,4,kids,2
4wZVrrMGdW7J2IPSDRRbRo,Choo Choo Soul,Choo Choo Soul,Animal Sounds - Original Version,18,122293,False,0.708,0.728,1,-6.72,0,0.205,0.155,2.96e-06,0.0582,0.718,90.301,4,kids,2
0IyPydcIE9gQAQDj8Ylze6,Pj Panda,Raised on Hip Hop,$Ave Money,10,137379,False,0.838,0.846,0,-1.953,0,0.0552,0.133,0.0,0.323,0.499,144.965,4,kids,2
7Ek5N778ccoVtiSOxzAmfh,The Party Cats,Tutti in piscina Canzoni per bambini,Pump Up The Jam,0,375760,False,0.705,0.866,10,-10.683,0,0.0405,0.00109,0.00263,0.0601,0.83,124.584,4,kids,2
3jhpViY77j75H3wKuZ8n6b,Blake Rules;Netherfriends,Kids Trap 2,It's Cool to Be Different,21,130285,False,0.845,0.313,11,-15.972,0,0.362,0.519,0.115,0.136,0.48,139.876,4,kids,2
28KP8lbtGfKuNlPhlhxwWn,Cooltime Kids,Kids Songs: Silly Songs!,On Top Of Spaghetti,14,136333,False,0.477,0.528,9,-8.81,1,0.0316,0.852,1.56e-05,0.476,0.8,174.499,3,kids,2
39m8Rvbp9z8HXyyCuEY1Dv,Jack Hartmann,Science Songs All Day Long,3 States of Matter,14,175862,False,0.921,0.924,5,-4.887,1,0.101,0.0484,0.0,0.532,0.58,115.995,4,kids,2
7mUTA6Okk5iAAbbOpInvZB,Super Siah,School Is Out,School Is Out,11,110016,False,0.688,0.623,8,-6.476,0,0.169,0.656,0.0,0.259,0.576,148.218,4,kids,2
5UYpUjkb2x9j6yJcqQt08H,Kidsounds,Number Songs,Six Little Ducks,26,104586,False,0.958,0.545,2,-6.708,1,0.0883,0.577,1.99e-06,0.104,0.892,120.059,4,kids,2
49TNlAQZXmFBteKZBF9rj0,MC SQUARE,Hustle 2.0,Ram Ram,61,213600,False,0.718,0.655,8,-6.419,0,0.0751,0.187,0.0,0.498,0.569,100.012,4,hip-hop,2
3eekarcy7kvN4yt5ZFzltW,Travis Scott,HIGHEST IN THE ROOM,HIGHEST IN THE ROOM,82,175720,True,0.598,0.427,7,-8.764,0,0.0317,0.0546,5.83e-06,0.21,0.0605,76.469,4,hip-hop,2
62jZHuAKzWsNLsAivOIbF3,Gunna,Pushin P - Top Rap,Banking on Me,2,200000,True,0.793,0.308,0,-10.414,0,0.0466,0.613,1.68e-05,0.0953,0.46,135.143,4,hip-hop,2
6Y1cH3RzDCMWGQtOS0HmP8,Kailash Kher,Waisa Bhi Hota Hai Part 2,Allah Ke Bande,62,246883,False,0.543,0.44,7,-8.595,1,0.0597,0.795,0.0,0.224,0.726,125.53,5,hip-hop,2
7mUuarQfB0E0Xs80Vzd2gw,Karan Aujla;Gurlez Akhtar,Chitta Kurta,Chitta Kurta,59,217260,False,0.834,0.738,8,-6.904,0,0.199,0.2,0.0,0.0797,0.656,89.99,4,hip-hop,2
7GfdU12uRL2xtSQcRXmqNN,Maninder Buttar,Laare,Laare,60,270545,False,0.384,0.658,7,-5.125,1,0.05,0.201,0.0,0.245,0.67,82.43,3,hip-hop,2
4HEzmqZuqVk3qSwD6Dtk6K,Sidhu Moose Wala,My Block,My Block,59,221539,False,0.609,0.639,8,-4.662,0,0.0682,0.357,0.0,0.239,0.211,91.249,4,hip-hop,2
7H3mfOvtPNA8YDF3EdKy0L,Neeraj Shridhar;Kavita Seth,Cocktail (Original Motion Picture Soundtrack),Tum Hi Ho Bandhu,71,283693,False,0.715,0.89,11,-5.438,0,0.051,0.00111,0.000837,0.0297,0.891,134.994,4,hip-hop,2
2vkNA9I029dTwX0y6d59Sc,Anirudh Ravichander;Anthony Daasan,"Dippam Dappam (From ""Kaathuvaakula Rendu Kaadhal"")","Dippam Dappam (From ""Kaathuvaakula Rendu Kaadhal"")",74,209032,False,0.827,0.717,11,-7.755,0,0.111,0.0908,0.000523,0.0511,0.772,123.987,4,hip-hop,2
5eGsHi6RcL33gb9k89UYaB,Tegi Pannu;Manni Sandhu,Schedule,Schedule,72,148376,False,0.826,0.581,3,-6.425,0,0.21,0.518,2.49e-06,0.0703,0.787,92.434,4,hip-hop,2
4tBMbRwLJa5BjwJ6FrBlks,Wajid;Labh Janjua;Sneha Pant,Partner,Soni De Nakhre,61,261013,False,0.829,0.852,6,-5.4,1,0.0477,0.00698,0.000278,0.055,0.912,131.989,4,hip-hop,2
4t22MCG1GHjKlXRCIlJlDd,Yo Yo Honey Singh;Millind Gaba;Asli GOLD,Paris Ka Trip,Paris Ka Trip,63,196430,False,0.814,0.723,7,-5.638,1,0.235,0.178,0.0,0.0445,0.768,74.981,4,hip-hop,2
0RGp4KA9wvndxqPIWoKwnD,Ajey Nagar (CarryMinati);Wily Frenzy,Yalgaar (Original),Yalgaar,61,195652,False,0.726,0.818,6,-6.522,0,0.176,0.538,1.01e-06,0.111,0.812,92.033,4,hip-hop,2
6cSpp45tNFg80xi4f8ZBAY,Mac Miller;Kendrick Lamar,The Hip Hop Collection,"God Is Fair, Sexy Nasty",0,500960,False,0.504,0.409,2,-12.067,1,0.188,0.347,3.09e-05,0.112,0.137,133.701,4,hip-hop,2
65c6VCikt7f5sAS1heoYQC,Bohemia;Sidhu Moose Wala,Same Beef,Same Beef,68,290360,False,0.779,0.854,9,-4.958,1,0.219,0.0462,0.0,0.21,0.379,91.992,4,hip-hop,2
2zVOFcdPAurQMbP1D6czwo,Anirudh Ravichander,Vikram (Original Background Score),Amar Theme - Background Score,59,148023,False,0.679,0.724,2,-5.217,1,0.0423,0.121,0.79,0.164,0.0764,137.942,4,hip-hop,2
1lIb7Ze8PHhWwdXDtPF00j,Sidhu Moose Wala,"Jailaan (From ""Moosa Jatt"")","Jailaan (From ""Moosa Jatt"")",62,178604,False,0.593,0.791,8,-5.162,0,0.165,0.0343,0.0,0.0654,0.881,171.935,4,hip-hop,2
4oKcFaWmBSF3SGGYo4qq6R,DIVINE,Teesri Manzil,Teesri Manzil,56,205880,False,0.668,0.88,0,-7.057,1,0.261,0.217,1.95e-06,0.114,0.399,90.946,4,hip-hop,2
3GVkPk8mqxz0itaAriG1L7,XXXTENTACION,17,Everybody Dies In Their Nightmares,85,95466,True,0.734,0.57,7,-7.066,0,0.133,0.847,2.14e-05,0.112,0.689,129.953,4,hip-hop,2
3uRrymHwcED49Q4fAnJJgD,Lizzo;DaBaby,Energy Hip Hop,Truth Hurts - DaBaby Remix,0,197610,True,0.706,0.627,4,-2.94,0,0.202,0.193,0.0,0.126,0.38,158.041,4,hip-hop,2
24MVilhtBOg06UxlnNOonf,Vilen,Bekaar,Bekaar,58,197307,False,0.605,0.552,10,-7.875,1,0.0296,0.479,0.0,0.0916,0.313,83.958,4,hip-hop,2
4hzDCJUFDyk66oIBirPiCl,DIVINE,Gunehgar,Gunehgar,65,163404,False,0.643,0.906,1,-4.15,1,0.31,0.105,0.0,0.861,0.541,94.259,4,hip-hop,2
7KXjTSCq5nL1LoYtL7XAwS,Kendrick Lamar,DAMN.,HUMBLE.,84,177000,True,0.908,0.621,1,-6.638,0,0.102,0.000282,5.39e-05,0.0958,0.421,150.011,4,hip-hop,2
4Wy1PEoKfF3wPikE3GcWLl,Jordan Sandhu,Positivity,Positivity,59,170714,False,0.68,0.698,1,-5.93,0,0.26,0.172,0.0,0.15,0.501,167.831,4,hip-hop,2
12LE4Omy9ze8xTOMofMVB3,Anirudh Ravichander,"Porkanda Singam (EDM Version) [From ""Vikram""]","Porkanda Singam (EDM Version) [From ""Vikram""]",65,149433,False,0.685,0.755,11,-6.045,0,0.0476,0.102,0.194,0.159,0.422,158.932,4,hip-hop,2
1eKf1hCEVQbRDsOIrY0U3M,Kodak Black,Ghetto Superstar - New Rap Classics,Haitian Scarface,8,145245,True,0.569,0.459,1,-6.354,0,0.355,0.0648,0.0,0.168,0.0649,107.253,5,hip-hop,2
6IdUSDkIkBP7ZmTIZrZiVV,Jack Harlow,Ghetto Superstar - New Rap Classics,Dua Lipa,2,135053,True,0.833,0.652,11,-6.942,1,0.0762,0.00161,0.0985,0.106,0.405,158.022,4,hip-hop,2
05REArTDZQd59A9Y4XC0Aq,Mustafa Zahid,Ragini Mms 2,Maine Khud Ko,58,329072,False,0.648,0.52,7,-8.543,1,0.0249,0.674,0.00129,0.0821,0.492,102.975,4,hip-hop,2
5RrOyaV2xOAnf62uWj24dB,King,OOPS,OOPS,75,163200,False,0.918,0.673,0,-5.084,1,0.184,0.314,0.0,0.0555,0.828,99.952,4,hip-hop,2
2V52mICuJnWB3C4lrJZd7v,Sidhu Moose Wala;Sunny Malton,Youngest In Charge,Youngest In Charge,64,198409,False,0.595,0.689,2,-6.822,1,0.283,0.00463,0.0,0.154,0.519,176.069,4,hip-hop,2
5OotwkHgMpNYfsCwAOs4jP,Anirudh Ravichander;Jonita Gandhi,Don (Original Motion Picture Soundtrack),Private Party,63,216774,False,0.861,0.886,10,-5.413,0,0.122,0.182,1.29e-06,0.0559,0.898,124.031,4,hip-hop,2
1UUgngRGzFWfgpyN0WAN1r,Anirudh Ravichander;Ravi G;Shashaa Tirupati,"Naan Pizhai (From ""Kaathuvaakula Rendu Kaadhal"")","Naan Pizhai (From ""Kaathuvaakula Rendu Kaadhal"")",69,243570,False,0.401,0.488,2,-8.417,1,0.0288,0.6,0.0,0.124,0.455,149.951,3,hip-hop,2
1pFOGFtQyqdlFgzmSVJ2fz,Prabh Gill,Adore You,Adore You,57,60000,False,0.708,0.631,9,-5.977,1,0.196,0.646,0.0,0.342,0.851,83.813,4,hip-hop,2
3UhmuWcFaLS3AO3kI9ynQ2,AP Dhillon;Shinda Kahlon;Gurinder Gill;Gminxr,Insane,Insane,77,206060,False,0.796,0.572,8,-7.03,0,0.0545,0.416,2.55e-05,0.0975,0.304,98.967,4,hip-hop,2
4N0TO4VfONQDwynV2khBL1,Sidhu Moose Wala;Afsana Khan,Unfuckwithable (Bonus Track from Moosetape),Unfuckwithable (Bonus Track from Moosetape),59,283636,False,0.713,0.747,4,-4.492,0,0.128,0.117,5.51e-06,0.451,0.711,88.058,4,hip-hop,2
4VUpM5CFGeaeWY7akhQwQB,Amrit Maan;Sidhu Moose Wala,Bambiha Bole (feat. Sidhu Moose Wala),Bambiha Bole,62,301348,False,0.775,0.618,6,-6.133,1,0.086,0.2,0.0,0.468,0.654,93.98,4,hip-hop,2
3fPgIknlkDWXs1l2noKZbp,Badshah;Amaal Mallik;Fazilpuria;Sukriti Kakar;Neha Kakkar,The Badshah of Party Hits,Kar Gayi Chull,60,187710,False,0.827,0.737,11,-5.473,0,0.0764,0.0316,0.000322,0.211,0.873,121.99,4,hip-hop,2
61f7OTlfrjrZqZc8YZtNGd,Burna Boy;Stormzy,CruiseControl: How I Met The Biggest Bird (DJ Mix),Real Life (Mixed),4,124000,True,0.437,0.592,0,-9.726,1,0.299,0.181,6.45e-06,0.331,0.632,75.493,3,hip-hop,2
79blZUG11a6vtTL3Nt9J78,Arjun;Badshah;Bohemia;Diljit Dosanjh;Fateh;Gippy Grewal;Girik Aman;Gupz Sehra;Guru Randhawa;Hans Raj Hans;Harjit Harman;Harrdy Sandhu;Labh Janjua;Neha Kakkar;Ranjit Bawa;Sharry Mann;Sukhbir;Surjit Bindrakhia;Yo Yo Honey Singh;Amit Trivedi;Anand Raj Anand;Atul Sharma;B Praak;Beat Minister;Dr Zeus;Intense;Manj Musik;Mista Baaz;Preet Hundal;Vee;DJ Yogii,Punjabi Mashup,Punjabi Mashup,61,306572,False,0.418,0.931,2,-4.584,1,0.174,0.0028,7.71e-05,0.332,0.707,129.994,4,hip-hop,2
6qDHgeUBJFKYAGPBj3eVD6,Jordan Sandhu,FAME,Balcony,59,163404,False,0.537,0.712,10,-5.342,0,0.207,0.131,0.0,0.174,0.432,94.196,4,hip-hop,2
4Znd47cztY1DEmoWWVcP74,King,Khwabeeda,Sinner,63,229104,False,0.731,0.694,5,-4.314,0,0.0896,0.721,0.0,0.154,0.656,62.995,4,hip-hop,2
0MRg2bzlVhGQTi4ecu792k,Ajey Nagar (CarryMinati);Wily Frenzy,Vardaan,Vardaan,56,202105,False,0.675,0.735,9,-10.894,0,0.381,0.136,0.0,0.152,0.139,95.0,4,hip-hop,2
4oglYe270D9yn6Gc0JWc03,Kanika Kapoor;Devi Sri Prasad,"Oo Bolega Ya Oo Oo Bolega (From ""Pushpa The Rise Part - 01"")","Oo Bolega Ya Oo Oo Bolega (From ""Pushpa The Rise Part - 01"")",64,226313,False,0.922,0.763,5,-5.948,0,0.0974,0.261,0.0672,0.464,0.478,128.032,4,hip-hop,2
2hTn8oS49IQULxAWs7hEBz,Maninder Buttar;Zahrah S Khan;Tanishk Bagchi,Sakhiyan2.0 - BellBottom,Sakhiyan2.0,68,177694,False,0.817,0.715,9,-5.13,1,0.0484,0.183,0.0,0.214,0.398,100.002,4,hip-hop,2
4woTEX1wYOTGDqNXuavlRC,Eminem;Dina Rae,The Eminem Show,Superman,86,350320,True,0.802,0.755,4,-3.138,0,0.0564,0.0215,0.0,0.295,0.58,130.027,4,hip-hop,2
0iJPMG79hgWnDHjufnoplb,Anirudh Ravichander,Vikram (Original Background Score),Porkanda Singam EDM Version (Additional Song),60,149433,False,0.687,0.769,11,-5.604,0,0.0464,0.105,0.256,0.159,0.413,158.953,4,hip-hop,2
3jW0wb61ySku4gmORXuGDn,Akhil,Deewana,Deewana,58,221044,False,0.544,0.531,11,-6.899,0,0.0397,0.761,0.0,0.115,0.471,79.993,4,hip-hop,2
18Mf7Xqt0DEL8Uo8P40BQk,Lizzo;Two Stacks,Dance Dance Dance,Good as Hell - Two Stacks Remix,0,177314,False,0.512,0.854,1,-4.572,1,0.054,0.000778,0.0069,0.195,0.514,191.939,4,hip-hop,2
2gp0OtnltLdrcNhKHVL2qM,Hiphop Tamizha;Sid Sriram,Mr. Local (Original Motion Picture Soundtrack),Nee Nenacha,56,268683,False,0.329,0.408,0,-10.672,1,0.0629,0.575,0.0,0.115,0.408,182.961,4,hip-hop,2
228g1NgJgOs36q9m1McKps,Mac Miller;Chief Keef,Drillin' & Rappin',Cut the Check,2,170706,False,0.842,0.685,1,-8.08,1,0.251,0.0473,0.0,0.119,0.499,99.981,4,hip-hop,2
0vnDFdVlcFnuv5FIUUHvaY,Elemental Raggamuffin,Mr Raggamuffin,Mr Raggamuffin,26,152375,False,0.869,0.794,8,-6.069,1,0.156,0.199,0.0,0.0772,0.643,89.996,4,dancehall,2
3b9acRXnM18tDliMPrSi4R,Kraff Gad,1 BuduChop,1 BuduChop,30,165877,True,0.892,0.592,0,-8.429,1,0.255,0.352,0.0,0.336,0.17,100.055,4,dancehall,2
5fobKrmWA5owgI5u8EcXSs,Bracket,Alive,Mama Africa,54,201827,False,0.843,0.924,8,-2.91,0,0.285,0.288,0.0,0.112,0.778,127.036,4,dancehall,2
2ekHlREMyWwCzye09BfZaW,Shamanes Crew,Antología,Viejo Mi Querido Viejo,38,203842,False,0.688,0.546,8,-5.686,0,0.0525,0.724,0.0,0.0784,0.286,74.986,4,dancehall,2
1KWb8TK1YsaK6KAyFH83Gj,Stefflon Don,Style (Prod By Cosmo),Style,39,184800,False,0.839,0.875,7,-4.885,1,0.212,0.0138,0.0052,0.0584,0.677,99.999,4,dancehall,2
2zYs4BonN2ydkbrRk333SN,Wizkid;Drake,Sounds From The Other Side,Come Closer (feat. Drake),62,211293,True,0.825,0.453,4,-7.429,0,0.227,0.127,3.82e-06,0.0838,0.496,99.974,4,dancehall,2
70oKmVneYkM3iOtJXtM3le,Kenyaman,Natraul love,Natraul love,28,209658,True,0.404,0.585,2,-7.321,1,0.295,0.102,0.0,0.056,0.292,71.102,5,dancehall,2
3oHhIVVvm5QHyHIVorWNke,Tiwa Savage;Davido,Afropop 2022,Park Well,0,178553,False,0.613,0.674,11,-5.696,1,0.112,0.576,0.000254,0.0899,0.7,197.506,4,dancehall,2
7lJtRbSmuXwzoeFbtrYHzr,Omah Lay,What Have We Done,Can't Relate,46,183640,True,0.642,0.479,3,-8.027,0,0.276,0.295,2.89e-05,0.143,0.398,101.825,4,dancehall,2
7ixiCZEHWHc8FxaQXQh2P4,Sister Nancy,One Two,Bam Bam,67,196506,False,0.722,0.605,5,-6.07,1,0.153,0.825,0.0178,0.248,0.709,165.998,4,dancehall,2
0e2IcGybx5iw1Iv5mTX7H0,Teejay,Consistency (Through the Years),Stimulate,0,154482,True,0.661,0.655,0,-8.181,1,0.22,0.196,0.0,0.0895,0.575,173.951,4,dancehall,2
20hZEnFjyvUIk4YkONRGMZ,Omah Lay,Get Layd,Lo Lo,58,171730,False,0.725,0.704,7,-4.592,1,0.251,0.0636,0.163,0.0991,0.483,204.004,4,dancehall,2
0r8pr40vuAfn5s67TBCpJP,Lutan Fyah,Reggae Sunset Riddim,Friend Of Music,5,163000,False,0.571,0.703,0,-5.71,1,0.243,0.0156,0.0,0.287,0.714,77.929,4,dancehall,2
7rUo7Hysz2bTzhQpZBWDOY,Chronic Law,Too Emotional,Too Emotional,30,163813,True,0.604,0.687,1,-8.575,1,0.45,0.339,0.000116,0.12,0.372,120.33,5,dancehall,2
7BsEg5U5Ab1ZaS483Nky7M,Serani,No Games,Romance Me,33,222826,False,0.618,0.873,11,-6.873,0,0.14,0.00202,0.0,0.148,0.744,183.939,4,dancehall,2
6U9jxxdQ6TNzjshIpwWMTf,Tiwa Savage;Wizkid;Spellz,Sugarcane,Ma Lo,53,182857,False,0.788,0.721,11,-4.577,1,0.152,0.424,2.86e-06,0.0897,0.653,105.23,4,dancehall,2
2cerDm5EbuTNJ68EIMtrF2,Burna Boy;Chris Martin,Twice As Tall,Monsters You Made (feat. Chris Martin),45,217541,True,0.671,0.646,7,-7.513,0,0.195,0.272,0.0,0.405,0.355,142.0,4,dancehall,2
24ULbF2UnOeMbkmkGriTBc,NSG,Petite,Petite,59,182710,True,0.631,0.565,7,-6.89,1,0.225,0.452,4e-05,0.0782,0.522,101.822,4,dancehall,2
2uNF7QNBgw7NlTM0eAlMQ3,Cestar;Stailok,Fuego,Si Tú Me Quisieras,39,189789,False,0.599,0.726,6,-5.004,1,0.384,0.101,0.0,0.0848,0.491,189.975,4,dancehall,2
5SQaQWvBDEAeug4EPyYEGE,Chronixx,Chronology,Skankin' Sweet,58,252125,False,0.739,0.658,0,-5.462,1,0.0762,0.0748,2.14e-06,0.101,0.707,77.999,4,dancehall,2
4RvtzkdXmDOjbggr6pu9jR,Apache Indian,Time For Change,Global Talk,2,248426,False,0.77,0.871,2,-4.358,1,0.0775,0.158,0.00147,0.286,0.892,104.023,4,dancehall,2
7Lh7cJzYuo4U5Uq687rLSm,NSG;Geko,Yo Darlin',Yo Darlin',54,252860,True,0.674,0.688,11,-5.029,0,0.246,0.303,0.0,0.14,0.606,99.541,4,dancehall,2
6cfRX5ktaMj7ZzwM68HrYG,Omah Lay,Boy Alone,how to luv,51,151117,True,0.777,0.647,7,-9.612,0,0.0486,0.487,0.079,0.0976,0.431,112.951,4,dancehall,2
4UwFt2zfxXT1QH8TEkQHh1,Filip Mota,No Puedo Creer,No Puedo Creer,27,206166,False,0.703,0.712,9,-4.96,0,0.088,0.347,0.0,0.133,0.743,89.909,4,dancehall,2
2qSnqsLv7b9GbWFhyZJwMM,Burna Boy;Blxst;Kehlani,The Look - R&B Feels,Solid,0,195134,True,0.554,0.509,1,-9.429,1,0.339,0.149,1.86e-05,0.094,0.718,199.874,4,dancehall,2
4bUe0OUcwdu85AMBkZzYFg,Burna Boy;Popcaan,"Love, Damini",Toni-Ann Singh (feat. Popcaan),65,175677,True,0.67,0.607,5,-6.44,0,0.444,0.396,0.0,0.238,0.863,199.666,4,dancehall,2
2isb6crrhgFJ3zxBFa5fXG,Sarz;WurlD,I LOVE GIRLS WITH TROBUL,MAD,47,238016,True,0.724,0.707,5,-4.11,1,0.0577,0.154,0.00941,0.169,0.285,101.992,4,dancehall,2
2xVjvDSSHeY5O1EpPBDZD7,Escala Mercalli;La Combo Tortuga;Luis Lambis,Dices,Dices,39,204945,False,0.786,0.794,5,-3.241,0,0.0632,0.194,0.0,0.156,0.904,95.0,4,dancehall,2
2dGE7HMvZEjuNxzz4IDLyL,Burna Boy,"Love, Damini",Jagele,63,182037,False,0.726,0.617,5,-8.434,1,0.129,0.0475,0.0796,0.112,0.629,189.953,4,dancehall,2
5nEdwtSv0qqeE0l4o1lR4q,Sean Paul;Keyshia Cole,(When You Gonna) Give It up to Me (feat. Keyshia Cole),(When You Gonna) Give It Up to Me (feat. Keyshia Cole) - Radio Version,65,243880,False,0.711,0.761,8,-3.04,1,0.225,0.067,0.0,0.041,0.718,95.824,4,dancehall,2
6keGPMSGivlRavMexnXyWw,Ai Milly,What Joker Said,What Joker Said,31,206425,True,0.619,0.574,11,-6.991,0,0.485,0.596,0.0,0.114,0.346,130.507,5,dancehall,2
2BTjYq2KANT84EiAcTxPsJ,Apache Indian;Luciano,Time For Change,Calling Out to Jah,2,263160,False,0.732,0.922,8,-4.78,1,0.246,0.0416,0.0,0.0698,0.962,149.971,4,dancehall,2
6EnfbMj5Ui3jkIw8CDaYIW,Kranium,Wi Deh Yah,Wi Deh Yah,55,146400,True,0.648,0.725,11,-7.064,0,0.266,0.063,0.0,0.111,0.563,100.192,4,dancehall,2
3KSnA0j67IFkiwmEotMGin,Burna Boy;Jeremih;Serani,African Giant,Secret (feat. Jeremih & Serani),58,203537,True,0.504,0.919,1,-3.696,1,0.0992,0.227,5.15e-05,0.104,0.622,136.197,5,dancehall,2
6spHiUIu4msYEmIQHmjpBm,T.O.K;Arif Cooper,Arif Cooper Presents: Up & Live Riddim (2022 Remastered),Sexy & Ready (2022 Remastered),0,150226,True,0.427,0.9,6,-3.904,1,0.242,0.0127,0.0,0.18,0.873,95.688,3,dancehall,2
4sHvKJc3qxiBuNTag8RiLq,Shamanes Crew,Reden-Zion,Se Ve Sola,39,189121,False,0.519,0.86,6,-5.475,1,0.305,0.0701,0.0,0.387,0.948,219.571,4,dancehall,2
5srIkb35ees5dhgjK3zdfz,Burna Boy,African Giant,Collateral Damage,62,197558,False,0.74,0.852,2,-7.323,0,0.0453,0.51,0.123,0.158,0.903,102.015,4,dancehall,2
5CHXbSS76okOT6NeuEY9gr,Mr Eazi;Major Lazer;Nicki Minaj;Diplo;K4mo,Oh My Gawd (feat. Nicki Minaj & K4mo),Oh My Gawd (feat. Nicki Minaj & K4mo),45,180000,False,0.82,0.866,7,-3.859,0,0.214,0.152,0.0,0.0938,0.834,94.018,4,dancehall,2
1G2J5KdJxNH6Sd0wEclV0P,Sean Paul;Pia Mia,How We Do It,How We Do It (feat. Pia Mia),54,182672,True,0.623,0.818,0,-3.623,1,0.529,0.143,0.0,0.232,0.729,130.655,5,dancehall,2
22BoJ4mWZf7bQlABPYB4kV,El Shaaki;Nitro MC;Donexprs;Flor De Rap;Lechero Mon;jimmy Fernadez;Gedos;Crea BeatBox;Sponer;Delaion,Hiphappy,Hiphappy,34,391000,False,0.737,0.876,11,-3.821,1,0.259,0.142,0.0,0.0553,0.748,95.104,4,dancehall,2
7pG2mohladBSpE6CqxFik5,Yemi Alade,King Of Queens,Johnny,53,236012,False,0.84,0.842,5,-2.641,0,0.231,0.2,6.95e-05,0.138,0.875,125.104,4,dancehall,2
0hgX8dWS0cm2YUVrhecyg6,El Shaaki,Romantikabron,Nada Nos Frena,28,158901,False,0.766,0.609,8,-3.448,1,0.413,0.0332,0.0,0.0885,0.516,90.846,4,dancehall,2
2cytBOLpwFRX7J9URCrFIe,NSG;Tion Wayne,Options,Options,59,240081,True,0.836,0.621,1,-4.685,0,0.0892,0.387,9.16e-05,0.104,0.762,101.995,4,dancehall,2
6iy3G8awTbXkNF1amHRIlL,Imenella;Petter,Ögonblick,Ögonblick,31,183331,True,0.685,0.564,4,-7.039,0,0.085,0.777,0.0,0.21,0.236,95.897,4,dancehall,2
1vCozGsi9zZ11mkWVZetj0,Stefflon Don;Spice,Clockwork (feat. Spice),Clockwork (feat. Spice),18,152917,True,0.902,0.797,11,-5.494,1,0.169,0.367,6.84e-05,0.15,0.962,104.981,4,dancehall,2
5Gzm3nV4Jg9w1PQPMAiZSi,Prince Swanny,Dominant,Dominant,27,240048,True,0.551,0.592,11,-4.585,0,0.0551,0.871,0.0,0.12,0.538,145.075,4,dancehall,2
2vDjeqTzuAS8RaKmdqOcSe,Sean Paul;Tove Lo,Scorcha,Calling On Me (feat. Tove Lo),44,218556,False,0.623,0.891,7,-4.419,0,0.065,0.0159,0.0,0.329,0.64,99.986,4,dancehall,2
0WZv29OGhRABeryXBPMAV6,Reekado Banks;Fireboy DML,Ozumba Mbadiwe (Remix),Ozumba Mbadiwe - Remix,53,211636,False,0.758,0.795,8,-6.685,1,0.0337,0.438,0.00195,0.109,0.63,109.981,4,dancehall,2
2d6d55lcIvGmT0kh1Vn0RN,Shamanes Crew,Antología,Huellas En El Tiempo,33,220415,False,0.671,0.6,1,-7.186,0,0.0816,0.13,0.0,0.105,0.409,87.453,4,dancehall,2
4S0UUI7C5TRoktM4gnkh06,Shatta Wale,ON GOD,ON GOD,47,195056,True,0.64,0.542,5,-10.288,0,0.508,0.603,0.0,0.137,0.578,123.222,5,dancehall,2
68RA1QUNOOzS50vRVdl2BV,Bondi Cigars,32 Premium Quality Cuts 1990-2006,Howling At The Moon,32,211680,False,0.797,0.805,4,-6.508,0,0.0696,0.0287,0.00441,0.0596,0.839,123.384,4,blues,2
6IzFLw1MheQemO6c6D0yGE,Slank,Suit Suit... He He Gadis Sexy,Suit Suit...He..He.. (Gadis Sexy),36,210468,False,0.333,0.853,2,-8.331,1,0.0854,0.0329,0.0,0.163,0.373,138.382,4,blues,2
4jU7NPkz4HVnM4hweqNhI1,The White Stripes,Get Behind Me Satan,Blue Orchid,66,157560,False,0.481,0.645,10,-8.535,0,0.318,0.0863,6.2e-06,0.332,0.612,151.307,4,blues,2
1qOes5C44BnbFgDFrWnNcX,Mr. David,Jody Is Back,Slide On,33,223146,False,0.77,0.648,11,-6.928,1,0.0438,0.0283,0.0,0.199,0.917,108.475,4,blues,2
0P7DoyGrr4Wp9w5TotEtUC,The Band,Music From Big Pink (Remastered),The Weight - Remastered 2000,72,274493,False,0.63,0.551,9,-9.28,1,0.0549,0.373,5.75e-05,0.103,0.518,143.868,4,blues,2
5HQEmiV2lKnSO6qa2fsR7x,10cc,The Original Soundtrack,I'm Not In Love,71,366640,False,0.404,0.523,4,-15.7,1,0.0575,0.685,0.000498,0.282,0.164,133.738,4,blues,2
0zEl9xcPPZLbcIymdAdXLh,Bernard Adamus,Rue Ontario,Rue Ontario,33,184000,False,0.835,0.72,11,-4.977,0,0.341,0.0783,0.0,0.375,0.572,124.027,4,blues,2
7wZc7nmPQIoJ4xTW0iJcAd,Reignwolf,Hear Me Out,Keeper,59,186992,False,0.277,0.838,8,-7.233,1,0.168,0.0469,7.81e-06,0.152,0.227,133.863,4,blues,2
3qebSLgUwaEqbwCM5sj5Kh,Jimi Hendrix,Axis: Bold As Love,Castles Made of Sand,62,168920,False,0.461,0.714,11,-9.159,0,0.313,0.504,0.0171,0.684,0.454,94.372,4,blues,2
5AQpbyFoQmkOVwmlhKN4ii,J.J. Cale,Naturally,Call Me The Breeze,63,156840,False,0.814,0.418,11,-15.372,1,0.0382,0.75,0.0116,0.099,0.842,91.658,4,blues,2
6QDNAtUmOXfzUvIAsakcJL,Michael Cooper,Just What I Like,My Baby's House,34,348666,False,0.67,0.626,6,-11.818,1,0.0316,0.285,0.0,0.126,0.781,136.167,4,blues,2
2NcstvY8H9PVQ0DMNGHckh,Elle King,Love Stuff,America's Sweetheart,61,245546,False,0.528,0.928,1,-3.925,1,0.0666,0.0208,5.75e-06,0.376,0.4,128.01,4,blues,2
6JXPcSWXm39jsDD5Hf1Y4E,Ms. Jody,Ms. Jody's in the House,When Your Give a Damn Just Don't Give a Damn Anymore,34,383813,False,0.812,0.639,4,-10.187,0,0.0412,0.112,0.0,0.236,0.918,98.007,4,blues,2
5EWPGh7jbTNO2wakv8LjUI,Lynyrd Skynyrd,Pronounced' Leh-'Nerd 'Skin-'Nerd,Free Bird,77,547106,False,0.249,0.834,0,-8.21,1,0.0577,0.0738,9.48e-05,0.0924,0.338,118.223,4,blues,2
4WYBgQYaYEY2LcYYLXX8pM,El Cruce,A Mi País,La Chinita y Yo,33,198680,False,0.392,0.873,0,-3.209,1,0.0474,0.225,0.0,0.135,0.828,90.113,4,blues,2
0U8JTOgrivL4Sws3JHNTRN,The Changcuters,Binauralis,Hmmm.. Sudah Kuduga,33,233235,False,0.721,0.732,4,-4.678,1,0.0306,0.0391,5.23e-06,0.156,0.741,120.041,4,blues,2
4Wo8bxRPZD4FVvHld8YEC2,Ella Fitzgerald,pov: you are an christmas elf,Hotta Chocolatta,1,187026,False,0.85,0.532,1,-6.854,1,0.0576,0.768,0.0,0.358,0.866,120.905,4,blues,2
3awqafpe91c197KDbNd1am,The Changcuters,Loyalis,HANTU,33,156696,False,0.37,0.946,9,-3.185,1,0.0603,5.83e-05,0.453,0.307,0.254,149.933,4,blues,2
5d3KvWvuu5qpYCbpZX163x,Raphael Lake,Disco Pop,Another Wave,43,192976,False,0.593,0.729,3,-6.484,0,0.0334,0.0166,0.0,0.0904,0.763,104.973,4,blues,2
5K09WxKdlkroDyEVyOSySy,Aretha Franklin,Lady Soul (With Bonus Selections),(You Make Me Feel Like) A Natural Woman,68,165333,False,0.603,0.271,5,-10.083,1,0.0284,0.679,0.0,0.141,0.405,110.89,3,blues,2
1oAM55oTaAwYWxH2jNISgy,Salif Keita,Africa Rising Vol.2,Da,9,233493,False,0.735,0.795,11,-4.987,0,0.0349,0.266,1.14e-05,0.313,0.62,109.975,4,blues,2
0Z9TafIwWJgQxSmqnsPwLI,City Wolf,Face In The Dark,Face In The Dark (ft. Panther),52,213159,False,0.47,0.961,7,-0.868,1,0.363,0.0466,0.0,0.305,0.648,164.899,4,blues,2
6duWrSlajEdgjAfaiKZV31,Elle King,Shake The Spirit,Baby Outlaw,50,199840,False,0.479,0.915,0,-2.942,1,0.0755,0.057,0.000367,0.284,0.375,152.016,4,blues,2
1a2iF9XymafjRk56q7oCxo,Stevie Ray Vaughan,Texas Flood (Legacy Edition),Pride and Joy,67,219586,False,0.427,0.626,8,-11.821,1,0.0385,0.0274,0.00395,0.106,0.743,126.877,4,blues,2
6io0LJIP9ntX35hTfaxwQG,Eric Clapton,Slowhand 35th Anniversary (Super Deluxe),Lay Down Sally,62,236093,False,0.69,0.5,4,-16.145,0,0.0909,0.598,0.0288,0.11,0.586,191.539,4,blues,2
2bVsbXXTQ8jsee8HOhii7v,Atomirotta,I,Hima taas,36,179440,False,0.743,0.733,10,-5.465,1,0.0299,0.663,6.94e-05,0.125,0.93,109.969,4,blues,2
0n2SEXB2qoRQg171q7XqeW,Santana;Rob Thomas,Supernatural (Remastered),Smooth (feat. Rob Thomas),69,294986,False,0.609,0.923,9,-3.908,1,0.0338,0.16,4.73e-06,0.295,0.961,115.996,4,blues,2
3cg0dJfrQB66Qf2YthPb6G,B.B. King;Tracy Chapman,Deuces Wild,The Thrill Is Gone,64,301133,False,0.692,0.493,9,-9.662,0,0.0325,0.0934,0.00166,0.128,0.28,86.644,4,blues,2
2xar08Fq5xra2KKZs5Bw9j,Ray Charles,"Ray Charles (aka: Hallelujah, I Love Her So)",I've Got a Woman,66,171466,False,0.556,0.61,9,-4.729,1,0.213,0.833,2.22e-06,0.258,0.665,199.373,4,blues,2
4kWLURB29dCLiz0UFRCTsJ,Memphis La Blusera,Moscato Pizza y Fainá,La Bifurcada,34,277000,False,0.69,0.618,9,-8.891,0,0.0343,0.209,0.0,0.181,0.707,107.24,4,blues,2
2jbZNxygeXpRxRuKJeEQHn,T.K. Soul,Untouchable,Ride or Die,36,250802,False,0.878,0.602,1,-5.161,1,0.0871,0.25,4.78e-06,0.0389,0.964,141.973,4,blues,2
2tznHmp70DxMyr2XhWLOW0,Cage The Elephant,Melophobia,Cigarette Daydreams,79,208760,False,0.636,0.676,2,-3.442,1,0.0263,0.0807,0.0,0.0831,0.273,113.98,4,blues,2
3SemJVQCsUo0K3QGN7pIXu,Des Rocs,Let the Vultures In,Used to the Darkness,56,256342,False,0.674,0.751,4,-4.672,0,0.0359,0.181,0.0,0.191,0.471,106.007,4,blues,2
2adQxPZYRc8V004HgbE2p9,Andrzej Zaucha,Dookoła Wojtka II - Jeszcze w zielone gramy,Bądź moim natchnieniem,34,196360,False,0.54,0.553,1,-6.685,1,0.0307,0.539,0.0,0.229,0.687,127.193,4,blues,2
1bp2IO61zbQrbWNmKKxg3f,Steve Miller Band,The Joker,The Joker,74,264503,False,0.596,0.448,5,-9.616,1,0.0396,0.365,5.3e-06,0.206,0.796,83.293,4,blues,2
618hiI74zBL8UVgAvfmkLj,Eric Clapton;B.B. King,Riding with the King,Riding with the King,57,264240,False,0.462,0.796,9,-6.202,1,0.0322,0.384,0.0,0.296,0.824,204.028,4,blues,2
6O0OCTxHffoXmJSnhrRSmD,Carl Marshall,"Songs People Love the Most, Vol. 1: Deluxe Edition",Good Loving Will Make You Cry (Remastered),36,352280,False,0.7,0.71,5,-4.351,1,0.0394,0.304,0.0,0.105,0.452,80.515,4,blues,2
2bIfM0ZOF4gxK1BeqH3Djm,B.B. King,Live And Well,Why I Sing The Blues,54,517400,False,0.792,0.495,0,-11.603,1,0.0527,0.239,0.00175,0.074,0.719,118.066,4,blues,2
2AxCeJ6PSsBYiTckM0HLY7,Jimi Hendrix,Electric Ladyland,Voodoo Child (Slight Return),68,313373,False,0.214,0.91,8,-6.662,1,0.389,0.477,0.00833,0.0517,0.448,175.549,4,blues,2
398Q0gLfmsjJ5GFx9W2q5Y,The Olympics,The Very Best of the Olympics,Western Movies,32,140504,False,0.668,0.457,7,-7.138,1,0.0637,0.493,0.0147,0.117,0.691,120.494,4,blues,2
19ckOjE6OI0WyzUAW4rlvI,Arno,Opex,I Can't Dance,37,235346,False,0.451,0.692,9,-7.016,1,0.04,0.000614,0.0104,0.11,0.533,170.027,4,blues,2
0ujFmyKkSXQnlVMBz4plMM,The White Stripes,The White Stripes,St. James Infirmary Blues,50,144266,False,0.585,0.857,5,-4.409,0,0.0393,0.58,0.601,0.215,0.624,118.861,4,blues,2
66iKqUazBbTlAEjcZrpDkD,Dinah Washington,What A Diff'rence A Day Makes! (Expanded Edition),What A Diff'rence A Day Made,64,151866,False,0.387,0.117,0,-17.803,1,0.0299,0.925,0.000171,0.109,0.166,93.575,4,blues,2
4xlEKYv7HmC8zXoJIbpZKM,The Raconteurs,Broken Boy Soldiers,"Steady, As She Goes",70,215266,False,0.525,0.578,9,-4.563,1,0.12,0.0132,0.00916,0.108,0.537,123.696,4,blues,2
63FXAyCx5IxHFzOuRFNcny,Slank,PISS,Kirim Aku Bunga,39,292937,False,0.431,0.625,7,-8.313,1,0.0264,0.00968,1e-06,0.0811,0.269,82.935,4,blues,2
0gaMmmhGi5buPXpquSAfxg,Rainbow,Ritchie Blackmore's Rainbow,The Temple Of The King,64,282013,False,0.486,0.487,9,-11.633,0,0.0341,0.445,1.44e-05,0.0648,0.373,81.972,4,blues,2
0yBI6YvP9mynD3LDcOgkGC,O. B. Buchana,Mississippi Folks,Swing On,32,290213,False,0.738,0.669,0,-6.856,1,0.0288,0.165,2.33e-06,0.572,0.759,107.0,4,blues,2
3Z921Zuo86pgPrgL5QoW1H,Sidiki Diabaté,Africa Rising Vol.2,Conscience tranquille,0,166346,False,0.782,0.619,7,-9.832,0,0.129,0.235,1.09e-05,0.149,0.696,115.028,4,blues,2
01LigwR8Dn9cPqCIGIBqwv,Theodis Ealey,I'm the Man You Need,Pop That Middle,31,258986,False,0.801,0.583,1,-6.7,0,0.0535,0.00921,0.00711,0.17,0.666,102.008,4,blues,2
2JTEJh85oUwda50GnYDWpp,Maria Del Sol,Ellas Cantan Asi,Quiero Tu Vida,35,202253,False,0.513,0.275,0,-20.415,1,0.038,0.0649,0.0,0.051,0.498,132.275,4,blues,2
51HoKwuVUVcv0DHPT0x2Qi,JOY.,Same Place,Same Place,61,225071,False,0.679,0.364,6,-9.876,1,0.0366,0.125,0.392,0.0993,0.19,114.995,4,electro,2
2g1KggY9PKvsoEAOaiz4xx,Ashnikko,DEMIDEVIL,Daisy,72,146523,True,0.834,0.663,8,-6.143,1,0.133,0.235,0.0,0.372,0.774,121.876,4,electro,2
67awxiNHNyjMXhVgsHuIrs,DJ Snake;Lil Jon,Turn Down for What,Turn Down for What,71,213733,False,0.818,0.799,1,-4.1,0,0.156,0.00107,0.128,0.057,0.0815,100.014,4,electro,2
1HvCFAUIWQsWV9zud3UhDl,Alan Walker;Noah Cyrus;Digital Farm Animals;Juliander,Different World,All Falls Down (feat. Juliander),65,198880,False,0.655,0.672,1,-4.966,1,0.0581,0.253,0.0,0.312,0.675,98.005,4,electro,2
54bFM56PmE4YLRnqpW6Tha,Billie Eilish,Therefore I Am,Therefore I Am,75,174321,False,0.889,0.34,11,-7.773,0,0.0697,0.218,0.13,0.055,0.716,94.009,4,electro,2
21AziTMaZwcLflGMAj85o5,Lauv,All 4 Nothing (I'm So In Love),All 4 Nothing (I'm So In Love),71,183014,False,0.72,0.819,1,-4.588,1,0.0362,0.0411,0.0,0.0606,0.898,131.99,4,electro,2
5L9ZO3rvkB7JdTSZoKB9RK,Charli XCX;Rina Sawayama,I'm Blue - Hits of 2022,Beg for You,0,168053,False,0.788,0.945,9,-5.091,1,0.0599,0.223,2.97e-06,0.115,0.466,128.036,4,electro,2
4I0gYzOq8qMgbxvrEiG2lK,K.Flay,Halloween Hits,Blood In The Cut,1,188706,True,0.77,0.655,2,-5.369,1,0.0316,0.118,0.0247,0.125,0.64,129.964,4,electro,2
2KnuaZYoGzDoHiBTNYOTXG,Billie Eilish,Happier Than Ever,Billie Bossa Nova,76,196730,False,0.895,0.389,7,-11.036,0,0.11,0.222,0.0346,0.105,0.549,110.023,4,electro,2
7vu0JkJh0ldukEYbTVcqd0,Julia Michaels,Nervous System,Issues,74,176320,False,0.728,0.415,8,-6.852,1,0.0639,0.401,0.0,0.0616,0.455,114.145,4,electro,2
5YdnOm5990Kfq1Jodws98B,Felix Jaehn;Ray Dalton,Call It Love,Call It Love,77,154560,False,0.616,0.841,5,-4.779,0,0.076,0.0559,0.00217,0.417,0.714,110.029,4,electro,2
1ER18JtNiSnKkZX26zdkG9,6091,Kummati,Kummati,45,213333,False,0.578,0.459,11,-11.68,1,0.0863,0.674,0.349,0.377,0.182,152.94,4,electro,2
4N1L4sd80b1E8FmWK7Xgcz,Dahl,Can I Kiss You?,Can I Kiss You?,59,207646,False,0.688,0.654,3,-5.617,1,0.0587,0.52,0.0,0.128,0.354,98.81,4,electro,2
2GgxS8bUT5G25QJTsfSv0R,Ellie Goulding,Halcyon Days,Burn,71,231211,False,0.559,0.777,1,-5.031,1,0.0432,0.31,0.0,0.105,0.329,87.016,4,electro,2
58HbUazPyqUNcXenlaSWaA,Alec Benjamin,It's You - Fresh Hits,Devil Doesn't Bargain,4,163613,False,0.448,0.606,3,-4.565,1,0.0609,0.577,0.0,0.217,0.483,121.15,4,electro,2
3WMnYYRj4VmziUS9Fzey8p,Alan Walker;Ina Wroldsen,"Walkerverse, Pt. I",Blue,55,157566,False,0.495,0.848,8,-6.718,0,0.0598,0.00306,0.000142,0.0668,0.487,180.052,4,electro,2
4crczEC1PpoD8TsDsmoWNI,Imanbek;Goodboys,Goodbye,Goodbye,70,144000,False,0.741,0.931,10,-3.447,0,0.0563,0.0225,0.000102,0.191,0.517,125.011,4,electro,2
09PGubKAMryhOWv1LHpCYz,Lauv;Anne-Marie,~how i'm feeling~,"fuck, i'm lonely (with Anne-Marie)",70,198973,True,0.809,0.547,9,-7.304,1,0.0609,0.46,0.0,0.0543,0.717,95.012,4,electro,2
2ccERNgupCOr0XjIikHDKJ,Otnicka;Duke Luke,Peaky Blinder,Peaky Blinder,65,159130,False,0.624,0.734,5,-7.338,0,0.176,0.33,0.0549,0.326,0.563,184.051,4,electro,2
2W0AJEbIC2vdZTV2nVSAsg,Alec Benjamin,Narrated For You,Outrunning Karma,67,188850,False,0.416,0.649,11,-5.271,0,0.0385,0.655,2.82e-06,0.12,0.474,112.482,3,electro,2
3krIviFWLeyjPTxqT6eaPL,Charli XCX;Tiësto,House Anthems,Break the Rules - Tiësto Remix,2,265049,True,0.668,0.982,8,-2.46,1,0.0433,0.00032,0.114,0.253,0.415,127.986,4,electro,2
6XdHZr9iXdqc4Q76wtgbqr,Alec Benjamin,The Way You Felt,The Way You Felt,61,182810,False,0.872,0.52,0,-6.928,1,0.0618,0.715,0.0,0.0982,0.736,131.918,4,electro,2
0g4fzRkbLeCDUCoe5iUOcf,Lykke Li,so sad so sexy,sex money feelings die,74,139840,True,0.789,0.534,8,-6.347,0,0.0709,0.323,3.42e-06,0.0645,0.631,134.055,4,electro,2
20I6sIOMTCkB6w7ryavxtO,Carly Rae Jepsen,Kiss,Call Me Maybe,80,193400,False,0.783,0.58,7,-6.548,1,0.0408,0.0114,2.28e-06,0.108,0.66,120.021,4,electro,2
0Rx0DJI556Ix5gBny6EWmn,Bazzi,Soul Searching,Paradise,75,169038,True,0.844,0.644,11,-6.273,0,0.0479,0.0828,0.0,0.113,0.591,122.061,4,electro,2
01A1YsdxWJ6omysFtEqJ18,The Chainsmokers,So Far So Good (lofi remixes),Channel 1 - lofi remix,0,153239,False,0.681,0.329,0,-12.988,1,0.0386,0.899,0.731,0.176,0.187,116.019,4,electro,2
5YLHLxoZsodDWjqSgjhBf3,Bazzi,COSMIC,Myself,68,167552,False,0.745,0.561,9,-5.513,0,0.072,0.465,1.12e-06,0.0338,0.902,195.918,4,electro,2
1roCmBlcpV7LzsmB7pmCyt,Alec Benjamin;Alessia Cara,Let Me Down Slowly (feat. Alessia Cara),Let Me Down Slowly (feat. Alessia Cara),71,169174,False,0.655,0.569,1,-5.018,0,0.0349,0.716,7.4e-06,0.135,0.44,150.267,4,electro,2
7MIhUdNJtaOnDmC5nBC1fb,Alok;Ella Eyre;Kenny Dope;Never Dull,Deep Down (feat. Never Dull),Deep Down (feat. Never Dull),84,165752,False,0.687,0.818,0,-4.221,1,0.0778,0.0112,0.0,0.248,0.886,125.952,4,electro,2
0MZ6NFEV7oQSDMzuXBVS5E,Sickflip;Ritviz;Seedhe Maut,Roshni,Roshni,45,174000,False,0.566,0.576,6,-7.652,0,0.121,0.629,0.0,0.534,0.3,100.065,4,electro,2
41zXlQxzTi6cGAjpOXyLYH,Billie Eilish,dont smile at me,idontwannabeyouanymore,81,203569,False,0.483,0.412,7,-8.461,1,0.0402,0.737,0.0,0.116,0.247,170.163,3,electro,2
18I7HIzT4GwEzp9jJ8KoFe,Alec Benjamin,(Un)Commentary,Dopamine Addict,62,144956,False,0.721,0.772,10,-4.506,0,0.19,0.598,0.000204,0.19,0.483,76.928,4,electro,2
7bcy34fBT2ap1L4bfPsl9q,Billie Eilish,Happier Than Ever,I Didn't Change My Number,75,158463,True,0.849,0.48,9,-5.835,1,0.226,0.612,0.269,0.295,0.677,142.021,4,electro,2
5tiZBnx5IvETA0Pj3gELjn,blackbear,everything means nothing,me & ur ghost,67,201398,True,0.742,0.679,7,-4.594,1,0.0259,0.0488,0.0,0.0754,0.856,100.041,4,electro,2
19TSNGmvdTtlxYn4YqYUMf,Alan Walker;David Whistle,Routine,Routine,57,166973,False,0.641,0.824,6,-3.706,0,0.0272,0.0624,0.0621,0.258,0.257,115.003,4,electro,2
5y8liVmpsvn6Kg4JFijj4Z,Fly By Midnight,What If I Wasn't Done Loving You?,What If I Wasn't Done Loving You?,63,175562,False,0.52,0.662,8,-7.626,1,0.0776,0.589,1.78e-05,0.133,0.235,172.102,4,electro,2
7eB1V5LvAdxCc7brfGhRRo,Billie Eilish,dont smile at me,watch,79,177523,False,0.441,0.599,0,-8.985,1,0.225,0.333,0.00198,0.103,0.35,165.212,4,electro,2
1c9wxQkSyFOCkVUl3Z5Say,The Chainsmokers,So Far So Good (lofi remixes),I Hope You Change Your Mind - lofi remix,0,195456,False,0.648,0.473,0,-14.604,1,0.0285,0.598,0.917,0.136,0.363,112.998,4,electro,2
2CSrG5fnBpcdfPXg7sJUBi,Alec Benjamin,These Two Windows,The Book of You & I,63,207537,False,0.507,0.387,10,-6.237,1,0.0324,0.909,0.0,0.113,0.485,102.987,4,electro,2
2jRISGsO4RTm9CQVb1Jusn,Clara Mae,I'm Not Her,I'm Not Her,60,194204,False,0.477,0.51,2,-8.94,1,0.275,0.228,0.0,0.0755,0.477,111.893,5,electro,2
7y9iMe8SOB6z3NoHE2OfXl,Halsey,hopeless fountain kingdom (Deluxe),Bad At Love,74,181279,False,0.675,0.751,0,-3.539,1,0.0296,0.0604,0.0,0.0893,0.612,118.384,4,electro,2
1YlulsUKDduOmC7WxvXYPW,Ruel,Free Time,Painkiller,71,213506,False,0.683,0.42,5,-6.51,1,0.0542,0.0875,0.0,0.225,0.469,128.621,4,electro,2
4AtXAOH7cUeUkcacsMF61X,Bryce Vine,Daily Pop Mix,Moonrock,0,180713,False,0.671,0.746,5,-3.769,1,0.0508,0.371,5.69e-06,0.159,0.71,75.469,4,electro,2
1xyUCr7dIJYaUaaiDf4Q1L,blackbear,everything means nothing,queen of broken hearts,67,171171,True,0.717,0.712,0,-6.098,1,0.0765,0.00663,0.0,0.0756,0.825,97.019,4,electro,2
1wsZ0cp5He4Wm4yohNjwIs,blackbear;Tarro,idfc (Tarro Remix),idfc - Tarro Remix,64,248633,True,0.58,0.694,1,-5.45,0,0.221,0.481,1.18e-06,0.109,0.389,139.751,4,electro,2
1gV0hgMNdpSWeW7ZjSUKnX,TroyBoi;Diplo;Nina Sky,Afterhours feat. Diplo & Nina Sky,Afterhours feat. Diplo & Nina Sky,58,275604,False,0.74,0.831,1,-3.828,1,0.0423,0.089,0.0,0.0837,0.357,91.026,4,electro,2
4PyMK7JTcu6l30D8KogokR,Jeremy Zucker,supercuts,supercuts,63,206599,True,0.807,0.539,11,-8.193,1,0.124,0.0789,0.0,0.0928,0.755,127.992,4,electro,2
1eyek0KJEh2v5HQ9uQSybb,Lauv,~how i'm feeling~,Modern Loneliness,63,252337,True,0.702,0.508,8,-7.105,1,0.035,0.144,0.0,0.108,0.143,82.009,4,electro,2
5o5akY9xnEk6lpMkD8RwD9,Melanie Martinez,K-12,Teacher's Pet,76,241893,True,0.686,0.794,7,-6.136,0,0.0385,0.27,2.25e-05,0.125,0.532,140.952,3,electro,2
7m97u5zpSWqkDjN4uwY2LP,Greyson Chance,portraits,shut up,61,170363,False,0.821,0.448,9,-4.33,1,0.0468,0.296,3.26e-06,0.0683,0.45,105.006,4,electro,2
5teOR8KU4XNWY2WlVUDiIR,Loote;gnash,lost,85%,63,174106,False,0.574,0.651,7,-7.585,1,0.046,0.346,0.0,0.149,0.368,140.017,4,edm,2
4aFEI0dqQcF0w5fg8qiadd,Avicii;Reeva & Black,10's Dance Classics,Last Dance - Reeva & Black Dub Mix,0,318750,False,0.645,0.844,4,-6.835,0,0.046,0.0118,0.873,0.0761,0.425,127.995,4,edm,2
6N5WkgPIDoTdbCXyyIIKAv,Zaeden,tere bina,tere bina,68,157245,False,0.889,0.341,7,-7.909,1,0.0424,0.117,3.7e-06,0.0734,0.942,118.003,4,edm,2
5ISBiJcO6lfpOLqE1zzGVC,David Guetta,Beautiful Trending Hits 2022,Family Affair (Dance for Me),4,158391,False,0.869,0.726,11,-5.654,0,0.0459,0.0784,0.0,0.107,0.343,124.023,4,edm,2
3lj59hy6FrRDyYNo8Onuud,Barren Gates,Devil,Devil,66,176000,False,0.507,0.864,6,-1.421,0,0.168,0.343,2.57e-05,0.0891,0.41,150.075,4,edm,2
77u3cpprulNjIUYkjYwlhU,Ellie Goulding,Del gusto de mamá,Starry Eyed,4,176933,False,0.51,0.816,5,-5.331,0,0.0352,0.13,8.66e-06,0.224,0.588,149.929,4,edm,2
2wmQfaHp4zbqQkbf5nu5SF,Cartoon;Coleman Trapp,Why We Lose,Why We Lose,65,197485,False,0.423,0.92,4,-3.174,0,0.0428,0.00123,0.00992,0.329,0.0951,174.976,4,edm,2
4QwNKEWMM7dyLB7Ew9DHHg,Avicii;Rita Ora;Alan Walker,Lonely Together (Remixes),Lonely Together - (feat. Rita Ora) Alan Walker Remix,61,179760,False,0.637,0.791,5,-5.831,1,0.0469,0.29,0.0,0.229,0.43,103.051,4,edm,2
2aXC0fD6qziwlOZZqhCqTd,Hot Shade;Mike Perry;Chris James,Dive,Dive,74,164490,False,0.654,0.787,4,-4.999,1,0.0502,0.00515,0.0,0.144,0.409,123.979,4,edm,2
55sgQENF3LY1sUcJUwasLl,Skrillex;Justin Bieber;Don Toliver,Don’t Go (with Justin Bieber & Don Toliver),Don’t Go (with Justin Bieber & Don Toliver),69,168253,False,0.689,0.695,11,-5.22,1,0.0429,0.019,0.0,0.123,0.359,75.05,4,edm,2
66XDf77gBcfQKi4I2vIbTj,Steve Aoki;BTS,Neon Future III,Waste It On Me,63,192536,False,0.669,0.684,7,-4.595,1,0.0585,0.252,0.0,0.72,0.466,96.097,4,edm,2
71qB68guEJjbvtjlkZ8DF5,Kygo;X Ambassadors,Undeniable (feat. X Ambassadors),Undeniable (feat. X Ambassadors),69,180596,False,0.684,0.506,6,-6.743,1,0.0338,0.159,0.0,0.26,0.352,108.036,4,edm,2
0jvqmWRCyv7xnxqrtinbHJ,Axel Johansson;Tina Stachowiak,Next To Me (feat. Tina Stachowiak),Next To Me (feat. Tina Stachowiak),55,179500,False,0.447,0.596,8,-6.724,1,0.0587,0.156,2.14e-06,0.128,0.263,176.024,4,edm,2
7pqgMEKsDMOHUdFQ7n0N9K,David Guetta;Sam Martin,Listen,Dangerous (feat. Sam Martin),67,203641,False,0.466,0.747,4,-4.838,0,0.0795,0.417,9.76e-06,0.107,0.43,92.161,4,edm,2
61FLdmjzgB6bKfzNJ1ORZn,Tinlicker;Nathan Nicholson;Helsloot,Armada Electronic Elements - ADE 2022,Be Here And Now - Helsloot Remix,2,269637,False,0.643,0.865,6,-8.944,0,0.0464,0.0436,0.284,0.0975,0.0475,124.009,4,edm,2
3dz63QjQVZy7RYPzx6l3JU,Loote;Eric Nam,Your Side Of The Bed (Remixes),Your Side Of The Bed (feat. Eric Nam),61,196160,False,0.754,0.764,8,-3.95,1,0.0312,0.144,0.0,0.294,0.929,109.919,4,edm,2
0SSIu4CcGITHdatDmjlA6H,TELYKast;Loren Gray,Nobody To Love (with Loren Gray),Nobody To Love (with Loren Gray),60,146372,False,0.734,0.823,9,-3.684,0,0.0853,0.0937,0.0,0.0853,0.409,122.143,4,edm,2
4BuKcv3m61D3feQaJVW4oF,Ritviz,Mimmi,Pukaar,47,136751,False,0.534,0.476,7,-8.268,1,0.0325,0.0337,0.0,0.629,0.593,106.891,4,edm,2
6KKskhz8aQU9uR8n1SjQFY,DJ Kantik,Our Streets,Our Streets,44,262654,False,0.812,0.598,11,-7.325,0,0.0705,0.0205,0.837,0.335,0.521,103.0,4,edm,2
0ADG9OgdVTL7fgREP75BrZ,Zara Larsson,So Good,Ain't My Fault,69,224030,False,0.576,0.782,6,-4.825,0,0.0296,0.00778,0.0,0.285,0.355,141.153,4,edm,2
0Ev562zA4pmUsBqjxsxxdx,Gryffin;ILLENIUM;Daya,Feel Good (feat. Daya),Feel Good (feat. Daya),67,248156,False,0.625,0.707,2,-4.761,1,0.0337,0.22,0.0,0.213,0.479,138.064,4,edm,2
0wiDjWz3U1WfwXSrWHXe2b,David Guetta;Bebe Rexha;REAPER,I'm Good (Blue) [REAPER Remix],I'm Good (Blue) - REAPER Extended Remix,0,209655,True,0.466,0.982,5,-2.674,0,0.0752,0.00841,0.323,0.358,0.37,173.958,4,edm,2
6YBXCM0mLWNA6aLzFUNtEq,William Black;Monika Santucci,Pages,Deep Blue,53,201600,False,0.564,0.722,11,-5.453,1,0.0444,0.566,1.26e-06,0.323,0.244,150.042,4,edm,2
79WthgBijQ7koBeL5Sbw2W,Joel Corry;Mabel,Upbeat 20's,I Wish,3,181728,False,0.686,0.856,9,-2.717,0,0.0426,0.0896,0.0,0.0648,0.733,123.997,4,edm,2
3sa06xVNmLLYIxdNNmVQN8,Jax Jones;MNEK,Where Did You Go (feat. MNEK),Where Did You Go? (feat. MNEK),83,177689,False,0.763,0.782,7,-4.541,0,0.0346,0.182,7.08e-06,0.293,0.502,127.034,4,edm,2
2zh01m4PiHaZz4BAm0NRxs,Gryffin;Elley Duhé,Gravity,Tie Me Down (with Elley Duhé),66,218239,False,0.608,0.845,6,-2.292,1,0.0597,0.136,0.0,0.111,0.322,98.976,4,edm,2
5902W4uHWzhtOff1UK7the,Alesso;Katy Perry,When I’m Gone (with Katy Perry),When I’m Gone (with Katy Perry),80,161266,False,0.685,0.886,0,-4.179,1,0.034,0.028,0.0,0.481,0.615,125.034,4,edm,2
36dW3K50T9DcXYHIW9ZJgC,Mike Posner,Herbststimmung,Song About You,0,190146,False,0.687,0.846,2,-3.003,1,0.0419,0.172,1.24e-05,0.0806,0.589,87.024,4,edm,2
2FyB6FVV2F35wh175H6IeZ,Zaeden;Stunnah Beatz,Lagda Na,Lagda Na,53,137142,False,0.67,0.587,8,-7.82,0,0.0522,0.43,0.0,0.132,0.67,167.873,4,edm,2
3KPBh2wNoigGDMWQMeE7IV,R3HAB;ZAYN;Jungleboi,Flames (The EP),Flames (with ZAYN),48,155526,False,0.358,0.644,5,-8.027,0,0.0811,0.154,0.0,0.0898,0.436,152.085,4,edm,2
5d8a5B6RlYnquvR4X4OIrX,The Chainsmokers,So Far So Good,Time Bomb,62,203061,True,0.842,0.681,1,-5.73,0,0.0361,0.232,2.32e-05,0.125,0.872,109.97,4,edm,2
17ejRbr6B8l9zdqgCZsn4m,Gryffin;Katie Pearlman,Gravity,Nobody Compares To You (feat. Katie Pearlman),63,231290,False,0.59,0.764,2,-4.735,1,0.0467,0.229,0.0,0.192,0.331,104.911,4,edm,2
5JEx7HbmvHQQswJCsoo9rA,Ellie Goulding;Diplo;Swae Lee,Close To Me (feat. Swae Lee),Close To Me (with Diplo) (feat. Swae Lee),65,182623,True,0.575,0.758,1,-5.029,0,0.0618,0.0954,0.0,0.394,0.493,144.107,4,edm,2
5a1Cm3iYkS0nWn9fTijOq4,Steve Aoki;Alan Walker;ISÁK,Neon Future IV,Are You Lonely,58,157333,False,0.517,0.793,6,-5.851,0,0.0367,0.0214,0.00046,0.0892,0.176,90.06,4,edm,2
6f3Slt0GbA2bPZlz0aIFXN,Tiësto,The Business,The Business,82,164000,False,0.798,0.62,8,-7.079,0,0.232,0.414,0.0192,0.112,0.235,120.031,4,edm,2
0WUKrS8cEBOV5VSX6PAYLa,Avicii,Autumn Vibes 2022,Gonna Love Ya,0,215813,False,0.718,0.666,3,-6.624,0,0.0488,0.158,0.103,0.129,0.702,100.002,4,edm,2
2FqkTu4FhwDWn9hzEaWWCE,The Chainsmokers,So Far So Good,I Love U,69,185522,False,0.651,0.719,8,-5.804,1,0.0318,0.143,3.62e-05,0.0948,0.81,103.981,4,edm,2
0STpFM8rsicjXquXMyg8ih,David Guetta;Nicki Minaj;Bebe Rexha;Afrojack,Want to Want Me - 10s Pop,Hey Mama,46,192560,False,0.596,0.73,9,-4.091,1,0.151,0.24,0.0,0.325,0.524,85.979,4,edm,2
1sh6lL6cmlcwhqZKGiKBua,Avicii;Nicky Romero,I Could Be The One [Avicii vs Nicky Romero],I Could Be The One (Avicii Vs. Nicky Romero) - Radio Edit,69,208316,False,0.509,0.79,6,-3.782,0,0.0374,0.332,6.67e-05,0.316,0.638,127.946,4,edm,2
4cG7HUWYHBV6R6tHn1gxrl,Riton;Nightcrawlers;Mufasa & Hypeman;Dopamine,Friday (feat. Mufasa & Hypeman) [Dopamine Re-Edit],Friday (feat. Mufasa & Hypeman) - Dopamine Re-Edit,82,169153,False,0.824,0.862,2,-3.424,1,0.126,0.0076,0.000132,0.303,0.801,122.98,4,edm,2
0lwyzp7GppQxv0Eu6wRkUo,David Guetta;Benny Benassi,Satisfaction,Satisfaction,73,155676,False,0.752,0.935,11,-6.263,1,0.203,0.0742,0.0352,0.081,0.31,126.022,4,edm,2
7CHi4DtfK4heMlQaudCuHK,MEDUZA;Becky Hill;Goodboys,Lose Control,Lose Control,78,168387,False,0.598,0.526,10,-8.659,0,0.0415,0.129,0.0,0.14,0.529,123.935,4,edm,2
6cnp42HQWAR2EMqIjNP8tt,The Magician;Years & Years;Mark Ralph;Stephen Fasano,House Anthems,Sunlight - Radio Edit,1,193706,False,0.637,0.786,1,-6.521,1,0.0388,0.0124,0.0,0.313,0.349,121.965,4,edm,2
0t488LlnuTDRjklgkotom9,Jai Wolf,Indian Summer,Indian Summer,58,248470,False,0.435,0.825,6,-2.518,1,0.0617,0.0248,0.0454,0.0845,0.0425,169.835,4,edm,2
5UqCQaDshqbIk3pkhy4Pjg,Avicii,Levels,Levels - Radio Edit,79,199906,False,0.584,0.889,1,-5.941,0,0.0343,0.0462,0.828,0.309,0.464,126.04,4,edm,2
4NexTaCZZ7Ehnf03A6SVjt,Galantis;JVKE,Dandelion,Dandelion,69,140011,False,0.8,0.66,0,-4.903,1,0.158,0.158,0.02,0.14,0.634,117.923,4,edm,2
2dpaYNEQHiRxtZbfNsse99,Marshmello;Bastille,Happier,Happier,83,214289,False,0.687,0.792,5,-2.749,1,0.0452,0.191,0.0,0.167,0.671,100.015,4,edm,2
6VRhkROS2SZHGlp0pxndbJ,Skrillex;Sirah,Bangarang EP,Bangarang (feat. Sirah),71,215253,True,0.716,0.972,7,-2.302,1,0.196,0.0145,3.22e-05,0.317,0.576,110.026,4,edm,2
3qd1eI1GA0FwC3VHcxHhDC,Imanbek;KDDK;KIDDO;Wiz Khalifa,Ordinary Life (KDDK Phonk Remix),Ordinary Life - KDDK Phonk Remix,62,165333,True,0.687,0.915,0,-1.342,1,0.0411,0.021,6.42e-06,0.151,0.272,89.962,4,edm,2
10oKSzRcwbZsog2uq2gb4b,Kx5;deadmau5;Kaskade;Hayla,Escape (feat. Hayla),Escape (feat. Hayla),73,240445,False,0.66,0.799,9,-6.934,0,0.0719,0.179,0.000364,0.701,0.148,126.08,4,edm,2
5i3pIDBLDc1tSCyVxxo151,Tove Lo;Hippie Sabotage,Queen Of The Clouds (Blueprint Edition),Habits (Stay High) - Hippie Sabotage Remix,50,258933,False,0.735,0.686,4,-7.562,0,0.0366,0.00108,0.871,0.0933,0.0656,121.011,4,synth-pop,2
6ttlac5oaSYXgOxDcqihYo,Kite,Kite at the Royal Opera,Wishful Summer Night - Live at the Royal Opera,24,246426,False,0.334,0.796,4,-7.102,0,0.0465,0.0191,0.0295,0.118,0.162,163.884,4,synth-pop,2
3aIblqgaEaKs0aLO59MwJX,Culture Club,This Time,Move Away,24,250800,False,0.675,0.698,5,-10.963,1,0.0411,0.163,1.31e-05,0.338,0.872,132.19,4,synth-pop,2
5WsjSKEBcZGVjpn3liGgzu,Tove Styrke,Kiddo,Number One,39,204973,False,0.647,0.887,11,-3.531,0,0.0346,0.0071,0.0001,0.106,0.337,109.931,4,synth-pop,2
5i7s3sB1LzxeVz8CWVEpAO,Tove Lo;The Young Professionals,Remixes & Covers,Talking Body - The Young Professionals Remix,44,221146,True,0.651,0.579,5,-8.023,0,0.0379,0.00166,0.000397,0.0794,0.443,138.993,4,synth-pop,2
0yNttAVwMr39qyODHNIkrY,Rick Astley,Whenever You Need Somebody (Deluxe Edition - 2022 Remaster),Never Gonna Give You Up (2022 - Remaster),14,213560,False,0.738,0.976,8,-7.105,1,0.0421,0.0615,1.78e-05,0.17,0.898,113.436,4,synth-pop,2
2PIGKBbnUoF8XlX2ye0gQj,a-ha,True North,As If,17,296106,False,0.544,0.702,7,-6.786,1,0.0267,0.0949,0.00175,0.31,0.334,93.993,4,synth-pop,2
2YKI5E7oHg1VOmrMiTzfl1,Tove Lo,BLUE LIPS (lady wood phase II),LIGHT BEAMS,50,66762,False,0.529,0.728,5,-9.578,1,0.0378,0.64,0.0197,0.345,0.593,108.056,4,synth-pop,2
7feSbMqJGg9yL0s6ypxy9S,Duran Duran,Decade,Girls on Film,59,207786,False,0.708,0.855,11,-6.301,0,0.0931,0.00548,0.0477,0.0447,0.656,131.955,4,synth-pop,2
2pZbERJUZsfkKRn1EU1mgD,Modern Talking,The First & Second Album (30th Anniversary Edition),You Can Win If You Want,56,229986,False,0.792,0.842,6,-7.589,1,0.03,0.181,0.000185,0.0582,0.761,108.01,4,synth-pop,2
4yuojyGFULi2gMx3Ms5z9f,Ole Ole,Cuatro Hombres Para Eva,"Quizás, quizás, quizás",23,181000,False,0.629,0.701,1,-11.94,1,0.0495,0.00205,3.88e-05,0.0692,0.753,123.944,4,synth-pop,2
3ncHRNk5WKoPQHJFZ3zKKR,Mike & The Mechanics,Mike + The Mechanics,All I Need Is a Miracle,20,249826,False,0.612,0.876,0,-7.836,1,0.0339,0.0967,4.41e-05,0.0765,0.971,135.106,4,synth-pop,2
5lSOVaPDk7x9Ey6c9DqGZx,The Beloved,Conscience,Sweet Harmony,64,301466,False,0.573,0.837,10,-8.352,0,0.0337,0.0144,0.0889,0.0544,0.796,101.59,4,synth-pop,2
5Njrdd3SA4fOsDMPVphxSb,Sandra,18 Greatest Hits,Maria Magdalena - Remastered,58,240440,False,0.629,0.726,11,-8.161,0,0.0251,0.0578,0.0115,0.355,0.892,104.114,4,synth-pop,2
4TGtgBOjT7ca4FtSyJZuay,Anoraak;LUXXURY;Lauren Turk,"House Invaders: Pure House Music, Vol. 5.5",Fire Inside - Original Mix,0,301092,False,0.748,0.673,7,-7.386,1,0.0538,0.0161,0.0419,0.123,0.819,108.984,4,synth-pop,2
5BNh9kwqauiZhcAuM0nICc,Kite,V,I Can´t Stand,27,188320,False,0.561,0.893,5,-4.199,0,0.0341,0.0035,0.52,0.0788,0.617,101.998,4,synth-pop,2
1WM80A5a4xDtlndjqjZQIv,Chromatics,Girls Just Wanna Have Fun,Girls Just Wanna Have Some,52,223236,False,0.667,0.629,0,-8.493,1,0.0324,0.175,0.116,0.0915,0.455,115.002,4,synth-pop,2
01w9XPwMIXAcyzQ6o9oaNM,Bronski Beat,Hundreds and Thousands,Why ? - 12'' Version; 2008 Remastered Version,30,378866,False,0.648,0.756,0,-14.663,0,0.0476,0.153,0.46,0.574,0.604,138.355,4,synth-pop,2
1VKnVxZZnubjTEJG6Tme1y,Papa Dance,Papa Dance,Kamikadze wróć!,30,220266,False,0.786,0.866,11,-9.756,1,0.0399,0.286,0.0,0.245,0.967,129.212,4,synth-pop,2
2eOlbrXFgK0OKwVwMeNp4o,Level 42,Classic,Leaving Me Now - Extended Version,29,300333,False,0.687,0.581,5,-10.885,1,0.0274,0.208,0.000112,0.0744,0.45,82.964,4,synth-pop,2
6s4xmXtMT7WVbmCTjC48MP,Electric Youth,Innerworld (Deluxe Edition),The Best Thing,41,235106,False,0.62,0.553,5,-9.091,0,0.0293,0.263,0.302,0.12,0.227,115.984,4,synth-pop,2
3BjD16l0CBQxUvcRI7vLWN,Tears For Fears,The Seeds Of Love,Advice For The Young At Heart,59,290640,False,0.665,0.787,5,-8.393,1,0.0328,0.0736,0.000132,0.143,0.358,122.478,4,synth-pop,2
5hXEcqQhEjfZdbIZLO8mf2,Wham!,Make It Big,Everything She Wants,65,302693,False,0.899,0.459,6,-15.557,0,0.0366,0.322,0.00406,0.165,0.962,115.09,4,synth-pop,2
2JoAbvKBwp2OlkiiANRBc5,Chromatics,Tick Of The Clock,Tick Of The Clock (Film Edit),49,287624,False,0.85,0.398,1,-12.921,1,0.0913,0.123,0.915,0.0971,0.124,100.55,4,synth-pop,2
4ByEFOBuLXpCqvO1kw8Wdm,Cutting Crew,Broadcast,(I Just) Died In Your Arms,77,280400,False,0.625,0.726,11,-11.402,0,0.0444,0.0158,0.000169,0.0625,0.507,124.945,4,synth-pop,2
5owW7rEIdQkbL39wt0iEv8,Rick Astley,Whenever You Need Somebody,Whenever You Need Somebody,52,233666,False,0.716,0.946,0,-13.01,0,0.0402,0.108,9.45e-06,0.184,0.524,115.18,4,synth-pop,2
5iFHdnQypAVOl5HvQEuktT,Anna Jurksztowicz;Skytech,Stan Pogody / 21 (Skytech Remix),Stan Pogody / 21 - Skytech Remix,26,173114,False,0.709,0.741,7,-5.355,0,0.196,0.0085,0.00661,0.282,0.4,122.053,4,synth-pop,2
0Lcx9CAAQiz6CI9r4zOdtD,China Crisis,Diary: A Collection,King In A Catholic Style (Wake Up),25,268573,False,0.731,0.663,4,-14.493,1,0.0538,0.364,0.487,0.0892,0.964,79.159,4,synth-pop,2
5lAFwreoMCApCdeUHxPFUm,Trevor Something,Summer Love,Summer Love,45,215727,False,0.641,0.84,9,-7.827,0,0.0317,0.0299,0.768,0.129,0.397,107.951,4,synth-pop,2
6b8HKJGeTEEbSBbHadXeKa,DEVO,Oh No! It's Devo,What I Must Do,22,154533,False,0.787,0.601,7,-15.31,1,0.0415,0.127,0.44,0.13,0.634,149.005,4,synth-pop,2
5O1QX88tNco4SQ2PxPDCu1,Tatiana Bulanova,Моё русское сердце,Ясный мой свет,42,209199,False,0.764,0.903,7,-8.872,0,0.0318,0.0368,8.05e-05,0.0321,0.981,128.018,4,synth-pop,2
49PyCCLOdJi0jHkGyyY2vv,L'Impératrice;Isaac Delusion,Sonate Pacifique,Sonate Pacifique,61,348944,False,0.558,0.538,5,-8.853,1,0.0327,0.629,0.0198,0.424,0.254,99.992,4,synth-pop,2
1AMkWDuLk5O4pVaYOy9AlM,Mansfield.TYA,Monument ordinaire,La montagne magique,24,260720,False,0.492,0.452,1,-10.838,1,0.0403,0.00754,0.906,0.187,0.0596,121.034,4,synth-pop,2
2yZtYCbALjzSYpLTrxtpJt,Fever Ray,What They Call Us,What They Call Us,50,267763,False,0.438,0.671,5,-11.236,0,0.0674,0.449,0.0117,0.0959,0.65,137.988,4,synth-pop,2
7HQk7BBfZUq07hmbf7e3cP,Level 42,Running In The Family (Deluxe Edition),It's Over,29,360653,False,0.724,0.431,10,-12.046,0,0.0291,0.695,0.00252,0.0698,0.378,126.665,4,synth-pop,2
1lRvUSlTf4DYMkdoGBQNWJ,Erasure,World Be Live,Chains of Love - Live,27,240613,False,0.696,0.776,0,-8.386,1,0.0367,0.0338,8.06e-05,0.384,0.248,124.972,4,synth-pop,2
07hB8Pkp7BSXrdW7Ctf8Vu,Kite,Kite at the Royal Opera,True Colours - Live at the Royal Opera,27,378733,False,0.246,0.639,7,-6.014,0,0.0307,0.0118,0.039,0.269,0.0528,93.789,4,synth-pop,2
3xzRBn3ywzobJrc1efC7Sb,Modern English,After the Snow,I Melt with You,56,251573,False,0.535,0.801,0,-11.734,1,0.0345,0.00103,0.00329,0.0676,0.672,155.571,4,synth-pop,2
37Q5anxoGWYdRsyeXkkNoI,Belinda Carlisle,Greatest Vol.1 - Belinda Carlisle,Heaven Is a Place On Earth,69,246520,False,0.64,0.852,1,-8.119,0,0.0345,0.0243,1.82e-06,0.0497,0.793,122.902,4,synth-pop,2
0xzn2U71zNWLeJbE4Zat4C,A Flock Of Seagulls,A Flock Of Seagulls,Space Age Love Song,52,227866,False,0.493,0.516,2,-13.071,1,0.0295,0.00072,0.229,0.121,0.621,139.865,4,synth-pop,2
7vF96I0HMD5K9Kegajopxm,Indochine,Le Birthday album,Kao-Bang,25,297093,False,0.715,0.879,5,-10.014,0,0.0632,0.0644,0.00107,0.151,0.777,125.977,4,synth-pop,2
2XV5CUyw7gPVi18d718D4f,Mort Garson,Mother Earth's Plantasia,Plantasia,52,201178,False,0.185,0.243,8,-12.646,1,0.0406,0.472,0.00772,0.0966,0.139,85.342,4,synth-pop,2
287sY3xneZHgr0qKMhGOYR,DEVO,Freedom of Choice (2009 Remaster; Deluxe Edition),Freedom of Choice - 2009 Remaster,25,208986,False,0.823,0.945,0,-8.342,1,0.0331,0.284,0.013,0.0702,0.96,140.262,4,synth-pop,2
39lSeqnyjZJejRuaREfyLL,Duran Duran,Rio (Collector's Edition),Hungry Like the Wolf - 2009 Remaster,73,220626,False,0.691,0.812,0,-7.772,1,0.0558,0.0433,1.16e-06,0.299,0.685,127.568,4,synth-pop,2
2dECbcRzzSFwcRtonjc0gt,Eurythmics;Annie Lennox;Dave Stewart;Aretha Franklin,Ultimate Collection,Sisters Are Doin' It for Themselves - Remastered Version,24,294173,False,0.656,0.91,0,-5.784,0,0.0428,0.0236,0.0,0.162,0.959,136.228,4,synth-pop,2
048gupABMSEZEm1UEkxbTP,Mylène Farmer,À tout jamais,À tout jamais,57,226000,True,0.638,0.689,1,-5.451,0,0.0363,0.231,0.000116,0.0974,0.0913,117.029,4,synth-pop,2
1xUfI2aa1wmDEG5nVEOZBh,Simple Minds,Celebrate (Greatest Hits / Expanded Edition),"Let There Be Love - 7"" Mix / Remastered 2013",26,284760,False,0.528,0.84,1,-6.712,1,0.041,0.182,0.191,0.105,0.567,88.015,4,synth-pop,2
4jhsuQCUCJKA5f0bXb6XdJ,Talk Talk,It's My Life,It's My Life - 1997 Remaster,70,232400,False,0.627,0.802,0,-8.432,1,0.0348,0.197,0.784,0.404,0.867,126.283,4,synth-pop,2
1QbQL5m30YNvukitIqAnFG,Corey Hart,The Singles,Sunglasses At Night,62,320573,False,0.686,0.609,10,-11.469,0,0.0444,0.258,0.00015,0.113,0.719,127.736,4,synth-pop,2
2NYZhu1CMIeXcHsRSiVtgj,Étienne Daho,Live 2001,Le Premier jour du reste de ta vie - Live 2001,24,253600,False,0.58,0.667,4,-8.62,1,0.0333,0.0638,0.0,0.817,0.41,126.168,4,synth-pop,2
6qUabsNxudatEFedWGHoDh,Travis Scott;Future;Young Thug;M.I.A.,"FRANCHISE (feat. Future, Young Thug & M.I.A.) [REMIX]","FRANCHISE (feat. Future, Young Thug & M.I.A.) - REMIX",65,207394,True,0.859,0.77,8,-5.358,0,0.345,0.0056,0.0,0.0731,0.348,155.025,4,house,2
1xUZ6CgfpXspcQuEIOhf2v,Alan Walker;Trevor Guthrie,Different World,Do It All for You,56,174560,False,0.684,0.657,1,-5.483,1,0.0433,0.126,1.26e-06,0.109,0.415,82.007,4,house,2
2oejEp50ZzPuQTQ6v54Evp,The Chainsmokers;Bebe Rexha,World War Joy,Call You Mine,75,217640,False,0.585,0.696,4,-5.6,0,0.0307,0.204,0.0,0.344,0.522,104.01,4,house,2
5MPFAycA8uL9MfQHYXPQbj,Master KG;Nomcebo Zikode,African Heat - Afro Hits,Jerusalema (Edit),2,188986,False,0.903,0.545,1,-6.896,1,0.05,0.0226,8.2e-06,0.0571,0.87,124.011,4,house,2
0e9gtpHaPwQJlYm2NlfJzU,FanEOne,Bre Petrunko,Bre Petrunko,56,247572,False,0.533,0.644,2,-9.843,1,0.229,0.0177,0.0216,0.158,0.366,159.976,4,house,2
4xkm03zMAQXHc0QHl0V2Rm,The Chainsmokers;ILLENIUM;Lennon Stella;pilton,Takeaway (feat. Lennon Stella) [Remixes],Takeaway (feat. Lennon Stella) - Pilton Remix,57,213253,False,0.515,0.696,3,-7.323,1,0.034,0.136,0.0,0.238,0.528,99.985,4,house,2
2ykXJ9QVwx9Li8nsW0h6b2,INNA;Sean Paul,UP,UP,70,148944,False,0.812,0.712,0,-5.993,0,0.0452,0.01,0.0,0.108,0.85,98.029,4,house,2
0NBD4g9Zwy1rMAMWBYS6Ju,Alan Walker,Avem (The Aviation Theme),Avem (The Aviation Theme),54,199314,False,0.643,0.527,9,-8.221,0,0.0322,0.0141,0.00142,0.246,0.0848,165.029,4,house,2
3OHndKzu5eMJ7OQc1BBRZV,TRFN;Siadou,U Do,U Do,57,195057,False,0.594,0.374,9,-8.371,0,0.304,0.28,0.00588,0.0918,0.147,138.568,3,house,2
3rrPkyHJKxL5s4H5xUlP5H,Ella Henderson;Tom Grennan,Good Enough - Easy Pop,Let's Go Home Together,0,208692,False,0.661,0.486,5,-4.438,1,0.0431,0.454,0.0,0.0994,0.309,78.31,4,house,2
4ut5G4rgB1ClpMTMfjoIuy,Martin Garrix;Bonn,High On Life (feat. Bonn),High On Life (feat. Bonn),71,230761,False,0.414,0.486,6,-6.431,0,0.0311,0.0129,0.0,0.111,0.368,128.038,4,house,2
4SlCYFaUQ8GRuwdpgniaGF,KSHMR;Lost Stories;Kavita Seth,Bombay Dreams (feat. Kavita Seth),Bombay Dreams (feat. Kavita Seth),57,198461,False,0.629,0.821,5,-4.743,0,0.0466,0.0194,0.0176,0.0815,0.458,103.998,4,house,2
5masKPHeAOVNgxdLebIcK7,Kygo;Parson James,Cloud Nine,Stole the Show,75,223186,False,0.64,0.635,8,-7.565,0,0.226,0.271,0.0,0.319,0.475,100.034,4,house,2
0MWiSBKm8Avs8iDIxcertp,Anne-Marie;Little Mix,Therapy,Kiss My (Uh Oh),71,176800,False,0.638,0.878,5,-3.639,0,0.0484,0.0151,0.000223,0.308,0.481,103.948,4,house,2
0gn93i7HJt0calph67R5Wu,HUGEL;Amber Van Day,WTF (feat. Amber Van Day),WTF (feat. Amber Van Day),64,160686,True,0.808,0.737,11,-4.538,0,0.0526,0.0602,1.12e-06,0.704,0.865,123.985,4,house,2
2NbyfxGIXCDq1J7YMayNzq,Tungevaag;Vlade Kay;Jonth;Skinny Days,Famous (feat. Skinny Days),Famous (feat. Skinny Days),44,173368,False,0.516,0.749,9,-3.265,1,0.0642,0.066,1.18e-05,0.076,0.33,94.974,4,house,2
6eXFl418w8hsxKcLgv1jwJ,Diplo;Jonas Brothers,Diplo Presents Thomas Wesley Chapter 1: Snake Oil,Lonely (with Jonas Brothers),64,139809,False,0.739,0.717,1,-5.123,1,0.0565,0.0611,0.0,0.206,0.529,98.047,4,house,2
0bv0SxeOUTgJHpugDwtYFl,VOLB3X;BeatsHoundz,GVNG,Dark Light,52,164571,False,0.665,0.714,6,-6.462,1,0.0377,0.00388,0.528,0.139,0.0353,105.068,4,house,2
7sWuIc5mCxnkyMvg9Yw7Q0,Swedish House Mafia;Connie Constance,EDM Gaming Music Autumn/Winter 2022,Heaven Takes You Home,0,214071,False,0.665,0.738,0,-5.931,0,0.0379,0.0124,0.00598,0.0923,0.0389,125.037,4,house,2
49X0LAl6faAusYq02PRAY6,Modjo,Modjo (Remastered),Lady - Hear Me Tonight,78,307153,False,0.72,0.808,6,-5.627,1,0.0379,0.00793,0.0293,0.0634,0.869,126.041,4,house,2
572xshmOviSGH70oPYMCZV,Anne-Marie,Speak Your Mind (Deluxe),Alarm,62,205593,True,0.756,0.589,0,-5.093,1,0.232,0.0812,0.0,0.176,0.811,146.928,4,house,2
4W1JavoraGzh83nluQHY6C,Gryffin;OneRepublic,You Were Loved (with OneRepublic),You Were Loved (with OneRepublic),68,221885,False,0.636,0.69,10,-5.011,1,0.0484,0.0947,0.0,0.169,0.444,123.994,4,house,2
1rrfsZx03roakIPZXS2lXl,ARTY;Stadiumx;Jason Walker,Armada Music - ADE 2022,Thousand Lives,0,199680,False,0.577,0.951,0,-4.524,1,0.0504,0.0243,6.94e-06,0.611,0.161,124.999,4,house,2
0b5CzUhyShYuDdtW5J4wm2,Calvin Harris;Charlie Puth;Shenseea,Funk Wav Bounces Vol. 2,Obsessed (with Charlie Puth & Shenseea),73,226497,True,0.733,0.74,1,-6.343,0,0.0333,0.246,3.3e-05,0.299,0.903,99.993,4,house,2
6pITVFNDtH0Z6jwppO7K3b,Years & Years;Gryffin,Electro sounds,Desire - Gryffin Remix,0,268840,False,0.543,0.875,10,-5.069,0,0.0514,0.0622,0.0,0.157,0.415,122.058,4,house,2
7DgkSYT6vh3UAYQlFbsj6z,Cheat Codes;AJ Mitchell,Hate You + Love You (feat. AJ Mitchell),Hate You + Love You (feat. AJ Mitchell),64,198874,False,0.755,0.689,5,-4.463,1,0.0305,0.0693,0.0,0.394,0.638,140.013,4,house,2
4op0sQ8BfzRsW4gGGlR7TU,Alok;Au/Ra,Side Effect (feat. Au/Ra),Side Effect (feat. Au/Ra),60,144193,False,0.727,0.712,10,-5.742,0,0.0597,0.192,0.0,0.196,0.515,123.955,4,house,2
3TFAeWBzFdIfFWF5eLRph6,twocolors,Night Drive Autumn/Winter 2022/23,NOT YOURS - TC/TC,0,257903,False,0.718,0.853,9,-5.167,1,0.0419,0.00598,0.818,0.0676,0.134,124.014,4,house,2
5fImX57te2ofsdSqWuF4Pl,Anne-Marie;Saweetie;Ms Banks,2Step - Pop R'n'B,2002 - Saweetie & Ms Banks Remix,1,226920,False,0.737,0.654,1,-4.784,0,0.165,0.00355,0.0,0.126,0.5,95.635,4,house,2
5WHTFyqSii0lmT9R21abT8,Mabel,Ivy To Roses (Mixtape),Don't Call Me Up,77,178480,False,0.674,0.881,9,-2.853,1,0.147,0.296,3.01e-06,0.0793,0.234,98.994,4,house,2
5aUSEPNd3m5xliFK4pn5mU,Zedd;Kehlani,Good Thing (with Kehlani),Good Thing (with Kehlani),68,210901,True,0.693,0.564,1,-3.857,0,0.0378,0.399,0.0,0.0409,0.574,185.913,3,house,2
19eIZmuXlBmLTha1lPHef7,Stromae;Dubdogz,Alors On Danse (DubDogz Remix),Alors On Danse - DubDogz Remix,70,168576,False,0.789,0.752,1,-4.274,0,0.164,0.027,2.69e-05,0.613,0.739,122.98,4,house,2
1UMcb0kTXyqzan7t8Z8euH,Gryffin;OneRepublic,EDM Gaming Music Autumn/Winter 2022,You Were Loved,0,221885,False,0.636,0.69,10,-5.011,1,0.0484,0.0947,0.0,0.169,0.444,123.994,4,house,2
1O73ZKgl0THUImkHW6dfAL,Kygo;Dean Lewis,Never Really Loved Me (with Dean Lewis),Never Really Loved Me (with Dean Lewis),73,202158,False,0.614,0.642,1,-5.473,1,0.0449,0.289,0.0,0.13,0.218,117.94,4,house,2
51ODNNDZm21HU7wI7cccRr,Disclosure;Sam Smith,Settle (Special Edition),Latch,76,255631,False,0.503,0.727,1,-5.456,1,0.167,0.0159,9.45e-05,0.0895,0.521,121.985,4,house,2
53kWAAfx7IopXRa31MQHB8,HRVY;Matoma,Good Vibes,Good Vibes,71,170280,False,0.558,0.877,10,-3.392,1,0.145,0.274,0.0,0.162,0.762,99.988,4,house,2
4uDhts78RdwIDjEqPrYVKp,Alan Walker;Imanbek,Sweet Dreams,Sweet Dreams,75,138819,False,0.766,0.817,7,-4.253,1,0.035,0.0239,2.49e-06,0.159,0.43,125.033,4,house,2
09AvsbivV1FQBRAEBJh7UL,The Chainsmokers,So Far So Good,High,75,175163,True,0.601,0.787,0,-6.178,1,0.031,0.0492,0.0,0.142,0.525,134.981,4,house,2
1dt220OBbkTsYz1NLVKIaw,Gabry Ponte;R3HAB;Timmy Trumpet,Call Me (with R3HAB & Timmy Trumpet),Call Me (with R3HAB & Timmy Trumpet),71,178309,False,0.398,0.956,2,-4.429,1,0.329,0.00935,0.0038,0.142,0.269,106.581,4,house,2
0DmAvNCAK08oCi7miSZUIY,Sigala;James Arthur,Lasting Lover,Lasting Lover,72,218358,False,0.676,0.786,1,-4.529,1,0.0478,0.197,0.0,0.0943,0.483,125.983,4,house,2
27u7t9d7ZQoyjsCROHuZJ3,Clean Bandit;Mabel;24kGoldn,Tick Tock (feat. 24kGoldn),Tick Tock (feat. 24kGoldn),73,178373,False,0.779,0.705,0,-3.895,1,0.0344,0.369,7.91e-06,0.124,0.946,101.022,4,house,2
0a1UxIZ5WqPWbKHFa5zbm4,R3HAB;Alida,One More Dance (with Alida),One More Dance (with Alida),44,145161,False,0.726,0.761,9,-5.036,0,0.0432,0.162,0.00122,0.0879,0.558,123.954,3,house,2
3Z8FwOEN59mRMxDCtb8N0A,Marshmello;Halsey,Be Kind (with Halsey),Be Kind (with Halsey),77,172761,False,0.63,0.633,4,-7.088,1,0.0457,0.00776,0.0,0.0541,0.452,93.995,4,house,2
5YGUJZXgqyg1bjC8JHia5E,Louis The Child;Kasbo;EVAN GIIA,EDM Gaming Music Autumn/Winter 2022,Blow The Roof,0,184919,False,0.592,0.826,4,-4.506,1,0.0633,0.0938,0.0,0.149,0.357,105.017,4,house,2
3Ea1CNsTqBY4RtAESrBeNI,Alesso;CORSAK;Stray Kids,Going Dumb,Going Dumb (with Stray Kids),62,169506,False,0.834,0.651,6,-4.855,0,0.0595,0.153,0.0,0.146,0.49,121.978,4,house,2
0bgCV5x6FxiaDC9PRLY0xV,Jess Glynne,Happy Commute,Rollin,0,218040,True,0.716,0.752,1,-3.504,0,0.0533,0.000804,0.0,0.0757,0.708,117.025,4,house,2
1A8j067qyiNwQnZT0bzUpZ,Kungs;Cookin' On 3 Burners,Layers,This Girl (Kungs Vs. Cookin' On 3 Burners),77,195546,False,0.792,0.717,0,-4.759,0,0.0393,0.0927,3.59e-05,0.226,0.466,121.985,4,house,2
4YAg8h8WliHZlW5wuv8Jpk,Anne-Marie;Doja Cat,To Be Young (feat. Doja Cat),To Be Young (feat. Doja Cat),59,194758,True,0.525,0.649,8,-4.802,1,0.0655,0.241,0.0,0.129,0.286,155.995,4,house,2
6HMT7AzGA5wmn5m2t1BuZR,Alan Walker;Steve Aoki;ISÁK;Omar Noir,Different World,Lonely (feat. ISÁK & Omar Noir),54,216053,False,0.521,0.819,6,-7.267,0,0.0413,0.00911,0.00227,0.086,0.184,89.952,4,house,2
6WxgD0syay32FVFtmLqe3M,Majestic,Toolroom Amsterdam 2022,Annie,4,156694,False,0.67,0.888,7,-4.639,1,0.0684,0.0106,0.708,0.264,0.37,120.986,4,house,2
3TyQrs62Ma2oMsDZkayXFM,Metá Metá,Metá Metá,Obá Iná,33,303882,False,0.605,0.708,9,-5.546,0,0.0923,0.425,0.0,0.229,0.708,113.755,4,afrobeat,2
1Vc0GbabaIukvQZeQTrNQc,BaianaSystem,Terapia,Terapia,39,261400,False,0.79,0.814,9,-6.358,0,0.0268,0.243,0.0102,0.528,0.914,124.03,4,afrobeat,2
08kI60xFWphU3ZYkHX00io,The New Mastersounds;Eddie Roberts;Lamar Williams Jr.,The Deplar Effect,Meet You In The Sunshine,26,364053,False,0.579,0.833,6,-9.369,0,0.0428,0.0785,0.165,0.221,0.732,95.838,4,afrobeat,2
3au2mSWBCtWcWsXUdx6WrH,Ernest Ranglin,Surfside,Surfing,19,225133,False,0.793,0.436,0,-7.624,0,0.0666,0.132,0.0143,0.0651,0.821,142.011,4,afrobeat,2
5outtQyJ8AQxd4ykOyu8XV,Louis Pascal,Life of Grace,Life of Grace,34,205973,False,0.59,0.491,0,-9.304,0,0.233,0.0128,4.71e-05,0.143,0.253,193.616,4,afrobeat,2
15F5w6GELfrYu4M4Wq02Nt,Jorge Drexler,Llueve,De amor y de casualidad,28,191466,False,0.741,0.564,9,-9.052,1,0.051,0.225,6.71e-05,0.0964,0.359,117.859,4,afrobeat,2
5gDTvqxpIAAAXLIUPYKsTM,Limoblaze,Blind,Eledumare,17,200412,False,0.709,0.854,11,-5.016,0,0.247,0.492,0.0,0.11,0.816,103.018,4,afrobeat,2
5FV80qQwNMXeKCPl11bSv3,Meridian Brothers,Desesperanza,La Gitana Me Ha Dejado - Salsa Electrónica,16,405653,False,0.762,0.512,11,-8.633,0,0.239,0.772,0.00183,0.183,0.576,96.428,4,afrobeat,2
42ikfAu8oK4573BrUa5Wtl,ATR;Luedji Luna,Batom,Batom,21,223092,False,0.656,0.508,6,-10.105,0,0.0956,0.295,0.505,0.0857,0.585,194.015,4,afrobeat,2
4KRAPYoTgdQ6eJCU78F589,QUITAPENAS,QUITAPENAS,Valle Moreno,21,219768,False,0.534,0.847,6,-8.527,0,0.0842,0.316,0.436,0.101,0.852,119.205,3,afrobeat,2
0DaMxhrFFLWFSs41y64XdP,BaianaSystem;Nação Zumbi,Alfazema,Alfazema,32,199095,False,0.677,0.929,5,-6.017,0,0.0418,0.309,0.00129,0.318,0.709,129.996,4,afrobeat,2
3TJZfAL0EU2Wk4BkmVyUnX,El Rego,El Rego,Djobime,15,155786,False,0.532,0.56,1,-8.493,0,0.177,0.0098,0.02,0.101,0.827,142.651,4,afrobeat,2
36aaYsnvpWRGRByxTOdRhF,Ondatrópica,Baile Bucanero,Malaria,21,220280,False,0.647,0.798,7,-9.506,0,0.0384,0.125,0.0132,0.819,0.906,109.897,4,afrobeat,2
0ln5lNsSNM69EJSUjxZEIE,Breakestra,Joyful Noise,Posed To Be - Instrumental,21,213666,False,0.783,0.864,11,-8.554,0,0.0388,0.00106,0.868,0.166,0.687,104.356,4,afrobeat,2
6ycLgWUCewpOvJfLmwCcBx,Calle 13,Pa'l Norte (Beauty Brain Remix),Pa'l Norte - Beauty Brain Remix,23,266432,False,0.791,0.835,3,-6.807,0,0.0584,0.0223,0.234,0.0506,0.8,140.027,4,afrobeat,2
7cQj1y3ggERp3Jx0NdHIko,La Misa Negra,La Misa Negra,Vení Pa’ Ca,16,219466,False,0.646,0.486,0,-6.628,0,0.0539,0.00135,0.000892,0.68,0.931,160.104,4,afrobeat,2
3VDMcm2WqOQdNpzLqlbp9B,Nero X,Yawa Dey,Yawa Dey,38,260220,False,0.858,0.634,9,-5.085,1,0.0498,0.406,0.0,0.0697,0.824,105.018,4,afrobeat,2
56YQC28RHtv9Wc5x3NCmYd,Edem Evangelist,Knocking on Your Door,Knocking on Your Door,16,194403,False,0.696,0.769,6,-4.457,1,0.0433,0.553,0.16,0.325,0.896,98.031,4,afrobeat,2
7l4KRMSrdLkC3M25I7HpoR,Jor'dan Armstrong,CHURCH GIRLS LOVE R&B,EMOTIONS,19,253815,False,0.484,0.572,10,-6.248,0,0.106,0.245,0.0,0.177,0.397,138.342,4,afrobeat,2
0tsjEf663ZNWGlIqY2c0Ms,Criolo;Rael,Ainda Há Tempo,Tô Pra Ver,41,254520,False,0.637,0.818,8,-6.851,1,0.281,0.19,0.0,0.102,0.599,90.571,4,afrobeat,2
5HXiUV3myUIJbC2v1zs282,Cymande,Promised Heights,Losin' Ground,18,263400,False,0.77,0.3,0,-14.659,1,0.237,0.232,7.92e-05,0.104,0.707,93.169,4,afrobeat,2
0Wm1tsC40GiduI9BgTcGDv,La Cumbia Chicharra,El Grito,¿ Quien Es ?,17,204360,False,0.79,0.647,10,-9.688,0,0.0475,0.602,0.862,0.0605,0.967,93.99,4,afrobeat,2
6K8y9WcUbgv0j7RGceHvym,Tony Allen,Afrobeat Makers (Tony Allen Rhythms Revisited),Ikeja Roads,48,160948,False,0.777,0.598,2,-13.803,0,0.0412,0.023,0.89,0.106,0.684,100.007,4,afrobeat,2
6vCaE0f8dWkjgytfnTka9v,The Budos Band,The Budos Band III,Mark of the Unnamed,21,239693,False,0.622,0.797,7,-8.958,0,0.0312,0.117,0.909,0.16,0.795,114.822,4,afrobeat,2
62GZeJlAOU3GM6BY6Myg3Q,Foli Griô Orquestra;DJ Vinimax;Cebolinha do Passinho,Aquecimento Caboclo Roxo,Aquecimento Caboclo Roxo,19,479204,False,0.633,0.79,9,-7.266,0,0.102,0.42,0.473,0.064,0.867,127.623,4,afrobeat,2
337tTnKLdmVdLYjMcllLqR,Lafayette Afro Rock Band,Malik,Avi-Vo - Remastered,21,215322,False,0.709,0.868,0,-6.436,1,0.0486,0.428,0.814,0.131,0.693,118.125,4,afrobeat,2
6WSzh5vVCF5CGg3Qr4ax2e,Jorge Drexler,Cara B,Gracias - Cara B,26,228413,False,0.707,0.283,2,-16.795,1,0.0652,0.848,0.00054,0.339,0.796,79.771,4,afrobeat,2
4s745NgYuKpZpgcC4SS91y,Brownout;Brown Sabbath;Aaron Behrens,"Brownout Presents Brown Sabbath, Vol. II",Sabbath Bloody Sabbath,19,341765,False,0.332,0.786,1,-8.419,0,0.045,0.00182,0.00185,0.142,0.724,143.4,4,afrobeat,2
1gW5zzEe41Hdbd3l1CYllP,Les Mamans du Congo;RROBIN;João Selva,Mbila (João Selva Remix),Mbila - João Selva Remix,20,242355,False,0.821,0.769,11,-9.618,1,0.412,0.0299,0.0,0.0718,0.606,123.904,4,afrobeat,2
2XVK8GPDyGb5dp3r72CyKn,Ikebe Shakedown,Kings Left Behind,Not Another Drop (Reprise),16,82400,False,0.729,0.752,9,-12.385,0,0.0409,0.00632,0.884,0.0594,0.939,105.512,4,afrobeat,2
5aqzJkElPJ4mN16RGnn4bK,The Poets Of Rhythm,Discern / Define,Ham Gallery,23,201400,False,0.781,0.848,7,-9.61,1,0.0898,0.0276,0.767,0.0472,0.641,109.49,4,afrobeat,2
3Nb27pwwcFmJhP6INhri4z,BaianaSystem;Orquestra Afrosinfônica,Fogo (Versão Estendida),Fogo (Versão Estendida),36,250354,False,0.455,0.738,7,-6.826,0,0.0358,0.161,0.0678,0.0996,0.335,125.351,5,afrobeat,2
5TX5HJiEjHBkkGw1SHVZ3U,Samuca e a Selva,Passeando em Mim,Passeando em Mim,21,202568,False,0.875,0.722,10,-5.276,0,0.0555,0.0772,7.37e-05,0.112,0.552,117.997,4,afrobeat,2
6BPl7VgC0prOHj1dQl6qZE,The Mauskovic Dance Band,It's All Mauskovic,Analog Fruit,17,193900,False,0.605,0.749,1,-9.748,1,0.0432,0.419,0.0712,0.2,0.964,143.065,4,afrobeat,2
1ckR3uxg55MdmCJPL2vWrT,Los Amigos Invisibles,Live En Una Noche Tan Linda Como Esta Vol 1,Esto Es Lo Que Hay,20,445727,False,0.589,0.789,8,-7.194,1,0.0697,0.496,0.00134,0.771,0.312,104.178,4,afrobeat,2
0ZIsepDdpiFV9dGhIXyFau,The New Mastersounds;Spellbinder,Made for Pleasure,Fancy (feat. Spellbinder),30,358053,False,0.537,0.744,7,-7.267,1,0.0655,0.0896,0.337,0.202,0.826,153.109,4,afrobeat,2
54OvaGEkwX2FnqIMS05S82,Hugh Masekela,Afrodance Anthems,Women Of The Sun,0,334520,False,0.806,0.478,5,-11.387,0,0.107,0.77,0.00036,0.0856,0.959,89.938,4,afrobeat,2
0UZ3juSCFsN6lINBadUZNZ,Criolo;Emicida,Criolo E Emicida Ao Vivo (Live),Grajauex - Live,33,191453,False,0.358,0.905,5,-5.776,0,0.453,0.304,0.0,0.454,0.468,176.67,4,afrobeat,2
5pKUJLGKZjoPiYJnQYRH9a,The Budos Band,Burnt Offering,Turn and Burn,22,344840,False,0.445,0.833,9,-7.373,0,0.0279,0.00256,0.736,0.167,0.652,116.012,4,afrobeat,2
1q8NdCAQ9QUjpYiqzdd3mv,Calle 13,Calle 13 (Explicit Version),Atrévete-Te-Te,75,239306,True,0.829,0.878,9,-5.951,1,0.101,0.0959,0.0,0.776,0.883,87.991,4,afrobeat,2
20YRsH03UqJH37NLydGdgo,Tony Allen,Lagos No Shaking,Ise Nla,18,319533,False,0.774,0.907,0,-9.914,1,0.04,0.304,0.064,0.136,0.962,110.0,4,afrobeat,2
1GXMf1AsiM1cdMMCtsffa1,Orgone,The Killion Floor,Do Your Thing,18,241200,False,0.586,0.702,4,-6.324,0,0.0482,0.553,0.00312,0.0943,0.69,143.434,4,afrobeat,2
5pqmDb9iQXoyvzuUi8riHi,Angeloh,Fill My Cup,Fill My Cup,20,259660,False,0.615,0.704,11,-7.582,0,0.0922,0.331,0.0,0.156,0.489,100.019,4,afrobeat,2
5F9Dl7OW3NWFRzPl06cDep,Angeloh;S.O,I Do It,I Do It,21,255122,False,0.699,0.493,7,-8.809,1,0.227,0.0737,2.39e-05,0.0669,0.528,140.029,4,afrobeat,2
7nTDFaGqZtkA0KDEays8vu,BaianaSystem;Bule Bule;Rapadura,OXEAXEEXU,Oxe,30,198213,False,0.765,0.912,7,-3.823,0,0.153,0.316,1.25e-06,0.0785,0.568,107.999,4,afrobeat,2
6Pwk5rWWIkBgwkl62lXjBp,Bacao Rhythm & Steel Band,55,Tender Trap,17,213631,False,0.69,0.707,0,-3.826,1,0.0986,0.16,0.773,0.0373,0.746,94.275,4,afrobeat,2
2BPrkxZ7JBCwTzyGyJyNaQ,La BOA,La Bestia,Vuelo Antillano,18,266986,False,0.771,0.735,9,-7.033,1,0.0376,0.0142,0.763,0.319,0.95,107.975,4,afrobeat,2
5z4Yope4ol84bdZtw1Eo4D,Monophonics;Kelly Finnigan,It's Only Us,It's Only Us,48,298973,False,0.477,0.615,0,-6.504,0,0.026,0.482,0.0308,0.644,0.472,86.472,4,afrobeat,2
3bMQUvGEAib8rYvKWWKu9m,Ikebe Shakedown,Stone by Stone,Dram,50,243693,False,0.595,0.765,6,-8.626,0,0.0574,0.056,0.851,0.169,0.736,149.58,4,afrobeat,2
5GMhgIyKbUlcw05h394yvl,El Michels Affair;Piya Malik,Yeti Season (Deluxe Version),Murkit Gem,42,192404,False,0.536,0.632,3,-10.067,0,0.0641,0.599,0.921,0.159,0.566,117.796,4,afrobeat,2
2Cjet4ZcH0dVaed5goGV2x,Gerson Rufino,Deus Vai na Frente,Vai dar Tudo Certo,42,259306,False,0.68,0.54,7,-6.813,1,0.0253,0.393,0.00128,0.121,0.42,147.947,4,gospel,3
3BwIh6FS28Txl1tVr3h7Uk,Eliã Oliveira,Benção,No Tempo D'ele,39,249320,False,0.716,0.903,3,-2.753,0,0.0605,0.281,0.0,0.218,0.623,117.997,4,gospel,3
5dLorNapNrniGWYit4Gfgl,Gerson Rufino,Enquanto Falam de Mim,Ele Me Encontrou,38,227306,False,0.435,0.779,4,-2.983,1,0.0439,0.31,0.0,0.258,0.566,203.92,4,gospel,3
1GPRgnSUZcUe6xWG1fJwwy,Mattos Nascimento,Harpa Cristã,Que Mudança,42,159764,False,0.578,0.334,7,-9.627,1,0.0286,0.0162,3.88e-06,0.294,0.698,175.282,4,gospel,3
1QQHq84D3zaR9OzshAs9z3,Aurelina Dourado,Pra Todo Mundo Ouvir,É o Apocalipse,42,287091,False,0.626,0.767,9,-3.195,1,0.0348,0.562,0.0,0.133,0.599,78.015,4,gospel,3
3vLWdZEpit9IuykuzzAZLE,Shirley Carvalhaes,Tudo Sobre Mim,Ditosa Cidade,42,256413,False,0.335,0.447,0,-7.766,1,0.0278,0.0335,0.000141,0.723,0.16,175.952,3,gospel,3
12WLT3O9PvyLDPz65JcWmk,Fernandinho,Galileu (ao Vivo),Batiza-Me - Ao Vivo,44,408133,False,0.462,0.588,9,-6.404,0,0.0296,0.215,6e-06,0.598,0.146,141.151,4,gospel,3
04D8REwnhr4GbUkXIs2FYm,Renascer Praise,Renascer Praise - XI,Lugares Altos,39,379293,False,0.423,0.44,10,-7.882,1,0.0913,0.601,0.0,0.409,0.36,131.581,4,gospel,3
4rKgZ8OBMrn0wSmxVlqneH,Shirley Carvalhaes,Há uma Saída,Desapareceu um Povo,39,234666,False,0.576,0.455,11,-4.819,1,0.028,0.713,0.0,0.148,0.39,77.075,4,gospel,3
7fpvwvVR2zhNaWUAUDXznF,Marcelo Markes,Melhor Lugar: Sessão Acústica,Melhor Lugar: Sessão Acústica,46,252874,False,0.335,0.298,8,-12.329,0,0.0328,0.859,0.00183,0.109,0.105,126.957,4,gospel,3
27YQDARCxhQ9jOsVH6ICfX,Samuel Messias;Midian Lima,A Promessa Está de Pé (Ao Vivo),A Promessa Está de Pé (Ao Vivo),43,314542,False,0.388,0.528,5,-7.492,1,0.0335,0.172,0.0,0.106,0.249,90.999,4,gospel,3
6jpwUBBRV7cPVArf4zzkYV,Dunamis Music;Victor Valente,OVERFLOW (Ao Vivo),Ao Único / Louvor ao Rei - Ao Vivo,38,329032,False,0.25,0.441,2,-8.862,1,0.0344,0.442,2.98e-06,0.1,0.238,123.602,4,gospel,3
5iWARO07W7fW9uaU07zMeT,Cassiane,Harpa Vol.1,Alvo Mais que a Neve,37,345698,False,0.41,0.536,0,-5.55,1,0.0307,0.803,0.0,0.0972,0.224,128.272,4,gospel,3
7GXGxQfT7SSYu2eSduDlIt,Diante do Trono,Preciso de Ti - Diante do Trono 4 (Ao Vivo),Deus de Milagres - Ao Vivo,40,394040,False,0.31,0.386,9,-8.984,1,0.0283,0.714,0.0,0.962,0.137,128.91,4,gospel,3
476aDnrdzh6DQ2Xa4KSSwX,Midian Lima,Não Pare,Soldado Ferido,49,266193,False,0.494,0.672,6,-4.513,1,0.0434,0.222,0.0,0.15,0.237,131.868,4,gospel,3
2bgb0Mohm0BFfbWQqiHxTb,J Neto,A Harpa Cristã (Interpretada por J Neto),A Ovelha Perdida,37,272277,False,0.414,0.241,2,-8.76,1,0.035,0.884,0.0,0.103,0.241,147.548,3,gospel,3
3VSH4Sf48KMwRzt788M5B7,Damares,Apocalipse,Apocalipse,44,402826,False,0.596,0.752,2,-2.41,1,0.0497,0.444,0.0,0.141,0.529,145.961,4,gospel,3
5CyCqSgL6Df4WoXo2eQVcJ,Sarah Beatriz,Eu Creio (Believe For It) [Ao Vivo],Eu Creio (Believe For It) - Ao Vivo,42,421893,False,0.317,0.623,7,-7.461,1,0.0375,0.0341,0.0,0.136,0.154,157.638,4,gospel,3
60U2xgJjlGAMWYN3p49CGU,André e Felipe,Acelera e Pisa (Ao Vivo),Acelera e Pisa - Ao Vivo,41,187720,False,0.673,0.936,0,-4.239,1,0.071,0.143,0.0,0.425,0.855,136.93,4,gospel,3
3kF5VGbKlNlczAm3HCkxpT,Rosa de Saron,Acústico,Do Alto da Pedra,46,279120,False,0.538,0.757,8,-5.622,1,0.037,0.0055,0.0,0.104,0.298,123.914,4,gospel,3
5kE7cZqcTiV6VBDYvltiCG,Paulo Cesar Baruk,Lá,Lá,38,253853,False,0.433,0.799,0,-6.124,1,0.0429,0.00268,4.08e-05,0.0786,0.263,99.943,4,gospel,3
7abcm7Q3r2MKCTttMjIZo4,Sarah Farias,Vivendo a Novidade (Ao Vivo),Deixa Eu Te Usar - Ao Vivo,49,277840,False,0.202,0.629,9,-5.642,1,0.0354,0.195,0.0,0.362,0.285,53.353,4,gospel,3
6JOe8zYE4bM1rIf2y92tij,Aurelina Dourado,Pra Todo Mundo Ouvir,Contagem Regressiva,42,278546,False,0.614,0.73,0,-3.655,1,0.0417,0.681,0.0,0.17,0.658,78.926,4,gospel,3
0Y1At6XhPnxfN3DHmyvN86,Canção & Louvor,Ele Sempre Vem,Ele Sempre Vem,40,286247,False,0.577,0.485,0,-7.608,1,0.0268,0.802,0.0,0.13,0.382,137.865,4,gospel,3
1GkGwEqL9CSRoPelLofyEA,Marine Friesen,Eu Também (100 Bilhões X),So Will I (Eu Também),43,412757,False,0.461,0.597,0,-6.603,1,0.0302,0.00496,0.0,0.174,0.066,127.991,4,gospel,3
0WeHOnIMnwKEoS7DTPx1ho,Paulo Cesar Baruk,Ousado Amor,Ousado Amor,39,354966,False,0.316,0.438,1,-8.891,0,0.0429,0.201,0.0,0.0804,0.185,107.828,4,gospel,3
5qQYeV15IMHX0dqcgLa1zB,Cristo Vivo,Fé em Canto (Acústico),Teu Reino - Acústico,44,326794,False,0.572,0.5,9,-8.48,1,0.029,0.315,3.57e-06,0.574,0.162,135.86,4,gospel,3
6EhGW7loyDD2BwPqeAKvoK,Paulo Cesar Baruk;Leandro Rodrigues,"Piano e Voz, Amigos e Pertences 2 (Ao Vivo)",Tua Forte Mão - Ao Vivo,39,270813,False,0.538,0.532,6,-8.487,0,0.0403,0.519,0.0,0.681,0.336,139.714,4,gospel,3
2uUeFEF4hmM0rjFfvA4nxF,André Valadão,Que Se Abram Os Céus,Que Se Abram Os Céus,44,307944,False,0.608,0.427,2,-9.294,1,0.0289,0.726,0.0,0.0762,0.223,128.041,4,gospel,3
5paYxZJ0mzIfQgAjqlmTma,Os Arrais,Mais,Rojões,40,288226,False,0.191,0.266,0,-11.12,0,0.0343,0.576,2.91e-06,0.107,0.118,70.823,3,gospel,3
0Guk1w70JdJC7wWaWQbPFp,Rose Nascimento,Primeiro Passo,Estou de Pé,41,271013,False,0.499,0.804,2,-2.872,1,0.0707,0.299,0.0,0.286,0.492,152.829,4,gospel,3
5IeDI91m54XmiKmOp3EG95,Deise do Vale,Ele É Deus,Até Quando,41,230200,False,0.568,0.79,2,-5.347,1,0.0548,0.609,0.0,0.262,0.482,156.114,4,gospel,3
0b9EANOIOKnoZ5yAZYO77Z,Gabriel Guedes de Almeida,Tudo é Possível,Tudo é Possível,41,233112,False,0.474,0.671,9,-6.653,1,0.0474,0.0929,0.0,0.447,0.398,123.625,3,gospel,3
2kSJOok9s5sBHzvHWws99S,Sarah Farias;Valesca Mayssa;Stella Laura,Deus Não Vai Parar,Deus Não Vai Parar,40,314026,False,0.454,0.589,5,-4.496,1,0.0283,0.154,1.85e-05,0.368,0.205,135.845,4,gospel,3
574pBc93Hwmzows86H5fSx,Heloisa Rosa,Liberta-Me,Jesus É o Caminho,43,268561,False,0.481,0.409,5,-7.973,1,0.0278,0.0578,0.00238,0.233,0.294,136.008,4,gospel,3
5wTJw7Eu5mi0AqSYyIZLQs,Sarah Farias,Sarah Farias Live Session,O Rosto de Cristo,40,344026,False,0.485,0.582,9,-5.955,1,0.0302,0.156,1.5e-06,0.364,0.199,80.0,4,gospel,3
2cgCsP1m4K4tilrfRw9nM3,Cassiane,Não Posso Desistir,Não Posso Desistir,44,216918,False,0.601,0.541,5,-7.023,1,0.0422,0.319,0.0,0.173,0.348,128.942,4,gospel,3
6WmlPRkJH68P7tmkFuQe3z,Ministério Vineyard,Vem Esta é a Hora,Senhor Te Quero,44,277893,False,0.507,0.676,7,-8.192,1,0.0326,0.677,1.35e-05,0.677,0.513,130.834,4,gospel,3
5KvpILBiZsVkF1h4mtv01f,Casa Worship;Felipe Rodrigues;MOVER,Momentos,Em Tua Presença,39,411800,False,0.421,0.51,5,-8.535,1,0.0288,0.119,0.00041,0.104,0.144,75.025,4,gospel,3
0hD0KWK4te47pXBRJXVbY4,Aline Barros,Deus do Impossível (Ao Vivo em Mojave Desert),Deus do Impossível (Ao Vivo em Mojave Desert),52,209293,False,0.326,0.429,7,-8.561,1,0.0358,0.51,7.85e-06,0.114,0.148,136.186,5,gospel,3
02hiIe9tUYeHw6l2V7H2cC,Gerson Rufino,Enquanto Falam de Mim,Eu Sou Assim,38,230373,False,0.647,0.746,6,-4.013,1,0.058,0.352,0.0,0.119,0.478,146.035,4,gospel,3
1GNYKBI2Pxivz5UdzHvuyv,Gabriel Guedes de Almeida,Não Seremos Abalados,Não Seremos Abalados,39,212837,False,0.482,0.485,9,-12.49,1,0.0444,0.305,0.00178,0.313,0.15,147.922,4,gospel,3
3xWvJFBaEMVZPwIzkO6nBo,Nívea Soares,Eu Me Alegrarei (Ao Vivo),Eu Me Alegrarei - Ao Vivo,38,278913,False,0.579,0.826,2,-8.951,1,0.0367,0.00194,1.24e-05,0.707,0.4,128.02,4,gospel,3
1QPj2hLuGuxqU8bHlUoUNS,Fernandinho;André Leono;Lito Atalaia,Esperarei com Paciência,Esperarei Com Paciência,38,329500,False,0.336,0.449,3,-13.598,1,0.0325,0.654,4.9e-06,0.174,0.285,74.723,4,gospel,3
47cudeVXxwlOYQal03mNSl,Discopraise,"Palavra, Som e Poder (Ao Vivo)",Favor de Deus - Ao Vivo,39,279026,False,0.243,0.619,5,-6.287,1,0.0336,0.0952,5e-06,0.563,0.084,143.609,4,gospel,3
3L4SkcXhs1r1zeTi3gskdp,Valesca Mayssa;Kellen Byanca,Árvore Cortada,Árvore Cortada - Acústico,42,425460,False,0.394,0.585,5,-6.088,1,0.0398,0.461,0.0,0.136,0.351,139.945,4,gospel,3
3pokn36QTs6Gse8YBOffxv,Vanilda Bordieri,Pra Deus É Nada,Sem Palavras,40,289560,False,0.339,0.685,2,-4.203,1,0.0393,0.126,0.0,0.18,0.38,139.547,4,gospel,3
27kYyisy1Or7SFxUdyWZIL,Fernanda Brum,Quebrantado Coração,O Amor Que Cura,38,256255,False,0.647,0.362,11,-7.677,1,0.0312,0.687,0.0,0.111,0.183,100.194,4,gospel,3
4kMTTP73Xg6fuczRWyMyuY,Central 3;Gabriela Maganete;Gabriela Rocha,Emanuel (Ao Vivo),Emanuel - Ao Vivo,41,403541,False,0.39,0.486,5,-9.546,1,0.032,0.0362,0.0,0.953,0.247,137.854,4,gospel,3
5u9OEVZhW70Dt59Y592rsN,Gerson Rufino,Enquanto Falam de Mim,O Valor Do Homem,39,227933,False,0.714,0.655,9,-5.953,1,0.0298,0.224,0.0,0.375,0.54,105.034,4,gospel,3
7tyNbkpB4b2oGjbv3gEbaP,Jay Mohr,Happy. And A Lot.,Similar Hates,19,220303,False,0.555,0.51,9,-18.472,1,0.948,0.82,0.0,0.375,0.379,82.584,4,comedy,3
54dBIT0ZVJr0IsJvuRbatY,Froggy Fresh,Motorcycle Man,Motorcycle Man,21,171038,False,0.606,0.664,0,-8.122,1,0.0815,0.398,0.0,0.177,0.164,87.496,4,comedy,3
7h1M1ps2wabHYP0Zorahny,David Cross,"Oh, Come On",One Can Only Dream,21,342082,True,0.597,0.468,10,-17.324,1,0.934,0.433,0.0,0.371,0.627,86.006,4,comedy,3
4dEHoYm7PdImCzNNSXcsl0,Micky Flanagan,Back In the Game,Day Alone,20,534353,True,0.491,0.862,4,-15.805,1,0.919,0.806,0.0,0.462,0.138,130.247,3,comedy,3
2XdwvVyTcgHSLRJT48gElr,Kyle Kinane,"""I Liked His Old Stuff Better""",This Track Is Not Called Fuck Tha Police,28,347285,True,0.592,0.674,7,-5.257,1,0.915,0.715,0.0,0.469,0.576,86.882,4,comedy,3
00ZyULMuJ9Jn4mUnlnMdin,Big Jay Oakerson,Live at Webster Hall,Lazy (It Runs in the Family),21,229665,True,0.477,0.739,2,-13.15,1,0.947,0.898,0.0,0.77,0.481,85.671,4,comedy,3
4uPOZjjtf8hwD7uxArwVh4,"""Weird Al"" Yankovic","The Essential ""Weird Al"" Yankovic","Trapped In the Drive-Thru (Parody of ""Trapped In The Closet"" by R. Kelly)",24,650986,False,0.751,0.503,4,-8.998,1,0.088,0.46,0.0,0.222,0.692,108.061,4,comedy,3
3okRMdTEsx6H6WpMpI7NKB,Martin Lawrence,Doin' Time: Uncut,America's Dad,23,259149,True,0.561,0.377,9,-22.968,1,0.954,0.642,0.0,0.854,0.207,87.555,4,comedy,3
1NshHftLkdJcrMnCNqQf3U,Hva Snakker Du Om?;Anders Matthesen;Bossy Bo,Den Ka' Byttes V:O:L:01:00,Matros I Skumsprøjt Med Stormvejr og Stiv Kuling I Ramsaltet Rum Sø,23,35293,False,0.698,0.438,2,-11.355,1,0.705,0.698,0.0,0.444,0.691,139.707,3,comedy,3
4TzepkpQAk3NtcD4I5wzMC,Todd Glass,Todd Glass Talks About Stuff,The Leisure Class,21,239280,True,0.536,0.927,4,-3.28,0,0.904,0.876,0.0,0.831,0.563,97.645,4,comedy,3
5y4dDCPJlGpJY4HCQmbTu1,Brian Regan,Live from Radio City Music Hall,Airport Music,21,193455,False,0.557,0.794,1,-10.249,1,0.949,0.948,8.34e-06,0.743,0.137,48.023,4,comedy,3
1JjQ0vNVatTsOYL6plWAo9,Jeff Foxworthy,We've Been Thinking,Facts of Life,29,606023,False,0.581,0.879,0,-10.652,1,0.947,0.794,0.0,0.963,0.144,106.192,4,comedy,3
4Orpk1jAgBs0Mo7h43ibJl,Kenn Kington,I Am Dad,Me We She We,21,82348,False,0.586,0.31,9,-21.647,1,0.93,0.942,0.0,0.686,0.258,99.566,5,comedy,3
5YgvSFOxDokWxhSYFzOdsF,"Joey ""CoCo"" Diaz",Sociably Unacceptable,The Bubble Guy,21,276335,True,0.671,0.712,2,-11.608,1,0.94,0.816,0.0,0.759,0.7,63.001,3,comedy,3
4ljapUYfjlL3Cp7fduR5NV,Mike Birbiglia,My Girlfriend's Boyfriend,Hi,24,121453,False,0.619,0.566,10,-10.768,0,0.949,0.854,0.0,0.759,0.438,92.895,3,comedy,3
52Y0rO7U3LoXL3ydMzW3N9,Kathleen Madigan,Bothering Jesus,Noodling,22,206463,False,0.511,0.864,9,-6.954,0,0.658,0.782,0.0,0.81,0.407,137.176,3,comedy,3
60VtX59NsRINDnObbDtH7G,The Lonely Island;Justin Timberlake,Incredibad,Dick In A Box,51,161053,True,0.542,0.699,8,-6.029,1,0.306,0.401,0.0,0.105,0.687,76.391,4,comedy,3
1nmVmuXlPUv1HJcsdvWV7h,Dan Cummins,Get Outta Here; Devil!,"Are My ""R's"" Clear Now?",26,225230,True,0.576,0.673,7,-12.55,1,0.957,0.648,0.0,0.91,0.414,79.786,3,comedy,3
28OXkg6WmSeWnUHEqIZtD3,Rhod Gilbert,Rhod Gilbert and The Award-Winning Mince Pie,Escape to Afghanistan,21,540030,False,0.51,0.828,1,-9.211,1,0.923,0.801,0.0,0.868,0.57,81.499,4,comedy,3
5Ymz3kWCEMgY5D7mNaRAZ6,Billy Gardell,Halftime,Spirituality,22,407253,True,0.481,0.951,1,-11.609,1,0.931,0.801,0.0,0.945,0.0378,142.093,4,comedy,3
4DEcdqqKokU7UAE4wCGQEy,Monty Python,Monty Python Sings,Always Look On The Bright Side Of Life,60,215333,True,0.669,0.535,2,-12.36,1,0.0972,0.432,0.0,0.208,0.739,120.071,4,comedy,3
2hhFpD32iXUd4GaCu6T4wn,Jon Lajoie,You Want Some of This?,Everyday Normal Guy 2,75,195693,True,0.823,0.731,3,-4.273,1,0.307,0.42,0.0,0.306,0.876,90.302,4,comedy,3
1UeNDtSqYRs8ELLsyFA5kg,Chas & Dave,Gertcha! The EMI Years,Gertcha - 2005 Remaster,24,230946,False,0.738,0.942,0,-6.058,1,0.0441,0.197,0.0,0.0996,0.977,139.193,4,comedy,3
6KxbHBskjC5Kdc5MPYSsOQ,1 Trait Danger,1 Trait Bangers,BACK UP (He's the Man),21,204000,True,0.693,0.679,9,-5.452,1,0.43,0.0727,0.0,0.176,0.693,159.9,4,comedy,3
7u9TVTUA8uMjoZzTFThl4u,Stephen Lynch,My Old Heart,My Old Heart,22,314480,True,0.668,0.203,4,-10.825,1,0.0298,0.889,0.00025,0.104,0.217,138.812,4,comedy,3
0AsvpslV90aXT9gcNXaLos,Chingo Bling,The Menudo Mix,Menudo Menudo,23,192328,True,0.64,0.659,4,-5.623,0,0.195,0.323,0.0,0.8,0.802,180.059,4,comedy,3
0Ln5P9KpJoUzhBdi8ufoQ2,Max Boyce,The Very Best Of Max Boyce,Hymns and Arias - Live at Treorchy,22,588666,False,0.466,0.367,3,-15.146,1,0.449,0.817,0.0,0.906,0.443,104.762,3,comedy,3
4BB3ZRYYwRlBzNj6WUVrUj,Louis Katz,If These Balls Could Talk,Weird Sex Moves,20,104760,True,0.502,0.895,11,-4.932,1,0.731,0.884,0.0,0.94,0.556,122.856,3,comedy,3
4LKwfNItOlbKVe3PBzRF18,Pink Guy,Pink Season,Dora the Explora,38,144186,True,0.871,0.332,10,-9.524,1,0.652,0.0811,5.09e-06,0.375,0.296,145.846,4,comedy,3
4sAp2fCkqlJExrPZsgGDPm,Kevin Bloody Wilson,What's Donald Gonna Do Today?,What's Donald Gonna Do Today?,23,216545,False,0.752,0.638,4,-6.436,1,0.102,0.576,0.0,0.113,0.865,85.011,4,comedy,3
0sO53kgvUZFEu8Tqne6T7N,Iliza Shlesinger,War Paint,Girl Gps,25,281448,True,0.676,0.951,9,-6.01,1,0.94,0.832,0.0,0.66,0.251,85.72,4,comedy,3
1yEODXY84WoEl9hS0t1B8v,Stephen Lynch,Superhero,"Bowling Song (Almighty Malachi, Professional Bowling God)",25,300613,True,0.493,0.691,2,-6.872,0,0.202,0.493,0.0,0.99,0.76,127.059,4,comedy,3
5H6kWqws4e4bYnMwaBxQOD,Ralphie May,Just Correct,Introduction,27,52178,True,0.317,0.869,7,-12.035,1,0.524,0.927,0.000869,0.957,0.119,116.889,5,comedy,3
1nMS0uQQSx904GOWYyvibX,Martin Lawrence,Doin' Time: Uncut,Driving While High,22,264695,True,0.53,0.532,1,-22.54,1,0.949,0.692,0.0,0.948,0.0955,99.829,5,comedy,3
0WnUB48NWIl4R96uGuF2XQ,The Lonely Island,Incredibad,Jizz In My Pants,53,151346,True,0.641,0.87,7,-7.175,1,0.213,0.000468,1.4e-05,0.618,0.199,122.016,4,comedy,3
4FRLOjBRNvuc3Lvcz345C3,Ryan Sickler,Above Ground Cool,CAIDS,22,146880,False,0.463,0.897,9,-7.447,0,0.912,0.828,0.0,0.75,0.353,95.292,4,comedy,3
4NCdJLed3VyG7C0lu5H9V1,David Spade,My Fake Problems,Drinking and Driving,20,343243,True,0.563,0.89,6,-6.652,1,0.923,0.791,0.0,0.831,0.309,77.896,5,comedy,3
0DqyL7RaHE6Bx6T4BTVYru,Patton Oswalt,Finest Hour,The Best Argument Against Gay Marriage,23,147813,True,0.572,0.953,0,-4.341,1,0.922,0.782,0.0,0.683,0.212,146.213,3,comedy,3
0bHGQ9mXqbhi83wYILF8AK,Dan Cummins,Get Outta Here; Devil!,Weirdest Spanking,26,219450,True,0.588,0.706,6,-13.119,0,0.957,0.672,0.0,0.865,0.491,81.222,4,comedy,3
2U5seysahayD1UCowxOIQt,Adam Sandler;8 Crazy Nights Cast;Blake Clark;Kevin Farley;Tom Kenny;Lari Friedman;Jared Sandler;Jillian Sandler;Dylan Sprouse;Carl Weathers;Tyra Banks;Cole Sprouse;Ann Wilson;Richard Page,Eight Crazy Nights (Original Movie Soundtrack),"Intervention Song (with Blake Clark, Kevin Farley, Tom Kenny, Lari Friedman, Jared Sandler, Jillian Sandler, Dylan Sprouse, Carl Weathers, Tyra Banks, Cole Sprouse, Ann Wilson & Richard Page)",22,153493,False,0.558,0.616,4,-8.308,1,0.129,0.506,0.0,0.895,0.262,94.277,4,comedy,3
3FNM2q8Z42grRIAIME2yU1,Robert Schimmel,Life Since Then,The Avn Awards,19,319293,True,0.512,0.554,1,-18.061,1,0.952,0.89,2.16e-06,0.51,0.311,93.091,3,comedy,3
0uguTAc0yJY2vfmqiuYoob,Pink Guy,Pink Season,セックス大好き,51,142760,True,0.804,0.676,9,-3.749,1,0.236,0.102,0.0,0.235,0.485,89.984,4,comedy,3
7tz87ist9Re3wiMwrxKSI6,Kyle Kinane,Loose in Chicago,Natural Flavorings and Coloring,26,614107,True,0.604,0.661,1,-8.698,0,0.94,0.833,0.0,0.944,0.328,128.571,3,comedy,3
5PEleSkK4p4E1sx3x7cOLt,The Lonely Island;Akon,Turtleneck & Chain (Explicit Version),I Just Had Sex,63,166560,True,0.615,0.811,6,-4.316,1,0.144,0.0188,0.0,0.196,0.808,167.995,4,comedy,3
2jzB49PMeQHm41FLj7uFhJ,Dana Gould,I Know It's Wrong,Anything Can Be Funny,20,358080,True,0.385,0.96,6,-7.55,1,0.927,0.874,0.0,0.772,0.0974,81.143,3,comedy,3
0IaR6HCEObaHxA52i0fdKU,The Lonely Island,Turtleneck & Chain (Explicit Version),Threw It On The Ground,49,158520,False,0.655,0.817,8,-4.286,1,0.346,0.00106,1.38e-05,0.066,0.671,129.738,4,comedy,3
4Etk7YJv4vOAA4ekfRhxbf,Ian Bagg,Conversations,The Intern,21,257184,True,0.43,0.902,5,-10.702,1,0.925,0.932,5.11e-06,0.93,0.238,95.233,3,comedy,3
1CeRKY1UgQYgoxw3w9PXiv,George Lopez,"It's Not Me, It's You",Ethnic Shopping,21,171973,True,0.412,0.973,5,-6.464,0,0.868,0.889,7.92e-06,0.943,0.0379,103.237,4,comedy,3
0KTja597ZMQUsQuUljoCX4,Pink Guy,Pink Season,Meme Machine,40,130720,True,0.882,0.384,6,-8.102,0,0.386,0.173,0.0,0.0747,0.437,76.805,4,comedy,3
1hCOFdGunts9kWLFdXNeBf,"Joey ""CoCo"" Diaz",Sociably Unacceptable,Consequences,21,207092,True,0.653,0.623,8,-12.559,0,0.927,0.796,0.0,0.794,0.677,119.08,3,comedy,3
